Unnamed: 0_level_0_Rk,Unnamed: 1_level_0_Player,Unnamed: 2_level_0_Nation,Unnamed: 3_level_0_Pos,Unnamed: 4_level_0_Squad,Unnamed: 5_level_0_Age,Unnamed: 6_level_0_Born,Playing Time_MP,Playing Time_Starts,Playing Time_Min,Playing Time_90s,Performance_Gls,Performance_Ast,Performance_G+A,Performance_G-PK,Performance_PK,Performance_PKatt,Performance_CrdY,Performance_CrdR,Per 90 Minutes_Gls,Per 90 Minutes_Ast,Per 90 Minutes_G+A,Per 90 Minutes_G-PK,Per 90 Minutes_G+A-PK,Unnamed: 24_level_0_Matches,league_tag,season_tag,Standard_Sh,Standard_SoT,Standard_SoT%,Standard_Sh/90,Standard_SoT/90,Standard_G/Sh,Standard_G/SoT,Performance_GA,Performance_GA90,Performance_SoTA,Performance_Saves,Performance_Save%,Performance_CS,Performance_CS%,Penalty Kicks_Save%
1,Zakaria Aboukhlal,ma MAR,MF,Torino,25,2000,15,6,511,5.7,0,0,0,0,0,0,4,0,0.00,0.00,0.00,0.00,0.00,Matches,Serie A,2025-26,7,2,28.6,1.23,0.35,0.00,0.00,,,,,,,,
2,Francesco Acerbi,it ITA,DF,Inter,37,1988,18,15,1378,15.3,0,1,1,0,0,0,3,0,0.00,0.07,0.07,0.00,0.07,Matches,Serie A,2025-26,3,1,33.3,0.20,0.07,0.00,0.00,,,,,,,,
3,Ché Adams,sct SCO,FW,Torino,29,1996,33,19,1893,21.0,6,2,8,6,0,0,0,0,0.29,0.10,0.38,0.29,0.38,Matches,Serie A,2025-26,53,18,34.0,2.52,0.86,0.11,0.33,,,,,,,,
4,Jayden Addai,nl NED,MF,Como,19,2005,12,7,686,7.6,3,0,3,3,0,0,4,0,0.39,0.00,0.39,0.39,0.39,Matches,Serie A,2025-26,13,6,46.2,1.71,0.79,0.23,0.50,,,,,,,,
5,Vasilije Adžić,me MNE,MF,Juventus,19,2006,10,1,171,1.9,1,0,1,1,0,0,0,0,0.53,0.00,0.53,0.53,0.53,Matches,Serie A,2025-26,6,4,66.7,3.16,2.11,0.17,0.25,,,,,,,,
6,Michel Aebischer,ch SUI,MF,Pisa,28,1997,35,33,2892,32.1,1,2,3,1,0,0,8,0,0.03,0.06,0.09,0.03,0.09,Matches,Serie A,2025-26,19,5,26.3,0.59,0.16,0.05,0.20,,,,,,,,
7,Honest Ahanor,it ITA,DF,Atalanta,17,2008,22,15,1377,15.3,0,0,0,0,0,0,2,1,0.00,0.00,0.00,0.00,0.00,Matches,Serie A,2025-26,13,4,30.8,0.85,0.26,0.00,0.00,,,,,,,,
8,Junior Ajayi,ci CIV,FW,Hellas Verona,20,2004,1,0,1,0.0,0,0,0,0,0,0,0,0,0.00,0.00,0.00,0.00,0.00,Matches,Serie A,2025-26,0,0,,0.00,0.00,,,,,,,,,,
9,Manuel Akanji,ch SUI,DF,Inter,30,1995,33,31,2821,31.3,2,0,2,2,0,0,4,0,0.06,0.00,0.06,0.06,0.06,Matches,Serie A,2025-26,23,6,26.1,0.73,0.19,0.09,0.33,,,,,,,,
10,Ebenezer Akinsanmiro,ng NGA,MF,Pisa,20,2004,24,16,1444,16.0,0,1,1,0,0,0,2,0,0.00,0.06,0.06,0.00,0.06,Matches,Serie A,2025-26,13,3,23.1,0.81,0.19,0.00,0.00,,,,,,,,
11,Jean-Daniel Akpa-Akpro,ci CIV,MF,Hellas Verona,32,1992,22,17,1504,16.7,1,0,1,1,0,0,9,0,0.06,0.00,0.06,0.06,0.06,Matches,Serie A,2025-26,13,4,30.8,0.78,0.24,0.08,0.25,,,,,,,,
12,Al-Musrati,ly LBY,MF,Hellas Verona,29,1996,18,8,844,9.4,0,1,1,0,0,0,6,1,0.00,0.11,0.11,0.00,0.11,Matches,Serie A,2025-26,9,1,11.1,0.96,0.11,0.00,0.00,,,,,,,,
13,Agustín Albarracín,uy URU,FW,Cagliari,19,2005,2,0,33,0.4,0,0,0,0,0,0,0,0,0.00,0.00,0.00,0.00,0.00,Matches,Serie A,2025-26,0,0,,0.00,0.00,,,,,,,,,,
14,Raúl Albiol,es ESP,DF,Pisa,39,1985,8,5,500,5.6,0,1,1,0,0,0,1,0,0.00,0.18,0.18,0.00,0.18,Matches,Serie A,2025-26,1,0,0.0,0.18,0.00,0.00,,,,,,,,,
15,Pontus Almqvist,se SWE,MF,Parma,26,1999,13,4,457,5.1,0,1,1,0,0,0,0,0,0.00,0.20,0.20,0.00,0.20,Matches,Serie A,2025-26,5,2,40.0,0.98,0.39,0.00,0.00,,,,,,,,
16,Giuseppe Ambrosino,it ITA,FW,Napoli,21,2003,3,0,38,0.4,0,0,0,0,0,0,0,0,0.00,0.00,0.00,0.00,0.00,Matches,Serie A,2025-26,0,0,,0.00,0.00,,,,,,,,,,
17,Amorim,br BRA,MF,Genoa,20,2005,11,6,552,6.1,0,0,0,0,0,0,1,0,0.00,0.00,0.00,0.00,0.00,Matches,Serie A,2025-26,2,0,0.0,0.33,0.00,0.00,,,,,,,,,
18,Nícolas Andrade,br BRA,GK,Pisa,37,1988,6,6,540,6.0,0,0,0,0,0,0,0,0,0.00,0.00,0.00,0.00,0.00,Matches,Serie A,2025-26,0,0,,0.00,0.00,,,14,2.33,26,12,46.2,0,0.0,
19,Angeliño,es ESP,MF,Roma,28,1997,7,5,416,4.6,0,0,0,0,0,0,2,0,0.00,0.00,0.00,0.00,0.00,Matches,Serie A,2025-26,5,2,40.0,1.08,0.43,0.00,0.00,,,,,,,,
20,Samuele Angori,it ITA,MF,Pisa,21,2003,35,30,2599,28.9,0,2,2,0,0,0,2,0,0.00,0.07,0.07,0.00,0.07,Matches,Serie A,2025-26,14,3,21.4,0.48,0.10,0.00,0.00,,,,,,,,
21,Frank Anguissa,cm CMR,MF,Napoli,29,1995,18,14,1258,14.0,4,1,5,4,0,0,1,0,0.29,0.07,0.36,0.29,0.36,Matches,Serie A,2025-26,23,9,39.1,1.65,0.64,0.17,0.44,,,,,,,,
22,Faustino Anjorin,eng ENG,MF,Torino,23,2001,15,1,289,3.2,0,0,0,0,0,0,1,0,0.00,0.00,0.00,0.00,0.00,Matches,Serie A,2025-26,4,1,25.0,1.25,0.31,0.00,0.00,,,,,,,,
23,Antonio Arena,it ITA,FW,Roma,16,2009,2,0,23,0.3,0,0,0,0,0,0,0,0,0.00,0.00,0.00,0.00,0.00,Matches,Serie A,2025-26,2,0,0.0,7.83,0.00,0.00,,,,,,,,,
24,Juan Arizala,co COL,MF,Udinese,19,2005,10,1,191,2.1,0,0,0,0,0,0,0,0,0.00,0.00,0.00,0.00,0.00,Matches,Serie A,2025-26,1,1,100.0,0.47,0.47,0.00,0.00,,,,,,,,
25,Kristjan Asllani,al ALB,MF,Torino,23,2002,15,13,1129,12.5,0,0,0,0,0,1,3,0,0.00,0.00,0.00,0.00,0.00,Matches,Serie A,2025-26,20,4,20.0,1.59,0.32,0.00,0.00,,,,,,,,
26,Zachary Athekame,ch SUI,"MF,DF",Milan,20,2004,27,7,833,9.3,2,2,4,2,0,0,3,0,0.22,0.22,0.43,0.22,0.43,Matches,Serie A,2025-26,13,4,30.8,1.40,0.43,0.15,0.50,,,,,,,,
27,Arthur Atta,fr FRA,MF,Udinese,22,2003,32,29,2557,28.4,5,3,8,5,0,0,3,0,0.18,0.11,0.28,0.18,0.28,Matches,Serie A,2025-26,57,20,35.1,2.01,0.70,0.09,0.25,,,,,,,,
28,Emil Audero,id IDN,GK,Cremonese,28,1997,34,34,3060,34.0,0,0,0,0,0,0,0,0,0.00,0.00,0.00,0.00,0.00,Matches,Serie A,2025-26,0,0,,0.00,0.00,,,50,1.47,173,123,71.1,11,32.4,33.3
29,Carlos Augusto,br BRA,"MF,DF",Inter,26,1999,34,18,1763,19.6,1,1,2,1,0,0,6,0,0.05,0.05,0.10,0.05,0.10,Matches,Serie A,2025-26,20,6,30.0,1.02,0.31,0.05,0.17,,,,,,,,
30,Yann Aurel Bisseck,de GER,DF,Inter,24,2000,23,21,1922,21.4,3,1,4,3,0,0,2,0,0.14,0.05,0.19,0.14,0.19,Matches,Serie A,2025-26,25,12,48.0,1.17,0.56,0.12,0.25,,,,,,,,
31,Neil El Aynaoui,ma MAR,MF,Roma,24,2001,25,8,999,11.1,1,2,3,1,0,0,5,0,0.09,0.18,0.27,0.09,0.27,Matches,Serie A,2025-26,6,4,66.7,0.54,0.36,0.17,0.25,,,,,,,,
32,Leon Bailey,jm JAM,FW,Roma,27,1997,7,1,186,2.1,0,0,0,0,0,0,0,0,0.00,0.00,0.00,0.00,0.00,Matches,Serie A,2025-26,3,1,33.3,1.45,0.48,0.00,0.00,,,,,,,,
33,Mitchel Bakker,nl NED,"DF,MF",Atalanta,25,2000,1,0,9,0.1,0,0,0,0,0,0,0,0,0.00,0.00,0.00,0.00,0.00,Matches,Serie A,2025-26,0,0,,0.00,0.00,,,,,,,,,,
34,Darryl Bakola,fr FRA,MF,Sassuolo,17,2007,6,1,128,1.4,0,1,1,0,0,0,0,0,0.00,0.70,0.70,0.00,0.70,Matches,Serie A,2025-26,3,1,33.3,2.11,0.70,0.00,0.00,,,,,,,,
35,Luís Balbo,ve VEN,DF,Fiorentina,19,2006,6,1,212,2.4,0,0,0,0,0,0,0,0,0.00,0.00,0.00,0.00,0.00,Matches,Serie A,2025-26,0,0,,0.00,0.00,,,,,,,,,,
36,Tommaso Baldanzi,it ITA,MF,Genoa,22,2003,8,5,399,4.4,0,2,2,0,0,0,0,0,0.00,0.45,0.45,0.00,0.45,Matches,Serie A,2025-26,9,3,33.3,2.03,0.68,0.00,0.00,,,,,,,,
37,Tommaso Baldanzi,it ITA,"FW,MF",Roma,22,2003,10,3,386,4.3,1,0,1,1,0,0,2,0,0.23,0.00,0.23,0.23,0.23,Matches,Serie A,2025-26,11,4,36.4,2.56,0.93,0.09,0.25,,,,,,,,
38,Lameck Banda,zm ZAM,"MF,FW",Lecce,24,2001,32,21,1752,19.5,5,4,9,5,0,0,6,1,0.26,0.21,0.46,0.26,0.46,Matches,Serie A,2025-26,38,15,39.5,1.95,0.77,0.13,0.33,,,,,,,,
39,Tommaso Barbieri,it ITA,MF,Cremonese,22,2002,29,18,1707,19.0,0,1,1,0,0,0,8,0,0.00,0.05,0.05,0.00,0.05,Matches,Serie A,2025-26,16,2,12.5,0.84,0.11,0.00,0.00,,,,,,,,
40,Nicolò Barella,it ITA,MF,Inter,28,1997,34,31,2517,28.0,3,8,11,3,0,0,7,0,0.11,0.29,0.39,0.11,0.39,Matches,Serie A,2025-26,35,5,14.3,1.25,0.18,0.09,0.60,,,,,,,,
41,Davide Bartesaghi,it ITA,"MF,DF",Milan,19,2005,31,27,2441,27.1,2,0,2,2,0,0,3,0,0.07,0.00,0.07,0.07,0.07,Matches,Serie A,2025-26,22,7,31.8,0.81,0.26,0.09,0.29,,,,,,,,
42,Federico Baschirotto,it ITA,DF,Cremonese,28,1996,29,29,2540,28.2,2,0,2,2,0,0,2,0,0.07,0.00,0.07,0.07,0.07,Matches,Serie A,2025-26,12,5,41.7,0.43,0.18,0.17,0.40,,,,,,,,
43,Toma Bašić,hr CRO,MF,Lazio,28,1996,23,23,1735,19.3,2,3,5,2,0,0,0,1,0.10,0.16,0.26,0.10,0.26,Matches,Serie A,2025-26,30,12,40.0,1.56,0.62,0.07,0.17,,,,,,,,
44,Alessandro Bastoni,it ITA,DF,Inter,26,1999,28,28,2239,24.9,1,4,5,1,0,0,6,0,0.04,0.16,0.20,0.04,0.20,Matches,Serie A,2025-26,17,8,47.1,0.68,0.32,0.06,0.13,,,,,,,,
45,Martin Baturina,hr CRO,"MF,FW",Como,22,2003,29,17,1569,17.4,6,3,9,6,0,0,0,0,0.34,0.17,0.52,0.34,0.52,Matches,Serie A,2025-26,28,9,32.1,1.61,0.52,0.21,0.67,,,,,,,,
46,Vakoun Bayo,ci CIV,FW,Udinese,28,1997,15,4,453,5.0,0,2,2,0,0,0,0,0,0.00,0.40,0.40,0.00,0.40,Matches,Serie A,2025-26,14,2,14.3,2.78,0.40,0.00,0.00,,,,,,,,
47,Tjaš Begić,si SVN,MF,Parma,22,2003,1,0,1,0.0,0,0,0,0,0,0,0,0,0.00,0.00,0.00,0.00,0.00,Matches,Serie A,2025-26,0,0,,0.00,0.00,,,,,,,,,,
48,Reda Belahyane,ma MAR,MF,Lazio,21,2004,13,5,609,6.8,0,2,2,0,0,0,1,1,0.00,0.30,0.30,0.00,0.30,Matches,Serie A,2025-26,3,1,33.3,0.44,0.15,0.00,0.00,,,,,,,,
49,Rafik Belghali,dz ALG,MF,Hellas Verona,23,2002,26,22,1920,21.3,2,0,2,2,0,0,6,0,0.09,0.00,0.09,0.09,0.09,Matches,Serie A,2025-26,21,6,28.6,0.98,0.28,0.10,0.33,,,,,,,,
50,Armel Bella Kotchap,de GER,DF,Hellas Verona,23,2001,19,14,1347,15.0,0,0,0,0,0,0,3,0,0.00,0.00,0.00,0.00,0.00,Matches,Serie A,2025-26,3,0,0.0,0.20,0.00,0.00,,,,,,,,,
51,Raoul Bellanova,it ITA,MF,Atalanta,25,2000,24,15,1377,15.3,0,1,1,0,0,0,2,0,0.00,0.07,0.07,0.00,0.07,Matches,Serie A,2025-26,13,5,38.5,0.85,0.33,0.00,0.00,,,,,,,,
52,Andrea Belotti,it ITA,FW,Cagliari,31,1993,8,3,221,2.5,2,0,2,1,1,1,0,0,0.81,0.00,0.81,0.41,0.41,Matches,Serie A,2025-26,6,4,66.7,2.44,1.63,0.17,0.25,,,,,,,,
53,Adrian Benedyczak,pl POL,FW,Parma,24,2000,14,5,490,5.4,1,1,2,0,1,1,1,0,0.18,0.18,0.37,0.00,0.18,Matches,Serie A,2025-26,8,3,37.5,1.47,0.55,0.00,0.00,,,,,,,,
54,Domenico Berardi,it ITA,FW,Sassuolo,30,1994,26,24,1958,21.8,8,4,12,6,2,3,2,1,0.37,0.18,0.55,0.28,0.46,Matches,Serie A,2025-26,40,21,52.5,1.84,0.97,0.15,0.29,,,,,,,,
55,Medon Berisha,al ALB,MF,Lecce,21,2003,13,12,871,9.7,2,3,5,2,0,0,0,0,0.21,0.31,0.52,0.21,0.52,Matches,Serie A,2025-26,24,5,20.8,2.48,0.52,0.08,0.40,,,,,,,,
56,Adrian Bernabe,es ESP,MF,Parma,24,2001,32,31,2470,27.4,3,1,4,3,0,0,0,0,0.11,0.04,0.15,0.11,0.15,Matches,Serie A,2025-26,50,12,24.0,1.82,0.44,0.06,0.25,,,,,,,,
57,Federico Bernardeschi,it ITA,"MF,FW",Bologna,31,1994,29,12,1217,13.5,4,2,6,3,1,1,3,0,0.30,0.15,0.44,0.22,0.37,Matches,Serie A,2025-26,39,13,33.3,2.88,0.96,0.08,0.23,,,,,,,,
58,Lorenzo Bernasconi,it ITA,MF,Atalanta,21,2003,23,17,1572,17.5,0,3,3,0,0,0,3,0,0.00,0.17,0.17,0.00,0.17,Matches,Serie A,2025-26,9,1,11.1,0.52,0.06,0.00,0.00,,,,,,,,
59,Antoine Bernede,fr FRA,MF,Hellas Verona,26,1999,32,29,2301,25.6,1,2,3,1,0,0,2,0,0.04,0.08,0.12,0.04,0.12,Matches,Serie A,2025-26,21,4,19.0,0.82,0.16,0.05,0.25,,,,,,,,
60,Nicolò Bertola,it ITA,"DF,MF",Udinese,22,2003,28,18,1763,19.6,0,1,1,0,0,0,3,0,0.00,0.05,0.05,0.00,0.05,Matches,Serie A,2025-26,13,4,30.8,0.66,0.20,0.00,0.00,,,,,,,,
61,Brando Bettazzi,it ITA,MF,Pisa,17,2007,1,0,14,0.2,0,0,0,0,0,0,0,0,0.00,0.00,0.00,0.00,0.00,Matches,Serie A,2025-26,0,0,,0.00,0.00,,,,,,,,,,
62,Sam Beukema,nl NED,DF,Napoli,26,1998,24,18,1681,18.7,2,0,2,2,0,0,2,0,0.11,0.00,0.11,0.11,0.11,Matches,Serie A,2025-26,8,4,50.0,0.43,0.21,0.25,0.50,,,,,,,,
63,Matteo Bianchetti,it ITA,DF,Cremonese,32,1993,27,25,2192,24.4,0,2,2,0,0,0,4,0,0.00,0.08,0.08,0.00,0.08,Matches,Serie A,2025-26,7,1,14.3,0.29,0.04,0.00,0.00,,,,,,,,
64,Justin Bijlow,nl NED,GK,Genoa,27,1998,16,16,1395,15.5,0,0,0,0,0,0,1,0,0.00,0.00,0.00,0.00,0.00,Matches,Serie A,2025-26,0,0,,0.00,0.00,,,20,1.29,65,45,69.2,5,31.3,0.0
65,Cristiano Biraghi,it ITA,"MF,DF",Torino,32,1992,14,5,517,5.7,0,0,0,0,0,0,0,0,0.00,0.00,0.00,0.00,0.00,Matches,Serie A,2025-26,2,0,0.0,0.35,0.00,0.00,,,,,,,,,
66,Jeremie Boga,ci CIV,"MF,FW",Juventus,28,1997,15,6,679,7.5,4,0,4,4,0,0,1,0,0.53,0.00,0.53,0.53,0.53,Matches,Serie A,2025-26,24,12,50.0,3.18,1.59,0.17,0.33,,,,,,,,
67,Daniel Boloca,ro ROU,MF,Sassuolo,26,1998,2,2,135,1.5,0,0,0,0,0,0,0,0,0.00,0.00,0.00,0.00,0.00,Matches,Serie A,2025-26,2,0,0.0,1.33,0.00,0.00,,,,,,,,,
68,Federico Bonazzoli,it ITA,FW,Cremonese,28,1997,35,31,2510,27.9,10,1,11,7,3,3,4,0,0.36,0.04,0.39,0.25,0.29,Matches,Serie A,2025-26,75,32,42.7,2.69,1.15,0.09,0.22,,,,,,,,
69,Warren Bondo,fr FRA,MF,Cremonese,21,2003,27,22,1762,19.6,0,0,0,0,0,0,5,0,0.00,0.00,0.00,0.00,0.00,Matches,Serie A,2025-26,8,2,25.0,0.41,0.10,0.00,0.00,,,,,,,,
70,Giovanni Bonfanti,it ITA,"DF,MF",Pisa,22,2003,9,6,494,5.5,0,0,0,0,0,0,1,0,0.00,0.00,0.00,0.00,0.00,Matches,Serie A,2025-26,6,1,16.7,1.09,0.18,0.00,0.00,,,,,,,,
71,Ange-Yoan Bonny,ci CIV,FW,Inter,21,2003,33,10,1142,12.7,5,4,9,5,0,0,1,0,0.39,0.32,0.71,0.39,0.71,Matches,Serie A,2025-26,22,9,40.9,1.73,0.71,0.23,0.56,,,,,,,,
72,Gennaro Borrelli,it ITA,FW,Cagliari,25,2000,27,13,1275,14.2,5,1,6,5,0,0,4,0,0.35,0.07,0.42,0.35,0.42,Matches,Serie A,2025-26,30,12,40.0,2.12,0.85,0.17,0.42,,,,,,,,
73,Kieron Bowie,sct SCO,FW,Hellas Verona,22,2002,14,14,1200,13.3,4,0,4,4,0,0,1,0,0.30,0.00,0.30,0.30,0.30,Matches,Serie A,2025-26,33,11,33.3,2.48,0.82,0.12,0.36,,,,,,,,
74,Rosen Bozhinov,bg BUL,DF,Pisa,20,2005,9,8,610,6.8,0,0,0,0,0,0,3,1,0.00,0.00,0.00,0.00,0.00,Matches,Serie A,2025-26,3,1,33.3,0.44,0.15,0.00,0.00,,,,,,,,
75,Domagoj Bradarić,hr CRO,MF,Hellas Verona,25,1999,29,23,1966,21.8,0,1,1,0,0,0,2,0,0.00,0.05,0.05,0.00,0.05,Matches,Serie A,2025-26,13,6,46.2,0.60,0.27,0.00,0.00,,,,,,,,
76,Riccardo Braschi,it ITA,FW,Fiorentina,18,2006,2,1,105,1.2,0,0,0,0,0,0,0,0,0.00,0.00,0.00,0.00,0.00,Matches,Serie A,2025-26,3,0,0.0,2.57,0.00,0.00,,,,,,,,,
77,Iker Bravo,es ESP,FW,Udinese,20,2005,8,3,206,2.3,1,0,1,1,0,0,1,0,0.44,0.00,0.44,0.44,0.44,Matches,Serie A,2025-26,4,1,25.0,1.75,0.44,0.25,1.00,,,,,,,,
78,Gleison Bremer,br BRA,DF,Juventus,28,1997,26,25,2171,24.1,4,3,7,4,0,0,5,0,0.17,0.12,0.29,0.17,0.29,Matches,Serie A,2025-26,23,9,39.1,0.95,0.37,0.17,0.44,,,,,,,,
79,Marco Brescianini,it ITA,MF,Atalanta,25,2000,9,0,182,2.0,1,0,1,1,0,0,1,0,0.49,0.00,0.49,0.49,0.49,Matches,Serie A,2025-26,3,2,66.7,1.48,0.99,0.33,0.50,,,,,,,,
80,Marco Brescianini,it ITA,MF,Fiorentina,25,2000,17,10,862,9.6,1,1,2,1,0,0,1,0,0.10,0.10,0.21,0.10,0.21,Matches,Serie A,2025-26,10,2,20.0,1.04,0.21,0.10,0.50,,,,,,,,
81,Sascha Britschgi,ch SUI,"MF,DF",Parma,18,2006,29,22,2095,23.3,0,2,2,0,0,0,7,1,0.00,0.09,0.09,0.00,0.09,Matches,Serie A,2025-26,13,3,23.1,0.56,0.13,0.00,0.00,,,,,,,,
82,Louis Buffon,cz CZE,FW,Pisa,17,2007,4,0,32,0.4,0,0,0,0,0,0,0,0,0.00,0.00,0.00,0.00,0.00,Matches,Serie A,2025-26,0,0,,0.00,0.00,,,,,,,,,,
83,Adam Buksa,pl POL,FW,Udinese,29,1996,25,6,922,10.2,3,0,3,3,0,0,3,0,0.29,0.00,0.29,0.29,0.29,Matches,Serie A,2025-26,12,6,50.0,1.17,0.59,0.25,0.50,,,,,,,,
84,Alessandro Buongiorno,it ITA,DF,Napoli,26,1999,33,28,2521,28.0,0,1,1,0,0,0,3,0,0.00,0.04,0.04,0.00,0.04,Matches,Serie A,2025-26,8,3,37.5,0.29,0.11,0.00,0.00,,,,,,,,
85,Jean Butez,fr FRA,GK,Como,30,1995,38,38,3420,38.0,0,1,1,0,0,0,3,0,0.00,0.03,0.03,0.00,0.03,Matches,Serie A,2025-26,0,0,,0.00,0.00,,,29,0.76,116,86,75.0,19,50.0,16.7
86,Arturo Calabresi,it ITA,DF,Pisa,29,1996,26,17,1514,16.8,0,0,0,0,0,0,8,0,0.00,0.00,0.00,0.00,0.00,Matches,Serie A,2025-26,4,1,25.0,0.24,0.06,0.00,0.00,,,,,,,,
87,Hakan Çalhanoğlu,tr TUR,MF,Inter,31,1994,22,20,1639,18.2,9,4,13,5,4,5,7,0,0.49,0.22,0.71,0.27,0.49,Matches,Serie A,2025-26,50,17,34.0,2.75,0.93,0.10,0.29,,,,,,,,
88,Abdoulaye Camara,fr FRA,MF,Udinese,16,2008,1,0,12,0.1,0,0,0,0,0,0,0,0,0.00,0.00,0.00,0.00,0.00,Matches,Serie A,2025-26,0,0,,0.00,0.00,,,,,,,,,,
89,Francesco Camarda,it ITA,FW,Lecce,17,2008,21,7,687,7.6,1,0,1,1,0,1,1,0,0.13,0.00,0.13,0.13,0.13,Matches,Serie A,2025-26,16,3,18.8,2.10,0.39,0.06,0.33,,,,,,,,
90,Nicolò Cambiaghi,it ITA,"MF,FW",Bologna,24,2000,28,17,1518,16.9,3,4,7,3,0,0,3,1,0.18,0.24,0.42,0.18,0.42,Matches,Serie A,2025-26,24,6,25.0,1.42,0.36,0.13,0.50,,,,,,,,
91,Andrea Cambiaso,it ITA,"MF,DF",Juventus,25,2000,36,35,2769,30.8,3,4,7,3,0,0,3,1,0.10,0.13,0.23,0.10,0.23,Matches,Serie A,2025-26,26,13,50.0,0.85,0.42,0.12,0.23,,,,,,,,
92,Matteo Cancellieri,it ITA,FW,Lazio,23,2002,30,21,1725,19.2,4,2,6,4,0,0,6,0,0.21,0.10,0.31,0.21,0.31,Matches,Serie A,2025-26,41,17,41.5,2.14,0.89,0.10,0.24,,,,,,,,
93,Fali Candé,gw GNB,DF,Sassuolo,27,1998,12,5,509,5.7,0,0,0,0,0,0,2,0,0.00,0.00,0.00,0.00,0.00,Matches,Serie A,2025-26,3,0,0.0,0.53,0.00,0.00,,,,,,,,,
94,Simone Canestrelli,it ITA,DF,Pisa,24,2000,37,36,3201,35.6,1,0,1,1,0,0,4,0,0.03,0.00,0.03,0.03,0.03,Matches,Serie A,2025-26,16,3,18.8,0.45,0.08,0.06,0.33,,,,,,,,
95,Elia Caprile,it ITA,GK,Cagliari,23,2001,38,38,3420,38.0,0,0,0,0,0,0,2,0,0.00,0.00,0.00,0.00,0.00,Matches,Serie A,2025-26,0,0,,0.00,0.00,,,53,1.39,175,121,69.7,8,21.1,0.0
96,Maxence Caqueret,fr FRA,MF,Como,25,2000,30,17,1485,16.5,2,6,8,2,0,0,3,0,0.12,0.36,0.48,0.12,0.48,Matches,Serie A,2025-26,18,4,22.2,1.09,0.24,0.11,0.50,,,,,,,,
97,Antonio Caracciolo,it ITA,DF,Pisa,35,1990,35,34,3073,34.1,2,0,2,2,0,0,10,0,0.06,0.00,0.06,0.06,0.06,Matches,Serie A,2025-26,25,6,24.0,0.73,0.18,0.08,0.33,,,,,,,,
98,Filippo Carbone,it ITA,MF,Genoa,18,2006,1,0,8,0.1,0,0,0,0,0,0,0,0,0.00,0.00,0.00,0.00,0.00,Matches,Serie A,2025-26,0,0,,0.00,0.00,,,,,,,,,,
99,Franco Carboni,it ITA,MF,Parma,22,2003,7,1,114,1.3,0,0,0,0,0,0,0,0,0.00,0.00,0.00,0.00,0.00,Matches,Serie A,2025-26,0,0,,0.00,0.00,,,,,,,,,,
100,Valentin Carboni,ar ARG,MF,Genoa,20,2005,12,3,359,4.0,0,0,0,0,0,0,2,0,0.00,0.00,0.00,0.00,0.00,Matches,Serie A,2025-26,6,2,33.3,1.50,0.50,0.00,0.00,,,,,,,,
101,Alessandro Cardinali,it ITA,FW,Parma,19,2006,1,0,45,0.5,0,0,0,0,0,0,0,0,0.00,0.00,0.00,0.00,0.00,Matches,Serie A,2025-26,0,0,,0.00,0.00,,,,,,,,,,
102,Diego Carlos,br BRA,DF,Como,32,1993,27,21,1949,21.7,1,0,1,1,0,0,8,0,0.05,0.00,0.05,0.05,0.05,Matches,Serie A,2025-26,8,2,25.0,0.37,0.09,0.13,0.50,,,,,,,,
103,Marco Carnesecchi,it ITA,GK,Atalanta,25,2000,37,37,3330,37.0,0,0,0,0,0,0,0,0,0.00,0.00,0.00,0.00,0.00,Matches,Serie A,2025-26,0,0,,0.00,0.00,,,35,0.95,148,112,76.4,13,35.1,50.0
104,Cesare Casadei,it ITA,MF,Torino,22,2003,33,19,1997,22.2,6,0,6,6,0,0,5,0,0.27,0.00,0.27,0.27,0.27,Matches,Serie A,2025-26,35,17,48.6,1.58,0.77,0.17,0.35,,,,,,,,
105,Nicolò Casale,it ITA,DF,Bologna,27,1998,12,8,678,7.5,0,0,0,0,0,0,0,0,0.00,0.00,0.00,0.00,0.00,Matches,Serie A,2025-26,5,0,0.0,0.66,0.00,0.00,,,,,,,,,
106,Valentín Castellanos,ar ARG,FW,Lazio,26,1998,11,8,692,7.7,2,3,5,2,0,0,2,0,0.26,0.39,0.65,0.26,0.65,Matches,Serie A,2025-26,20,8,40.0,2.60,1.04,0.10,0.25,,,,,,,,
107,Santiago Castro,ar ARG,FW,Bologna,20,2004,35,26,2359,26.2,7,2,9,7,0,0,3,0,0.27,0.08,0.34,0.27,0.34,Matches,Serie A,2025-26,63,20,31.7,2.40,0.76,0.11,0.35,,,,,,,,
108,Danilo Cataldi,it ITA,MF,Lazio,30,1994,27,24,1985,22.1,3,3,6,1,2,2,6,0,0.14,0.14,0.27,0.05,0.18,Matches,Serie A,2025-26,26,7,26.9,1.18,0.32,0.04,0.14,,,,,,,,
109,Nicolò Cavuoti,it ITA,MF,Cagliari,22,2003,4,0,44,0.5,0,0,0,0,0,0,0,0,0.00,0.00,0.00,0.00,0.00,Matches,Serie A,2025-26,0,0,,0.00,0.00,,,,,,,,,,
110,Federico Ceccherini,it ITA,DF,Cremonese,33,1992,9,6,476,5.3,0,1,1,0,0,0,1,1,0.00,0.19,0.19,0.00,0.19,Matches,Serie A,2025-26,5,2,40.0,0.95,0.38,0.00,0.00,,,,,,,,
111,Zeki Çelik,tr TUR,"MF,DF",Roma,28,1997,34,32,2723,30.3,1,2,3,1,0,0,2,1,0.03,0.07,0.10,0.03,0.10,Matches,Serie A,2025-26,22,4,18.2,0.73,0.13,0.05,0.25,,,,,,,,
112,Fallou Cham,gm GAM,MF,Hellas Verona,19,2006,6,3,228,2.5,0,0,0,0,0,0,0,0,0.00,0.00,0.00,0.00,0.00,Matches,Serie A,2025-26,5,2,40.0,1.97,0.79,0.00,0.00,,,,,,,,
113,Walid Cheddira,ma MAR,FW,Sassuolo,27,1998,16,1,221,2.5,1,0,1,1,0,0,1,0,0.41,0.00,0.41,0.41,0.41,Matches,Serie A,2025-26,8,2,25.0,3.26,0.81,0.13,0.50,,,,,,,,
114,Walid Cheddira,ma MAR,FW,Lecce,27,1998,17,11,1000,11.1,3,1,4,3,0,0,2,0,0.27,0.09,0.36,0.27,0.36,Matches,Serie A,2025-26,25,10,40.0,2.25,0.90,0.12,0.30,,,,,,,,
115,Oliver Christensen,dk DEN,GK,Fiorentina,26,1999,1,1,86,1.0,0,0,0,0,0,0,0,0,0.00,0.00,0.00,0.00,0.00,Matches,Serie A,2025-26,0,0,,0.00,0.00,,,1,1.05,7,6,85.7,0,0.0,
116,Samuel Chukwueze,ng NGA,"FW,MF",Milan,26,1999,1,0,26,0.3,0,0,0,0,0,0,0,0,0.00,0.00,0.00,0.00,0.00,Matches,Serie A,2025-26,0,0,,0.00,0.00,,,,,,,,,,
117,Alessandro Circati,au AUS,DF,Parma,21,2003,31,31,2664,29.6,1,0,1,1,0,0,6,0,0.03,0.00,0.03,0.03,0.03,Matches,Serie A,2025-26,8,1,12.5,0.27,0.03,0.13,1.00,,,,,,,,
118,Matteo Cocchi,it ITA,DF,Inter,18,2007,1,0,17,0.2,0,0,0,0,0,0,0,0,0.00,0.00,0.00,0.00,0.00,Matches,Serie A,2025-26,0,0,,0.00,0.00,,,,,,,,,,
119,Saúl Coco,gq EQG,DF,Torino,26,1999,35,35,3088,34.3,1,1,2,1,0,0,3,0,0.03,0.03,0.06,0.03,0.06,Matches,Serie A,2025-26,15,4,26.7,0.44,0.12,0.07,0.25,,,,,,,,
120,Michele Collocolo,it ITA,MF,Cremonese,25,1999,8,5,362,4.0,0,0,0,0,0,0,1,0,0.00,0.00,0.00,0.00,0.00,Matches,Serie A,2025-26,2,1,50.0,0.50,0.25,0.00,0.00,,,,,,,,
121,Lorenzo Colombo,it ITA,FW,Genoa,23,2002,38,30,2326,25.8,7,1,8,6,1,2,2,0,0.27,0.04,0.31,0.23,0.27,Matches,Serie A,2025-26,66,27,40.9,2.55,1.04,0.09,0.22,,,,,,,,
122,Pietro Comuzzo,it ITA,DF,Fiorentina,20,2005,27,18,1696,18.8,1,0,1,1,0,0,2,0,0.05,0.00,0.05,0.05,0.05,Matches,Serie A,2025-26,10,2,20.0,0.53,0.11,0.10,0.50,,,,,,,,
123,Francisco Conceição,pt POR,"MF,FW",Juventus,22,2002,31,27,2078,23.1,3,5,8,3,0,0,3,0,0.13,0.22,0.35,0.13,0.35,Matches,Serie A,2025-26,73,23,31.5,3.16,1.00,0.04,0.13,,,,,,,,
124,Nikita Contini,it ITA,GK,Napoli,29,1996,1,0,11,0.1,0,0,0,0,0,0,0,0,0.00,0.00,0.00,0.00,0.00,Matches,Serie A,2025-26,0,0,,0.00,0.00,,,0,0.00,0,0,,1,,
125,Francesco Coppola,it ITA,DF,Pisa,20,2005,7,5,458,5.1,0,0,0,0,0,0,3,0,0.00,0.00,0.00,0.00,0.00,Matches,Serie A,2025-26,2,0,0.0,0.39,0.00,0.00,,,,,,,,,
126,Maxwel Cornet,ci CIV,MF,Genoa,28,1996,8,1,118,1.3,0,0,0,0,0,1,0,0,0.00,0.00,0.00,0.00,0.00,Matches,Serie A,2025-26,4,2,50.0,3.05,1.53,0.00,0.00,,,,,,,,
127,Edoardo Corvi,it ITA,GK,Parma,24,2001,17,17,1530,17.0,0,0,0,0,0,0,1,0,0.00,0.00,0.00,0.00,0.00,Matches,Serie A,2025-26,0,0,,0.00,0.00,,,18,1.06,63,44,71.4,7,41.2,0.0
128,Lassana Coulibaly,ml MLI,MF,Lecce,29,1996,33,31,2689,29.9,3,1,4,3,0,0,4,0,0.10,0.03,0.13,0.10,0.13,Matches,Serie A,2025-26,28,8,28.6,0.94,0.27,0.11,0.38,,,,,,,,
129,Woyo Coulibaly,ml MLI,DF,Sassuolo,26,1999,20,9,1054,11.7,0,0,0,0,0,0,2,0,0.00,0.00,0.00,0.00,0.00,Matches,Serie A,2025-26,6,1,16.7,0.51,0.09,0.00,0.00,,,,,,,,
130,Ben Cremaschi,us USA,MF,Parma,20,2005,8,2,132,1.5,0,0,0,0,0,0,0,0,0.00,0.00,0.00,0.00,0.00,Matches,Serie A,2025-26,1,0,0.0,0.68,0.00,0.00,,,,,,,,,
131,Bryan Cristante,it ITA,MF,Roma,30,1995,37,36,3094,34.4,2,1,3,2,0,0,6,0,0.06,0.03,0.09,0.06,0.09,Matches,Serie A,2025-26,44,8,18.2,1.28,0.23,0.05,0.25,,,,,,,,
132,Juan Cuadrado,co COL,MF,Pisa,37,1988,19,2,506,5.6,1,0,1,0,1,1,3,0,0.18,0.00,0.18,0.00,0.00,Matches,Serie A,2025-26,10,2,20.0,1.78,0.36,0.00,0.00,,,,,,,,
133,Patrick Cutrone,it ITA,FW,Parma,27,1998,15,11,888,9.9,1,0,1,1,0,0,0,0,0.10,0.00,0.10,0.10,0.10,Matches,Serie A,2025-26,25,7,28.0,2.53,0.71,0.04,0.14,,,,,,,,
134,Lucas Da Cunha,fr FRA,MF,Como,24,2001,36,31,2739,30.4,6,4,10,2,4,4,4,0,0.20,0.13,0.33,0.07,0.20,Matches,Serie A,2025-26,42,16,38.1,1.38,0.53,0.05,0.13,,,,,,,,
135,Thijs Dallinga,nl NED,FW,Bologna,24,2000,23,9,811,9.0,2,2,4,2,0,0,2,0,0.22,0.22,0.44,0.22,0.44,Matches,Serie A,2025-26,24,5,20.8,2.66,0.55,0.08,0.40,,,,,,,,
136,Matteo Darmian,it ITA,"MF,DF",Inter,35,1989,6,2,248,2.8,0,0,0,0,0,0,0,0,0.00,0.00,0.00,0.00,0.00,Matches,Serie A,2025-26,0,0,,0.00,0.00,,,,,,,,,,
137,Juan David Cabal,co COL,MF,Juventus,24,2001,12,2,296,3.3,2,0,2,2,0,0,1,0,0.61,0.00,0.61,0.61,0.61,Matches,Serie A,2025-26,5,2,40.0,1.52,0.61,0.40,1.00,,,,,,,,
138,Jonathan David,ca CAN,FW,Juventus,25,2000,35,20,1781,19.8,6,4,10,6,0,1,0,0,0.30,0.20,0.51,0.30,0.51,Matches,Serie A,2025-26,41,16,39.0,2.07,0.81,0.15,0.38,,,,,,,,
139,Keinan Davis,eng ENG,FW,Udinese,27,1998,30,27,2065,22.9,10,4,14,6,4,4,5,0,0.44,0.17,0.61,0.26,0.44,Matches,Serie A,2025-26,50,25,50.0,2.18,1.09,0.12,0.24,,,,,,,,
140,Kevin De Bruyne,be BEL,MF,Napoli,34,1991,18,13,1165,12.9,5,2,7,2,3,3,1,0,0.39,0.15,0.54,0.15,0.31,Matches,Serie A,2025-26,27,11,40.7,2.09,0.85,0.07,0.18,,,,,,,,
141,Charles De Ketelaere,be BEL,"MF,FW",Atalanta,24,2001,31,26,2177,24.2,3,5,8,3,0,0,4,0,0.12,0.21,0.33,0.12,0.33,Matches,Serie A,2025-26,46,16,34.8,1.90,0.66,0.07,0.19,,,,,,,,
142,Manuel De Luca,it ITA,FW,Cremonese,27,1998,2,0,16,0.2,1,0,1,0,1,1,0,0,5.63,0.00,5.63,0.00,0.00,Matches,Serie A,2025-26,2,2,100.0,11.25,11.25,0.00,0.00,,,,,,,,
143,Lorenzo De Silvestri,it ITA,DF,Bologna,37,1988,12,6,491,5.5,0,0,0,0,0,0,2,0,0.00,0.00,0.00,0.00,0.00,Matches,Serie A,2025-26,0,0,,0.00,0.00,,,,,,,,,,
144,Koni De Winter,be BEL,DF,Milan,23,2002,26,19,1800,20.0,1,1,2,1,0,0,1,0,0.05,0.05,0.10,0.05,0.10,Matches,Serie A,2025-26,7,1,14.3,0.35,0.05,0.14,1.00,,,,,,,,
145,Alessandro Deiola,it ITA,"MF,DF",Cagliari,29,1995,20,17,1430,15.9,0,2,2,0,0,0,3,0,0.00,0.13,0.13,0.00,0.13,Matches,Serie A,2025-26,22,7,31.8,1.38,0.44,0.00,0.00,,,,,,,,
146,Fisayo Dele-Bashiru,ng NGA,MF,Lazio,24,2001,24,11,1187,13.2,1,0,1,1,0,0,0,0,0.08,0.00,0.08,0.08,0.08,Matches,Serie A,2025-26,9,2,22.2,0.68,0.15,0.11,0.50,,,,,,,,
147,Enrico Delprato,it ITA,"DF,MF",Parma,25,1999,35,34,2951,32.8,2,0,2,2,0,0,5,0,0.06,0.00,0.06,0.06,0.06,Matches,Serie A,2025-26,18,9,50.0,0.55,0.27,0.11,0.22,,,,,,,,
148,Ali Dembélé,fr FRA,DF,Torino,21,2004,2,0,21,0.2,0,0,0,0,0,0,0,0,0.00,0.00,0.00,0.00,0.00,Matches,Serie A,2025-26,1,0,0.0,4.29,0.00,0.00,,,,,,,,,
149,Daniel Denoon,ch SUI,DF,Pisa,21,2004,2,2,122,1.4,0,0,0,0,0,0,1,0,0.00,0.00,0.00,0.00,0.00,Matches,Serie A,2025-26,0,0,,0.00,0.00,,,,,,,,,,
150,Raffaele Di Gennaro,it ITA,GK,Inter,31,1993,1,0,10,0.1,0,0,0,0,0,0,0,0,0.00,0.00,0.00,0.00,0.00,Matches,Serie A,2025-26,0,0,,0.00,0.00,,,1,9.00,2,1,50.0,0,,
151,Michele Di Gregorio,it ITA,GK,Juventus,28,1997,30,29,2655,29.5,0,0,0,0,0,0,1,0,0.00,0.00,0.00,0.00,0.00,Matches,Serie A,2025-26,0,0,,0.00,0.00,,,25,0.85,86,60,70.9,14,48.3,0.0
152,Giovanni Di Lorenzo,it ITA,"DF,MF",Napoli,31,1993,26,26,2276,25.3,2,1,3,2,0,0,1,0,0.08,0.04,0.12,0.08,0.12,Matches,Serie A,2025-26,25,9,36.0,0.99,0.36,0.08,0.22,,,,,,,,
153,Alessandro Di Pardo,it ITA,"DF,MF",Cagliari,26,1999,3,0,54,0.6,0,0,0,0,0,0,0,0,0.00,0.00,0.00,0.00,0.00,Matches,Serie A,2025-26,1,0,0.0,1.67,0.00,0.00,,,,,,,,,
154,Boulaye Dia,sn SEN,"FW,MF",Lazio,28,1996,27,14,1253,13.9,1,2,3,1,0,0,1,0,0.07,0.14,0.22,0.07,0.22,Matches,Serie A,2025-26,12,7,58.3,0.86,0.50,0.08,0.14,,,,,,,,
155,Assane Diao,sn SEN,MF,Como,19,2005,17,13,1075,11.9,2,1,3,2,0,0,2,0,0.17,0.08,0.25,0.17,0.25,Matches,Serie A,2025-26,31,10,32.3,2.60,0.84,0.06,0.20,,,,,,,,
156,Federico Dimarco,it ITA,MF,Inter,27,1997,35,30,2698,30.0,7,16,23,7,0,0,3,0,0.23,0.53,0.77,0.23,0.77,Matches,Serie A,2025-26,65,22,33.8,2.17,0.73,0.11,0.32,,,,,,,,
157,Andy Diouf,fr FRA,MF,Inter,22,2003,19,4,493,5.5,1,0,1,1,0,0,1,0,0.18,0.00,0.18,0.18,0.18,Matches,Serie A,2025-26,10,3,30.0,1.83,0.55,0.10,0.33,,,,,,,,
158,Berat Djimsiti,al ALB,DF,Atalanta,32,1993,34,29,2525,28.1,0,0,0,0,0,0,4,0,0.00,0.00,0.00,0.00,0.00,Matches,Serie A,2025-26,16,2,12.5,0.57,0.07,0.00,0.00,,,,,,,,
159,Dodô,br BRA,"DF,MF",Fiorentina,26,1998,36,36,3134,34.8,1,2,3,1,0,0,7,0,0.03,0.06,0.09,0.03,0.09,Matches,Serie A,2025-26,25,4,16.0,0.72,0.11,0.04,0.25,,,,,,,,
160,Josh Doig,sct SCO,DF,Sassuolo,23,2002,30,22,1917,21.3,0,0,0,0,0,0,5,0,0.00,0.00,0.00,0.00,0.00,Matches,Serie A,2025-26,11,4,36.4,0.52,0.19,0.00,0.00,,,,,,,,
161,Benjamín Domínguez,ar ARG,MF,Bologna,21,2003,15,6,547,6.1,0,3,3,0,0,0,1,0,0.00,0.49,0.49,0.00,0.49,Matches,Serie A,2025-26,12,2,16.7,1.97,0.33,0.00,0.00,,,,,,,,
162,Alberto Dossena,it ITA,DF,Cagliari,26,1998,12,9,859,9.5,0,1,1,0,0,0,5,0,0.00,0.10,0.10,0.00,0.10,Matches,Serie A,2025-26,7,2,28.6,0.73,0.21,0.00,0.00,,,,,,,,
163,Mamedi Doucouré,fr FRA,DF,Genoa,18,2007,1,0,9,0.1,0,0,0,0,0,0,0,0,0.00,0.00,0.00,0.00,0.00,Matches,Serie A,2025-26,0,0,,0.00,0.00,,,,,,,,,,
164,Anastasios Douvikas,gr GRE,FW,Como,25,1999,38,25,2273,25.3,14,1,15,13,1,1,0,0,0.55,0.04,0.59,0.51,0.55,Matches,Serie A,2025-26,65,30,46.2,2.57,1.19,0.20,0.43,,,,,,,,
165,Artem Dovbyk,ua UKR,FW,Roma,28,1997,14,3,393,4.4,3,1,4,3,0,0,0,0,0.69,0.23,0.92,0.69,0.92,Matches,Serie A,2025-26,12,6,50.0,2.75,1.37,0.25,0.50,,,,,,,,
166,Denzel Dumfries,nl NED,MF,Inter,29,1996,20,15,1325,14.7,3,1,4,3,0,0,2,0,0.20,0.07,0.27,0.20,0.27,Matches,Serie A,2025-26,23,5,21.7,1.56,0.34,0.13,0.60,,,,,,,,
167,Rafiu Durosinmi,ng NGA,FW,Pisa,22,2003,12,4,432,4.8,1,1,2,1,0,0,1,1,0.21,0.21,0.42,0.21,0.42,Matches,Serie A,2025-26,9,5,55.6,1.87,1.04,0.11,0.20,,,,,,,,
168,Paulo Dybala,ar ARG,"MF,FW",Roma,31,1993,22,15,1354,15.0,2,6,8,2,0,1,0,0,0.13,0.40,0.53,0.13,0.53,Matches,Serie A,2025-26,43,18,41.9,2.86,1.20,0.05,0.11,,,,,,,,
169,Edin Džeko,ba BIH,FW,Fiorentina,39,1986,11,2,244,2.7,0,0,0,0,0,0,1,0,0.00,0.00,0.00,0.00,0.00,Matches,Serie A,2025-26,4,1,25.0,1.48,0.37,0.00,0.00,,,,,,,,
170,Enzo Ebosse,cm CMR,DF,Hellas Verona,26,1999,4,3,214,2.4,0,0,0,0,0,0,1,0,0.00,0.00,0.00,0.00,0.00,Matches,Serie A,2025-26,1,0,0.0,0.42,0.00,0.00,,,,,,,,,
171,Enzo Ebosse,cm CMR,DF,Torino,26,1999,13,13,1115,12.4,0,1,1,0,0,0,3,0,0.00,0.08,0.08,0.00,0.08,Matches,Serie A,2025-26,0,0,,0.00,0.00,,,,,,,,,,
172,Andrias Edmundsson,fo FRO,DF,Hellas Verona,24,2000,15,15,1319,14.7,0,0,0,0,0,0,3,0,0.00,0.00,0.00,0.00,0.00,Matches,Serie A,2025-26,4,1,25.0,0.27,0.07,0.00,0.00,,,,,,,,
173,Kingsley Ehizibue,nl NED,"MF,DF",Udinese,30,1995,32,20,1811,20.1,2,0,2,2,0,0,5,0,0.10,0.00,0.10,0.10,0.10,Matches,Serie A,2025-26,9,2,22.2,0.45,0.10,0.22,1.00,,,,,,,,
174,Jeff Ekhator,it ITA,"FW,MF",Genoa,18,2006,30,9,956,10.6,3,0,3,3,0,0,3,0,0.28,0.00,0.28,0.28,0.28,Matches,Serie A,2025-26,20,5,25.0,1.88,0.47,0.15,0.60,,,,,,,,
175,Jurgen Ekkelenkamp,nl NED,MF,Udinese,25,2000,31,27,2186,24.3,5,3,8,5,0,0,1,0,0.21,0.12,0.33,0.21,0.33,Matches,Serie A,2025-26,33,15,45.5,1.36,0.62,0.15,0.33,,,,,,,,
176,Caleb Ekuban,gh GHA,"FW,MF",Genoa,31,1994,31,6,994,11.0,4,1,5,4,0,0,0,0,0.36,0.09,0.45,0.36,0.45,Matches,Serie A,2025-26,29,10,34.5,2.63,0.91,0.14,0.40,,,,,,,,
177,Mikael Ellertsson,is ISL,MF,Genoa,23,2002,36,31,2767,30.7,1,1,2,1,0,0,1,1,0.03,0.03,0.07,0.03,0.07,Matches,Serie A,2025-26,26,6,23.1,0.85,0.20,0.04,0.17,,,,,,,,
178,Elif Elmas,mk MKD,"MF,FW",Napoli,25,1999,33,20,1783,19.8,1,3,4,1,0,0,3,0,0.05,0.15,0.20,0.05,0.20,Matches,Serie A,2025-26,27,9,33.3,1.36,0.45,0.04,0.11,,,,,,,,
179,Nesta Elphege,fr FRA,FW,Parma,24,2001,9,2,309,3.4,2,1,3,2,0,0,0,0,0.58,0.29,0.87,0.58,0.87,Matches,Serie A,2025-26,6,3,50.0,1.75,0.87,0.33,0.67,,,,,,,,
180,Francesco Esposito,it ITA,FW,Inter,20,2005,35,15,1571,17.5,7,3,10,7,0,0,1,0,0.40,0.17,0.57,0.40,0.57,Matches,Serie A,2025-26,57,23,40.4,3.27,1.32,0.12,0.30,,,,,,,,
181,Sebastiano Esposito,it ITA,"FW,MF",Cagliari,23,2002,36,34,2675,29.7,7,5,12,6,1,1,6,0,0.24,0.17,0.40,0.20,0.37,Matches,Serie A,2025-26,57,16,28.1,1.92,0.54,0.11,0.38,,,,,,,,
182,Tomás Esteves,pt POR,"DF,MF",Pisa,23,2002,1,0,14,0.2,0,0,0,0,0,0,0,0,0.00,0.00,0.00,0.00,0.00,Matches,Serie A,2025-26,0,0,,0.00,0.00,,,,,,,,,,
183,Nahuel Estévez,ar ARG,MF,Parma,29,1995,32,9,1049,11.7,0,1,1,0,0,0,2,0,0.00,0.09,0.09,0.00,0.09,Matches,Serie A,2025-26,9,1,11.1,0.77,0.09,0.00,0.00,,,,,,,,
184,Pervis Estupiñán,ec ECU,MF,Milan,27,1998,19,13,1034,11.5,1,1,2,1,0,0,5,1,0.09,0.09,0.17,0.09,0.17,Matches,Serie A,2025-26,9,1,11.1,0.78,0.09,0.11,1.00,,,,,,,,
185,Giovanni Fabbian,it ITA,MF,Bologna,22,2003,14,8,705,7.8,2,0,2,2,0,0,0,0,0.26,0.00,0.26,0.26,0.26,Matches,Serie A,2025-26,14,4,28.6,1.79,0.51,0.14,0.50,,,,,,,,
186,Giovanni Fabbian,it ITA,MF,Fiorentina,22,2003,15,4,468,5.2,0,0,0,0,0,0,2,0,0.00,0.00,0.00,0.00,0.00,Matches,Serie A,2025-26,7,2,28.6,1.35,0.38,0.00,0.00,,,,,,,,
187,Alieu Fadera,gm GAM,FW,Sassuolo,23,2001,28,8,987,11.0,2,1,3,2,0,0,5,0,0.18,0.09,0.27,0.18,0.27,Matches,Serie A,2025-26,13,4,30.8,1.19,0.36,0.15,0.50,,,,,,,,
188,Nicolò Fagioli,it ITA,MF,Fiorentina,24,2001,33,30,2554,28.4,2,3,5,2,0,0,5,0,0.07,0.11,0.18,0.07,0.18,Matches,Serie A,2025-26,33,7,21.2,1.16,0.25,0.06,0.29,,,,,,,,
189,Wladimiro Falcone,it ITA,GK,Lecce,30,1995,38,38,3420,38.0,0,0,0,0,0,0,2,0,0.00,0.00,0.00,0.00,0.00,Matches,Serie A,2025-26,0,0,,0.00,0.00,,,50,1.32,158,108,68.4,10,26.3,33.3
190,Jacopo Fazzini,it ITA,"MF,FW",Fiorentina,22,2003,20,5,584,6.5,0,0,0,0,0,0,2,0,0.00,0.00,0.00,0.00,0.00,Matches,Serie A,2025-26,9,1,11.1,1.39,0.15,0.00,0.00,,,,,,,,
191,Mattia Felici,it ITA,MF,Cagliari,24,2001,12,4,412,4.6,2,1,3,2,0,0,3,0,0.44,0.22,0.66,0.44,0.66,Matches,Serie A,2025-26,9,6,66.7,1.97,1.31,0.22,0.33,,,,,,,,
192,Pedro Felipe,br BRA,DF,Sassuolo,21,2004,3,1,129,1.4,0,1,1,0,0,0,0,0,0.00,0.70,0.70,0.00,0.70,Matches,Serie A,2025-26,0,0,,0.00,0.00,,,,,,,,,,
193,Evan Ferguson,ie IRL,FW,Roma,20,2004,16,10,773,8.6,3,2,5,3,0,0,1,0,0.35,0.23,0.58,0.35,0.58,Matches,Serie A,2025-26,27,15,55.6,3.14,1.75,0.11,0.20,,,,,,,,
194,Lewis Ferguson,sct SCO,MF,Bologna,25,1999,27,17,1601,17.8,1,0,1,1,0,0,7,1,0.06,0.00,0.06,0.06,0.06,Matches,Serie A,2025-26,13,2,15.4,0.73,0.11,0.08,0.50,,,,,,,,
195,Seydou Fini,it ITA,FW,Genoa,19,2006,1,0,32,0.4,0,0,0,0,0,0,0,0,0.00,0.00,0.00,0.00,0.00,Matches,Serie A,2025-26,0,0,,0.00,0.00,,,,,,,,,,
196,Romano Floriani,it ITA,MF,Cremonese,22,2003,28,12,1168,13.0,0,1,1,0,0,0,2,0,0.00,0.08,0.08,0.00,0.08,Matches,Serie A,2025-26,5,1,20.0,0.39,0.08,0.00,0.00,,,,,,,,
197,Sadik Fofana,tg TOG,MF,Lecce,22,2003,5,1,84,0.9,0,0,0,0,0,0,0,0,0.00,0.00,0.00,0.00,0.00,Matches,Serie A,2025-26,2,0,0.0,2.14,0.00,0.00,,,,,,,,,
198,Youssouf Fofana,fr FRA,MF,Milan,26,1999,33,28,2203,24.5,2,3,5,2,0,0,4,0,0.08,0.12,0.20,0.08,0.20,Matches,Serie A,2025-26,45,18,40.0,1.84,0.74,0.04,0.11,,,,,,,,
199,Francesco Folino,it ITA,DF,Cremonese,23,2002,18,7,722,8.0,1,0,1,1,0,0,1,0,0.12,0.00,0.12,0.12,0.12,Matches,Serie A,2025-26,2,1,50.0,0.25,0.12,0.50,1.00,,,,,,,,
200,Michael Folorunsho,it ITA,"MF,FW",Cagliari,27,1998,27,24,1999,22.2,2,0,2,2,0,0,3,0,0.09,0.00,0.09,0.09,0.09,Matches,Serie A,2025-26,36,9,25.0,1.62,0.41,0.06,0.22,,,,,,,,
201,Niccolò Fortini,it ITA,MF,Fiorentina,19,2006,16,2,541,6.0,0,0,0,0,0,0,0,0,0.00,0.00,0.00,0.00,0.00,Matches,Serie A,2025-26,8,2,25.0,1.33,0.33,0.00,0.00,,,,,,,,
202,Christian Frangella,it ITA,MF,Sassuolo,18,2006,1,0,3,0.0,0,0,0,0,0,0,0,0,0.00,0.00,0.00,0.00,0.00,Matches,Serie A,2025-26,0,0,,0.00,0.00,,,,,,,,,,
203,Davide Frattesi,it ITA,MF,Inter,25,1999,22,3,569,6.3,0,0,0,0,0,0,0,0,0.00,0.00,0.00,0.00,0.00,Matches,Serie A,2025-26,16,4,25.0,2.53,0.63,0.00,0.00,,,,,,,,
204,Morten Frendrup,dk DEN,MF,Genoa,24,2001,36,35,3081,34.2,1,0,1,1,0,0,5,0,0.03,0.00,0.03,0.03,0.03,Matches,Serie A,2025-26,8,3,37.5,0.23,0.09,0.13,0.33,,,,,,,,
205,Martin Frese,dk DEN,"MF,DF",Hellas Verona,27,1998,31,27,2408,26.8,2,0,2,2,0,0,8,0,0.07,0.00,0.07,0.07,0.07,Matches,Serie A,2025-26,21,11,52.4,0.78,0.41,0.10,0.18,,,,,,,,
206,Remo Freuler,ch SUI,MF,Bologna,33,1992,29,26,2213,24.6,1,2,3,1,0,0,5,0,0.04,0.08,0.12,0.04,0.12,Matches,Serie A,2025-26,8,1,12.5,0.33,0.04,0.13,1.00,,,,,,,,
207,Niclas Füllkrug,de GER,FW,Milan,32,1993,20,3,659,7.3,1,0,1,1,0,1,0,0,0.14,0.00,0.14,0.14,0.14,Matches,Serie A,2025-26,16,5,31.3,2.19,0.68,0.06,0.20,,,,,,,,
208,Alessio Furlanetto,it ITA,GK,Lazio,23,2002,2,2,180,2.0,0,0,0,0,0,0,0,0,0.00,0.00,0.00,0.00,0.00,Matches,Serie A,2025-26,0,0,,0.00,0.00,,,3,1.50,10,7,70.0,0,0.0,
209,Matteo Gabbia,it ITA,DF,Milan,25,1999,30,28,2530,28.1,0,0,0,0,0,0,4,0,0.00,0.00,0.00,0.00,0.00,Matches,Serie A,2025-26,19,3,15.8,0.68,0.11,0.00,0.00,,,,,,,,
210,Tiago Gabriel,pt POR,DF,Lecce,20,2004,37,36,3219,35.8,2,0,2,2,0,0,7,0,0.06,0.00,0.06,0.06,0.06,Matches,Serie A,2025-26,20,4,20.0,0.56,0.11,0.10,0.50,,,,,,,,
211,Gianluca Gaetano,it ITA,"MF,FW",Cagliari,25,2000,33,21,1912,21.2,2,4,6,2,0,0,4,0,0.09,0.19,0.28,0.09,0.28,Matches,Serie A,2025-26,34,11,32.4,1.60,0.52,0.06,0.18,,,,,,,,
212,Roberto Gagliardini,it ITA,MF,Hellas Verona,31,1994,29,25,2272,25.2,1,0,1,1,0,0,9,0,0.04,0.00,0.04,0.04,0.04,Matches,Serie A,2025-26,15,3,20.0,0.59,0.12,0.07,0.33,,,,,,,,
213,Antonino Gallo,it ITA,DF,Lecce,25,2000,37,34,3056,34.0,0,4,4,0,0,0,3,0,0.00,0.12,0.12,0.00,0.12,Matches,Serie A,2025-26,6,1,16.7,0.18,0.03,0.00,0.00,,,,,,,,
214,Omri Gandelman,il ISR,"MF,FW",Lecce,25,2000,19,10,975,10.8,2,1,3,2,0,0,0,0,0.18,0.09,0.28,0.18,0.28,Matches,Serie A,2025-26,10,3,30.0,0.92,0.28,0.20,0.67,,,,,,,,
215,Ulisses Garcia,ch SUI,DF,Sassuolo,29,1996,13,10,943,10.5,1,2,3,1,0,0,3,0,0.10,0.19,0.29,0.10,0.29,Matches,Serie A,2025-26,2,1,50.0,0.19,0.10,0.50,1.00,,,,,,,,
216,Federico Gatti,it ITA,DF,Juventus,27,1998,21,12,1093,12.1,2,0,2,2,0,0,3,0,0.16,0.00,0.16,0.16,0.16,Matches,Serie A,2025-26,14,6,42.9,1.15,0.49,0.14,0.33,,,,,,,,
217,David de Gea,es ESP,GK,Fiorentina,34,1990,37,37,3330,37.0,0,0,0,0,0,0,0,0,0.00,0.00,0.00,0.00,0.00,Matches,Serie A,2025-26,0,0,,0.00,0.00,,,49,1.32,169,119,71.0,10,27.0,16.7
218,Daniele Ghilardi,it ITA,DF,Roma,22,2003,23,9,1097,12.2,0,0,0,0,0,0,1,0,0.00,0.00,0.00,0.00,0.00,Matches,Serie A,2025-26,3,0,0.0,0.25,0.00,0.00,,,,,,,,,
219,Andrea Ghion,it ITA,MF,Sassuolo,25,2000,1,0,10,0.1,0,0,0,0,0,0,0,0,0.00,0.00,0.00,0.00,0.00,Matches,Serie A,2025-26,0,0,,0.00,0.00,,,,,,,,,,
220,Mario Gila,es ESP,DF,Lazio,24,2000,31,31,2472,27.5,0,0,0,0,0,0,4,1,0.00,0.00,0.00,0.00,0.00,Matches,Serie A,2025-26,12,3,25.0,0.44,0.11,0.00,0.00,,,,,,,,
221,Billy Gilmour,sct SCO,MF,Napoli,24,2001,17,8,805,8.9,1,0,1,1,0,0,1,0,0.11,0.00,0.11,0.11,0.11,Matches,Serie A,2025-26,10,3,30.0,1.12,0.34,0.10,0.33,,,,,,,,
222,Santiago Giménez,mx MEX,FW,Milan,24,2001,16,11,892,9.9,0,1,1,0,0,0,2,0,0.00,0.10,0.10,0.00,0.10,Matches,Serie A,2025-26,27,9,33.3,2.72,0.91,0.00,0.00,,,,,,,,
223,Gvidas Gineitis,lt LTU,MF,Torino,21,2004,29,23,1756,19.5,0,1,1,0,0,0,5,0,0.00,0.05,0.05,0.00,0.05,Matches,Serie A,2025-26,27,5,18.5,1.38,0.26,0.00,0.00,,,,,,,,
224,Giovane,br BRA,"FW,MF",Hellas Verona,21,2003,21,19,1533,17.0,3,4,7,3,0,0,2,0,0.18,0.23,0.41,0.18,0.41,Matches,Serie A,2025-26,47,25,53.2,2.76,1.47,0.06,0.12,,,,,,,,
225,Giovane,br BRA,"MF,FW",Napoli,21,2003,12,2,338,3.8,0,1,1,0,0,0,0,0,0.00,0.27,0.27,0.00,0.27,Matches,Serie A,2025-26,9,2,22.2,2.40,0.53,0.00,0.00,,,,,,,,
226,Saba Goglichidze,ge GEO,DF,Udinese,21,2004,8,4,424,4.7,0,0,0,0,0,0,2,0,0.00,0.00,0.00,0.00,0.00,Matches,Serie A,2025-26,3,1,33.3,0.64,0.21,0.00,0.00,,,,,,,,
227,Edoardo Goldaniga,it ITA,DF,Como,31,1993,2,0,15,0.2,0,0,0,0,0,0,0,0,0.00,0.00,0.00,0.00,0.00,Matches,Serie A,2025-26,0,0,,0.00,0.00,,,,,,,,,,
228,Nicolás González,ar ARG,"FW,MF",Juventus,27,1998,2,0,19,0.2,0,0,0,0,0,0,0,0,0.00,0.00,0.00,0.00,0.00,Matches,Serie A,2025-26,2,0,0.0,9.47,0.00,0.00,,,,,,,,,
229,Olaf Gorter,nl NED,MF,Lecce,20,2005,2,0,28,0.3,0,0,0,0,0,0,0,0,0.00,0.00,0.00,0.00,0.00,Matches,Serie A,2025-26,0,0,,0.00,0.00,,,,,,,,,,
230,Robin Gosens,de GER,"DF,MF",Fiorentina,31,1994,26,24,1881,20.9,3,1,4,3,0,0,2,0,0.14,0.05,0.19,0.14,0.19,Matches,Serie A,2025-26,18,7,38.9,0.86,0.33,0.17,0.43,,,,,,,,
231,Alberto Grassi,it ITA,MF,Cremonese,30,1995,30,18,1753,19.5,0,0,0,0,0,0,4,1,0.00,0.00,0.00,0.00,0.00,Matches,Serie A,2025-26,13,4,30.8,0.67,0.21,0.00,0.00,,,,,,,,
232,Jacopo Grossi,it ITA,MF,Genoa,18,2006,1,0,22,0.2,0,0,0,0,0,0,0,0,0.00,0.00,0.00,0.00,0.00,Matches,Serie A,2025-26,1,0,0.0,4.09,0.00,0.00,,,,,,,,,
233,Albert Grønbaek,dk DEN,MF,Genoa,24,2001,4,1,103,1.1,0,0,0,0,0,0,1,0,0.00,0.00,0.00,0.00,0.00,Matches,Serie A,2025-26,1,1,100.0,0.87,0.87,0.00,0.00,,,,,,,,
234,Mattéo Guendouzi,fr FRA,MF,Lazio,26,1999,16,16,1428,15.9,2,1,3,2,0,0,5,1,0.13,0.06,0.19,0.13,0.19,Matches,Serie A,2025-26,16,8,50.0,1.01,0.50,0.13,0.25,,,,,,,,
235,Idrissa Guèye,sn SEN,FW,Udinese,18,2006,19,1,421,4.7,1,0,1,1,0,0,2,0,0.21,0.00,0.21,0.21,0.21,Matches,Serie A,2025-26,20,6,30.0,4.28,1.28,0.05,0.17,,,,,,,,
236,Miguel Gutiérrez,es ESP,"MF,DF",Napoli,24,2001,28,15,1488,16.5,1,1,2,1,0,0,0,0,0.06,0.06,0.12,0.06,0.12,Matches,Serie A,2025-26,15,5,33.3,0.91,0.30,0.07,0.20,,,,,,,,
237,Albert Guðmundsson,is ISL,"FW,MF",Fiorentina,28,1997,33,27,2250,25.0,5,4,9,2,3,3,4,1,0.20,0.16,0.36,0.08,0.24,Matches,Serie A,2025-26,41,15,36.6,1.64,0.60,0.05,0.13,,,,,,,,
238,Jack Harrison,eng ENG,"FW,MF",Fiorentina,28,1996,15,10,981,10.9,1,3,4,1,0,0,1,0,0.09,0.28,0.37,0.09,0.37,Matches,Serie A,2025-26,13,4,30.8,1.19,0.37,0.08,0.25,,,,,,,,
239,Abdou Harroui,nl NED,MF,Hellas Verona,27,1998,23,11,907,10.1,1,0,1,0,1,1,3,0,0.10,0.00,0.10,0.00,0.00,Matches,Serie A,2025-26,12,2,16.7,1.19,0.20,0.00,0.00,,,,,,,,
240,Torbjørn Heggem,no NOR,DF,Bologna,26,1999,27,23,2113,23.5,0,0,0,0,0,0,0,1,0.00,0.00,0.00,0.00,0.00,Matches,Serie A,2025-26,11,2,18.2,0.47,0.09,0.00,0.00,,,,,,,,
241,Eivind Helland,no NOR,DF,Bologna,20,2005,6,6,484,5.4,0,0,0,0,0,0,2,0,0.00,0.00,0.00,0.00,0.00,Matches,Serie A,2025-26,1,0,0.0,0.19,0.00,0.00,,,,,,,,,
242,Luis Henrique,br BRA,MF,Inter,23,2001,30,18,1624,18.0,1,2,3,1,0,0,1,0,0.06,0.11,0.17,0.06,0.17,Matches,Serie A,2025-26,15,7,46.7,0.83,0.39,0.07,0.14,,,,,,,,
243,Mario Hermoso,es ESP,DF,Roma,30,1995,27,25,2085,23.2,3,2,5,3,0,0,9,0,0.13,0.09,0.22,0.13,0.22,Matches,Serie A,2025-26,20,6,30.0,0.86,0.26,0.15,0.50,,,,,,,,
244,Hernani,br BRA,MF,Parma,31,1994,4,0,73,0.8,0,0,0,0,0,0,0,0,0.00,0.00,0.00,0.00,0.00,Matches,Serie A,2025-26,1,0,0.0,1.23,0.00,0.00,,,,,,,,,
245,Isak Hien,se SWE,DF,Atalanta,26,1999,28,20,1970,21.9,1,0,1,1,0,0,5,0,0.05,0.00,0.05,0.05,0.05,Matches,Serie A,2025-26,9,3,33.3,0.41,0.14,0.11,0.33,,,,,,,,
246,Malthe Hojholt,dk DEN,MF,Pisa,24,2001,17,9,850,9.4,0,0,0,0,0,0,2,0,0.00,0.00,0.00,0.00,0.00,Matches,Serie A,2025-26,4,2,50.0,0.42,0.21,0.00,0.00,,,,,,,,
247,Emil Holm,se SWE,DF,Bologna,25,2000,11,8,655,7.3,1,4,5,1,0,0,3,1,0.14,0.55,0.69,0.14,0.69,Matches,Serie A,2025-26,8,1,12.5,1.10,0.14,0.13,1.00,,,,,,,,
248,Emil Holm,se SWE,MF,Juventus,25,2000,7,2,230,2.6,0,0,0,0,0,0,0,0,0.00,0.00,0.00,0.00,0.00,Matches,Serie A,2025-26,5,1,20.0,1.96,0.39,0.00,0.00,,,,,,,,
249,Elseid Hysaj,al ALB,DF,Lazio,31,1994,5,1,174,1.9,0,0,0,0,0,0,0,0,0.00,0.00,0.00,0.00,0.00,Matches,Serie A,2025-26,0,0,,0.00,0.00,,,,,,,,,,
250,Rasmus Højlund,dk DEN,FW,Napoli,22,2003,33,32,2750,30.6,12,5,17,11,1,1,1,0,0.39,0.16,0.56,0.36,0.52,Matches,Serie A,2025-26,60,25,41.7,1.96,0.82,0.18,0.44,,,,,,,,
251,Edoardo Iannoni,it ITA,MF,Sassuolo,24,2001,15,1,260,2.9,1,0,1,1,0,0,3,0,0.35,0.00,0.35,0.35,0.35,Matches,Serie A,2025-26,3,1,33.3,1.04,0.35,0.33,1.00,,,,,,,,
252,Riyad Idrissi,it ITA,"MF,DF",Cagliari,20,2005,23,4,783,8.7,2,0,2,2,0,0,3,0,0.23,0.00,0.23,0.23,0.23,Matches,Serie A,2025-26,6,6,100.0,0.69,0.69,0.33,0.33,,,,,,,,
253,Jay Idzes,id IDN,DF,Sassuolo,25,2000,35,35,3061,34.0,0,0,0,0,0,0,2,0,0.00,0.00,0.00,0.00,0.00,Matches,Serie A,2025-26,5,0,0.0,0.15,0.00,0.00,,,,,,,,,
254,Ivan Ilić,rs SRB,MF,Torino,24,2001,8,5,416,4.6,0,0,0,0,0,0,2,0,0.00,0.00,0.00,0.00,0.00,Matches,Serie A,2025-26,0,0,,0.00,0.00,,,,,,,,,,
255,Samuel Iling-Junior,eng ENG,MF,Pisa,21,2003,5,1,110,1.2,0,0,0,0,0,0,0,0,0.00,0.00,0.00,0.00,0.00,Matches,Serie A,2025-26,0,0,,0.00,0.00,,,,,,,,,,
256,Emirhan İlkhan,tr TUR,MF,Torino,21,2004,19,13,1001,11.1,1,2,3,1,0,0,2,1,0.09,0.18,0.27,0.09,0.27,Matches,Serie A,2025-26,13,3,23.1,1.17,0.27,0.08,0.33,,,,,,,,
257,Ciro Immobile,it ITA,FW,Bologna,35,1990,6,2,193,2.1,0,0,0,0,0,0,1,0,0.00,0.00,0.00,0.00,0.00,Matches,Serie A,2025-26,2,0,0.0,0.93,0.00,0.00,,,,,,,,,
258,Isaac,br BRA,FW,Hellas Verona,21,2004,3,0,40,0.4,0,0,0,0,0,0,0,0,0.00,0.00,0.00,0.00,0.00,Matches,Serie A,2025-26,0,0,,0.00,0.00,,,,,,,,,,
259,Gustav Isaksen,dk DEN,FW,Lazio,24,2001,30,18,1593,17.7,5,1,6,5,0,0,0,0,0.28,0.06,0.34,0.28,0.34,Matches,Serie A,2025-26,48,19,39.6,2.71,1.07,0.10,0.26,,,,,,,,
260,Ardian Ismajli,al ALB,DF,Torino,28,1996,25,21,1906,21.2,0,1,1,0,0,0,5,0,0.00,0.05,0.05,0.00,0.05,Matches,Serie A,2025-26,6,4,66.7,0.28,0.19,0.00,0.00,,,,,,,,
261,Franco Israel,uy URU,GK,Torino,25,2000,9,9,810,9.0,0,0,0,0,0,0,1,0,0.00,0.00,0.00,0.00,0.00,Matches,Serie A,2025-26,0,0,,0.00,0.00,,,18,2.00,42,24,57.1,3,33.3,0.0
262,Ardon Jashari,ch SUI,MF,Milan,23,2002,14,7,701,7.8,0,1,1,0,0,0,0,0,0.00,0.13,0.13,0.00,0.13,Matches,Serie A,2025-26,7,2,28.6,0.90,0.26,0.00,0.00,,,,,,,,
263,Gaby Jean,fr FRA,DF,Lecce,25,2000,7,1,197,2.2,0,0,0,0,0,0,1,0,0.00,0.00,0.00,0.00,0.00,Matches,Serie A,2025-26,0,0,,0.00,0.00,,,,,,,,,,
264,Oliver Jensen,dk DEN,MF,Parma,23,2002,34,19,1840,20.4,1,1,2,1,0,0,2,0,0.05,0.05,0.10,0.05,0.10,Matches,Serie A,2025-26,15,3,20.0,0.73,0.15,0.07,0.33,,,,,,,,
265,Juan Jesus,br BRA,DF,Napoli,34,1991,24,19,1675,18.6,0,0,0,0,0,0,10,1,0.00,0.00,0.00,0.00,0.00,Matches,Serie A,2025-26,3,0,0.0,0.16,0.00,0.00,,,,,,,,,
266,Álex Jiménez,es ESP,DF,Milan,20,2005,1,0,45,0.5,0,0,0,0,0,0,1,0,0.00,0.00,0.00,0.00,0.00,Matches,Serie A,2025-26,0,0,,0.00,0.00,,,,,,,,,,
267,Þórir Jóhann Helgason,is ISL,MF,Lecce,24,2000,8,1,147,1.6,0,0,0,0,0,0,0,0,0.00,0.00,0.00,0.00,0.00,Matches,Serie A,2025-26,3,2,66.7,1.84,1.22,0.00,0.00,,,,,,,,
268,Dennis Johnsen,no NOR,"MF,FW",Cremonese,27,1998,11,5,390,4.3,1,1,2,1,0,0,0,0,0.23,0.23,0.46,0.23,0.46,Matches,Serie A,2025-26,5,2,40.0,1.15,0.46,0.20,0.50,,,,,,,,
269,Mohamed Kaba,gn GUI,MF,Lecce,23,2001,15,5,633,7.0,0,0,0,0,0,0,1,0,0.00,0.00,0.00,0.00,0.00,Matches,Serie A,2025-26,9,4,44.4,1.28,0.57,0.00,0.00,,,,,,,,
270,Christian Kabasele,be BEL,DF,Udinese,34,1991,30,28,2247,25.0,3,0,3,3,0,0,5,1,0.12,0.00,0.12,0.12,0.12,Matches,Serie A,2025-26,9,6,66.7,0.36,0.24,0.33,0.50,,,,,,,,
271,Pierre Kalulu,fr FRA,"DF,MF",Juventus,25,2000,37,37,3281,36.5,2,4,6,2,0,0,4,1,0.05,0.11,0.16,0.05,0.16,Matches,Serie A,2025-26,13,4,30.8,0.36,0.11,0.15,0.50,,,,,,,,
272,Hassane Kamara,ci CIV,"MF,DF",Udinese,31,1994,26,22,1861,20.7,0,2,2,0,0,0,5,0,0.00,0.10,0.10,0.00,0.10,Matches,Serie A,2025-26,16,5,31.3,0.77,0.24,0.00,0.00,,,,,,,,
273,Jesper Karlström,se SWE,MF,Udinese,30,1995,36,36,3146,35.0,1,0,1,1,0,0,6,0,0.03,0.00,0.03,0.03,0.03,Matches,Serie A,2025-26,20,3,15.0,0.57,0.09,0.05,0.33,,,,,,,,
274,Grigoris Kastanos,cy CYP,MF,Hellas Verona,27,1998,6,0,44,0.5,0,0,0,0,0,0,0,0,0.00,0.00,0.00,0.00,0.00,Matches,Serie A,2025-26,1,0,0.0,2.05,0.00,0.00,,,,,,,,,
275,Moise Kean,it ITA,FW,Fiorentina,25,2000,26,23,2036,22.6,8,1,9,6,2,2,4,0,0.35,0.04,0.40,0.27,0.31,Matches,Serie A,2025-26,98,27,27.6,4.33,1.19,0.06,0.22,,,,,,,,
276,Mandela Keita,be BEL,MF,Parma,23,2002,37,36,2979,33.1,1,1,2,1,0,0,1,0,0.03,0.03,0.06,0.03,0.06,Matches,Serie A,2025-26,16,5,31.3,0.48,0.15,0.06,0.20,,,,,,,,
277,Lloyd Kelly,eng ENG,DF,Juventus,26,1998,35,33,2996,33.3,1,1,2,1,0,0,4,0,0.03,0.03,0.06,0.03,0.06,Matches,Serie A,2025-26,17,3,17.6,0.51,0.09,0.06,0.33,,,,,,,,
278,Marc-Oliver Kempf,de GER,DF,Como,30,1995,34,27,2326,25.8,4,1,5,4,0,0,3,0,0.15,0.04,0.19,0.15,0.19,Matches,Serie A,2025-26,21,6,28.6,0.81,0.23,0.19,0.67,,,,,,,,
279,Kialonda,ao ANG,DF,Lecce,27,1997,23,21,1830,20.3,0,0,0,0,0,0,6,1,0.00,0.00,0.00,0.00,0.00,Matches,Serie A,2025-26,9,1,11.1,0.44,0.05,0.00,0.00,,,,,,,,
280,Semih Kılıçsoy,tr TUR,FW,Cagliari,19,2005,22,11,975,10.8,4,0,4,4,0,0,1,0,0.37,0.00,0.37,0.37,0.37,Matches,Serie A,2025-26,17,8,47.1,1.57,0.74,0.24,0.50,,,,,,,,
281,Sead Kolašinac,ba BIH,DF,Atalanta,32,1993,19,15,1212,13.5,0,0,0,0,0,0,3,0,0.00,0.00,0.00,0.00,0.00,Matches,Serie A,2025-26,3,0,0.0,0.22,0.00,0.00,,,,,,,,,
282,Ismaël Koné,ca CAN,MF,Sassuolo,23,2002,35,33,2737,30.4,6,0,6,6,0,0,5,1,0.20,0.00,0.20,0.20,0.20,Matches,Serie A,2025-26,23,10,43.5,0.76,0.33,0.26,0.60,,,,,,,,
283,Manu Koné,fr FRA,MF,Roma,24,2001,29,28,2456,27.3,2,3,5,2,0,0,2,0,0.07,0.11,0.18,0.07,0.18,Matches,Serie A,2025-26,21,5,23.8,0.77,0.18,0.10,0.40,,,,,,,,
284,Teun Koopmeiners,nl NED,"MF,DF",Juventus,27,1998,33,18,1827,20.3,0,0,0,0,0,0,5,0,0.00,0.00,0.00,0.00,0.00,Matches,Serie A,2025-26,28,7,25.0,1.38,0.34,0.00,0.00,,,,,,,,
285,Odilon Kossounou,ci CIV,DF,Atalanta,24,2001,19,10,988,11.0,1,0,1,1,0,0,1,0,0.09,0.00,0.09,0.09,0.09,Matches,Serie A,2025-26,5,1,20.0,0.46,0.09,0.20,1.00,,,,,,,,
286,Filip Kostić,rs SRB,MF,Juventus,32,1992,18,4,479,5.3,3,1,4,3,0,0,1,0,0.56,0.19,0.75,0.56,0.75,Matches,Serie A,2025-26,9,4,44.4,1.69,0.75,0.33,0.75,,,,,,,,
287,Eddy Kouadio,ci CIV,DF,Fiorentina,19,2006,3,0,72,0.8,0,0,0,0,0,0,0,0,0.00,0.00,0.00,0.00,0.00,Matches,Serie A,2025-26,0,0,,0.00,0.00,,,,,,,,,,
288,Christian Kouamé,ci CIV,"FW,MF",Fiorentina,27,1997,2,0,27,0.3,0,0,0,0,0,0,0,0,0.00,0.00,0.00,0.00,0.00,Matches,Serie A,2025-26,0,0,,0.00,0.00,,,,,,,,,,
289,Christ-Owen Kouassi,fr FRA,DF,Lecce,22,2003,4,3,228,2.5,0,0,0,0,0,0,0,0,0.00,0.00,0.00,0.00,0.00,Matches,Serie A,2025-26,0,0,,0.00,0.00,,,,,,,,,,
290,Thomas Kristensen,dk DEN,DF,Udinese,23,2002,28,28,2472,27.5,3,0,3,3,0,0,4,0,0.11,0.00,0.11,0.11,0.11,Matches,Serie A,2025-26,11,6,54.5,0.40,0.22,0.27,0.50,,,,,,,,
291,Nikola Krstović,me MNE,FW,Atalanta,25,2000,33,18,1791,19.9,10,5,15,10,0,0,4,0,0.50,0.25,0.75,0.50,0.75,Matches,Serie A,2025-26,99,34,34.3,4.97,1.71,0.10,0.29,,,,,,,,
292,Nicolas-Gerrit Kühn,de GER,MF,Como,25,2000,23,6,665,7.4,1,1,2,1,0,0,0,0,0.14,0.14,0.27,0.14,0.27,Matches,Serie A,2025-26,8,3,37.5,1.08,0.41,0.13,0.33,,,,,,,,
293,Sandro Kulenović,hr CRO,FW,Torino,25,1999,13,3,300,3.3,0,1,1,0,0,0,2,0,0.00,0.30,0.30,0.00,0.30,Matches,Serie A,2025-26,5,2,40.0,1.50,0.60,0.00,0.00,,,,,,,,
294,Gael Lafont,fr FRA,FW,Genoa,19,2006,1,0,8,0.1,0,0,0,0,0,0,0,0,0.00,0.00,0.00,0.00,0.00,Matches,Serie A,2025-26,0,0,,0.00,0.00,,,,,,,,,,
295,Tariq Lamptey,gh GHA,MF,Fiorentina,24,2000,2,1,25,0.3,0,0,0,0,0,0,0,0,0.00,0.00,0.00,0.00,0.00,Matches,Serie A,2025-26,0,0,,0.00,0.00,,,,,,,,,,
296,Noa Lang,nl NED,"FW,MF",Napoli,26,1999,18,7,666,7.4,1,2,3,1,0,0,2,0,0.14,0.27,0.41,0.14,0.41,Matches,Serie A,2025-26,9,4,44.4,1.22,0.54,0.11,0.25,,,,,,,,
297,Armand Lauriente,fr FRA,FW,Sassuolo,26,1998,38,33,2592,28.8,7,9,16,7,0,0,4,0,0.24,0.31,0.56,0.24,0.56,Matches,Serie A,2025-26,71,26,36.6,2.47,0.90,0.10,0.27,,,,,,,,
298,Matteo Lavelli,it ITA,FW,Inter,18,2006,1,0,8,0.1,0,0,0,0,0,0,0,0,0.00,0.00,0.00,0.00,0.00,Matches,Serie A,2025-26,0,0,,0.00,0.00,,,,,,,,,,
299,Valentino Lazaro,at AUT,MF,Torino,29,1996,31,26,2252,25.0,0,2,2,0,0,0,4,0,0.00,0.08,0.08,0.00,0.08,Matches,Serie A,2025-26,8,2,25.0,0.32,0.08,0.00,0.00,,,,,,,,
300,Manuel Lazzari,it ITA,DF,Lazio,31,1993,23,9,938,10.4,0,0,0,0,0,0,2,0,0.00,0.00,0.00,0.00,0.00,Matches,Serie A,2025-26,4,2,50.0,0.38,0.19,0.00,0.00,,,,,,,,
301,Andréa Le Borgne,fr FRA,MF,Como,19,2006,1,0,1,0.0,0,0,0,0,0,0,0,0,0.00,0.00,0.00,0.00,0.00,Matches,Serie A,2025-26,0,0,,0.00,0.00,,,,,,,,,,
302,Nicola Leali,it ITA,GK,Genoa,32,1993,22,21,1847,20.5,0,0,0,0,0,0,2,1,0.00,0.00,0.00,0.00,0.00,Matches,Serie A,2025-26,0,0,,0.00,0.00,,,28,1.36,86,58,67.4,4,19.0,0.0
303,Rafael Leão,pt POR,FW,Milan,26,1999,29,23,1851,20.6,9,3,12,7,2,2,5,0,0.44,0.15,0.58,0.34,0.49,Matches,Serie A,2025-26,63,24,38.1,3.06,1.17,0.11,0.29,,,,,,,,
304,Mehdi Léris,dz ALG,MF,Pisa,27,1998,34,21,1900,21.1,2,3,5,2,0,0,2,0,0.09,0.14,0.24,0.09,0.24,Matches,Serie A,2025-26,25,7,28.0,1.18,0.33,0.08,0.29,,,,,,,,
305,Luca Lezzerini,it ITA,GK,Fiorentina,30,1995,1,0,4,0.0,0,0,0,0,0,0,0,0,0.00,0.00,0.00,0.00,0.00,Matches,Serie A,2025-26,0,0,,0.00,0.00,,,0,0.00,0,0,,0,,
306,Luca Lipani,it ITA,MF,Sassuolo,20,2005,24,10,1034,11.5,0,1,1,0,0,0,3,0,0.00,0.09,0.09,0.00,0.09,Matches,Serie A,2025-26,12,3,25.0,1.04,0.26,0.00,0.00,,,,,,,,
307,Pol Lirola,es ESP,MF,Hellas Verona,27,1997,6,3,305,3.4,0,0,0,0,0,0,1,0,0.00,0.00,0.00,0.00,0.00,Matches,Serie A,2025-26,0,0,,0.00,0.00,,,,,,,,,,
308,Joseph Liteta,zm ZAM,MF,Cagliari,19,2006,4,4,264,2.9,0,0,0,0,0,0,0,0,0.00,0.00,0.00,0.00,0.00,Matches,Serie A,2025-26,0,0,,0.00,0.00,,,,,,,,,,
309,Stanislav Lobotka,sk SVK,MF,Napoli,30,1994,32,29,2431,27.0,1,1,2,1,0,0,3,0,0.04,0.04,0.07,0.04,0.07,Matches,Serie A,2025-26,8,4,50.0,0.30,0.15,0.13,0.25,,,,,,,,
310,Manuel Locatelli,it ITA,MF,Juventus,27,1998,36,36,2994,33.3,1,2,3,1,0,1,9,0,0.03,0.06,0.09,0.03,0.09,Matches,Serie A,2025-26,46,12,26.1,1.38,0.36,0.02,0.08,,,,,,,,
311,Ruben Loftus-Cheek,eng ENG,"MF,FW",Milan,29,1996,28,12,1133,12.6,3,1,4,3,0,0,2,0,0.24,0.08,0.32,0.24,0.32,Matches,Serie A,2025-26,29,6,20.7,2.30,0.48,0.10,0.50,,,,,,,,
312,Ademola Lookman,ng NGA,"FW,MF",Atalanta,27,1997,12,9,795,8.8,2,0,2,2,0,0,0,0,0.23,0.00,0.23,0.23,0.23,Matches,Serie A,2025-26,27,8,29.6,3.06,0.91,0.07,0.25,,,,,,,,
313,Dachi Lordkipanidze,ge GEO,MF,Cremonese,20,2005,1,0,29,0.3,0,0,0,0,0,0,0,0,0.00,0.00,0.00,0.00,0.00,Matches,Serie A,2025-26,0,0,,0.00,0.00,,,,,,,,,,
314,Lorran,br BRA,FW,Pisa,19,2006,9,0,122,1.4,1,0,1,1,0,0,0,0,0.74,0.00,0.74,0.74,0.74,Matches,Serie A,2025-26,3,1,33.3,2.21,0.74,0.33,1.00,,,,,,,,
315,Simone Lottici Tessadri,it ITA,MF,Cremonese,19,2006,1,0,6,0.1,0,0,0,0,0,0,0,0,0.00,0.00,0.00,0.00,0.00,Matches,Serie A,2025-26,1,0,0.0,15.00,0.00,0.00,,,,,,,,,
316,Sandi Lovrić,si SVN,MF,Udinese,27,1998,6,1,161,1.8,0,1,1,0,0,0,1,0,0.00,0.56,0.56,0.00,0.56,Matches,Serie A,2025-26,3,1,33.3,1.68,0.56,0.00,0.00,,,,,,,,
317,Sandi Lovrić,si SVN,MF,Hellas Verona,27,1998,7,3,309,3.4,0,0,0,0,0,0,1,0,0.00,0.00,0.00,0.00,0.00,Matches,Serie A,2025-26,2,1,50.0,0.58,0.29,0.00,0.00,,,,,,,,
318,Felipe Loyola,cl CHI,MF,Pisa,24,2000,11,6,538,6.0,1,0,1,1,0,0,0,1,0.17,0.00,0.17,0.17,0.17,Matches,Serie A,2025-26,9,1,11.1,1.51,0.17,0.11,1.00,,,,,,,,
319,Lorenzo Lucca,it ITA,FW,Napoli,24,2000,16,4,408,4.5,1,0,1,1,0,0,1,0,0.22,0.00,0.22,0.22,0.22,Matches,Serie A,2025-26,15,5,33.3,3.31,1.10,0.07,0.20,,,,,,,,
320,Jhon Lucumí,co COL,DF,Bologna,27,1998,29,26,2287,25.4,1,0,1,1,0,0,5,0,0.04,0.00,0.04,0.04,0.04,Matches,Serie A,2025-26,8,2,25.0,0.31,0.08,0.13,0.50,,,,,,,,
321,Romelu Lukaku,be BEL,FW,Napoli,32,1993,5,0,44,0.5,1,0,1,1,0,0,1,0,2.05,0.00,2.05,2.05,2.05,Matches,Serie A,2025-26,2,1,50.0,4.09,2.05,0.50,1.00,,,,,,,,
322,Sebastiano Luperto,it ITA,DF,Cremonese,28,1996,15,15,1307,14.5,0,1,1,0,0,0,1,0,0.00,0.07,0.07,0.00,0.07,Matches,Serie A,2025-26,5,2,40.0,0.34,0.14,0.00,0.00,,,,,,,,
323,Sebastiano Luperto,it ITA,DF,Cagliari,28,1996,19,19,1706,19.0,1,0,1,1,0,0,3,0,0.05,0.00,0.05,0.05,0.05,Matches,Serie A,2025-26,7,3,42.9,0.37,0.16,0.14,0.33,,,,,,,,
324,Mateus Lusuardi,br BRA,DF,Pisa,21,2004,3,3,198,2.2,0,0,0,0,0,0,1,0,0.00,0.00,0.00,0.00,0.00,Matches,Serie A,2025-26,4,0,0.0,1.82,0.00,0.00,,,,,,,,,
325,Zito Luvumbo,ao ANG,"MF,FW",Cagliari,23,2002,12,2,329,3.7,0,0,0,0,0,0,0,0,0.00,0.00,0.00,0.00,0.00,Matches,Serie A,2025-26,12,6,50.0,3.28,1.64,0.00,0.00,,,,,,,,
326,Babis Lykogiannis,gr GRE,DF,Bologna,31,1993,10,7,627,7.0,0,1,1,0,0,0,3,0,0.00,0.14,0.14,0.00,0.14,Matches,Serie A,2025-26,7,2,28.6,1.00,0.29,0.00,0.00,,,,,,,,
327,Mathias Løvik,no NOR,MF,Parma,21,2003,9,5,471,5.2,0,0,0,0,0,0,0,0,0.00,0.00,0.00,0.00,0.00,Matches,Serie A,2025-26,3,0,0.0,0.57,0.00,0.00,,,,,,,,,
328,Tommaso Macchioni,it ITA,DF,Sassuolo,19,2006,1,1,90,1.0,0,0,0,0,0,0,1,0,0.00,0.00,0.00,0.00,0.00,Matches,Serie A,2025-26,1,0,0.0,1.00,0.00,0.00,,,,,,,,,
329,Mike Maignan,fr FRA,GK,Milan,30,1995,37,37,3295,36.6,0,0,0,0,0,0,4,0,0.00,0.00,0.00,0.00,0.00,Matches,Serie A,2025-26,0,0,,0.00,0.00,,,35,0.96,141,106,75.2,14,37.8,28.6
330,Daniel Maldini,it ITA,FW,Lazio,23,2001,12,9,687,7.6,2,1,3,2,0,0,0,0,0.26,0.13,0.39,0.26,0.39,Matches,Serie A,2025-26,15,5,33.3,1.97,0.66,0.13,0.40,,,,,,,,
331,Daniel Maldini,it ITA,MF,Atalanta,23,2001,9,3,264,2.9,0,0,0,0,0,0,1,0,0.00,0.00,0.00,0.00,0.00,Matches,Serie A,2025-26,8,2,25.0,2.73,0.68,0.00,0.00,,,,,,,,
332,Youssef Maleh,ma MAR,MF,Cremonese,26,1998,14,14,1100,12.2,1,0,1,1,0,0,2,1,0.08,0.00,0.08,0.08,0.08,Matches,Serie A,2025-26,15,3,20.0,1.23,0.25,0.07,0.33,,,,,,,,
333,Youssef Maleh,ma MAR,MF,Lecce,26,1998,9,5,460,5.1,0,0,0,0,0,0,2,0,0.00,0.00,0.00,0.00,0.00,Matches,Serie A,2025-26,7,1,14.3,1.37,0.20,0.00,0.00,,,,,,,,
334,Donyell Malen,nl NED,FW,Roma,26,1999,18,18,1467,16.3,14,2,16,11,3,4,1,0,0.86,0.12,0.98,0.67,0.80,Matches,Serie A,2025-26,70,31,44.3,4.29,1.90,0.16,0.35,,,,,,,,
335,Ruslan Malinovskyi,ua UKR,MF,Genoa,32,1993,34,28,2235,24.8,6,3,9,3,3,3,10,0,0.24,0.12,0.36,0.12,0.24,Matches,Serie A,2025-26,55,15,27.3,2.21,0.60,0.05,0.20,,,,,,,,
336,Gianluca Mancini,it ITA,DF,Roma,29,1996,36,36,3059,34.0,4,2,6,4,0,0,9,0,0.12,0.06,0.18,0.12,0.18,Matches,Serie A,2025-26,20,8,40.0,0.59,0.24,0.20,0.50,,,,,,,,
337,Rolando Mandragora,it ITA,MF,Fiorentina,28,1997,34,30,2421,26.9,7,3,10,6,1,1,7,0,0.26,0.11,0.37,0.22,0.33,Matches,Serie A,2025-26,64,18,28.1,2.38,0.67,0.09,0.33,,,,,,,,
338,Alessandro Marcandalli,it ITA,DF,Genoa,22,2002,32,29,2597,28.9,0,2,2,0,0,0,4,0,0.00,0.07,0.07,0.00,0.07,Matches,Serie A,2025-26,5,2,40.0,0.17,0.07,0.00,0.00,,,,,,,,
339,Pablo Marí,es ESP,DF,Fiorentina,31,1993,11,9,808,9.0,0,0,0,0,0,0,3,0,0.00,0.00,0.00,0.00,0.00,Matches,Serie A,2025-26,2,0,0.0,0.22,0.00,0.00,,,,,,,,,
340,Luca Marianucci,it ITA,DF,Torino,21,2004,10,6,575,6.4,0,0,0,0,0,0,2,0,0.00,0.00,0.00,0.00,0.00,Matches,Serie A,2025-26,1,0,0.0,0.16,0.00,0.00,,,,,,,,,
341,Luca Marianucci,it ITA,DF,Napoli,21,2004,2,1,119,1.3,0,1,1,0,0,0,0,0,0.00,0.76,0.76,0.00,0.76,Matches,Serie A,2025-26,1,0,0.0,0.76,0.00,0.00,,,,,,,,,
342,Marius Marin,ro ROU,MF,Pisa,26,1998,23,18,1281,14.2,0,0,0,0,0,0,7,0,0.00,0.00,0.00,0.00,0.00,Matches,Serie A,2025-26,3,0,0.0,0.21,0.00,0.00,,,,,,,,,
343,João Mário Lopes,pt POR,"DF,MF",Bologna,25,2000,10,10,735,8.2,1,0,1,1,0,0,1,0,0.12,0.00,0.12,0.12,0.12,Matches,Serie A,2025-26,4,2,50.0,0.49,0.24,0.25,0.50,,,,,,,,
344,João Mário Lopes,pt POR,MF,Juventus,25,2000,10,2,258,2.9,0,0,0,0,0,0,1,0,0.00,0.00,0.00,0.00,0.00,Matches,Serie A,2025-26,3,0,0.0,1.05,0.00,0.00,,,,,,,,,
345,Guillermo Maripán,cl CHI,DF,Torino,31,1994,27,24,2145,23.8,2,0,2,2,0,0,4,0,0.08,0.00,0.08,0.08,0.08,Matches,Serie A,2025-26,18,8,44.4,0.76,0.34,0.11,0.25,,,,,,,,
346,Aarón Martín,es ESP,"MF,DF",Genoa,28,1997,33,26,2156,24.0,1,5,6,1,0,1,2,0,0.04,0.21,0.25,0.04,0.25,Matches,Serie A,2025-26,11,4,36.4,0.46,0.17,0.09,0.25,,,,,,,,
347,Josep Martinez,es ESP,GK,Inter,27,1998,5,5,450,5.0,0,0,0,0,0,0,0,0,0.00,0.00,0.00,0.00,0.00,Matches,Serie A,2025-26,0,0,,0.00,0.00,,,4,0.80,14,10,71.4,3,60.0,
348,Lautaro Martínez,ar ARG,FW,Inter,27,1997,30,27,2159,24.0,17,6,23,17,0,0,4,0,0.71,0.25,0.96,0.71,0.96,Matches,Serie A,2025-26,92,39,42.4,3.84,1.63,0.18,0.44,,,,,,,,
349,Adam Marušić,me MNE,DF,Lazio,32,1992,33,32,2778,30.9,1,2,3,1,0,0,1,1,0.03,0.06,0.10,0.03,0.10,Matches,Serie A,2025-26,16,7,43.8,0.52,0.23,0.06,0.14,,,,,,,,
350,Adam Masina,ma MAR,DF,Torino,31,1994,5,2,235,2.6,0,1,1,0,0,0,0,0,0.00,0.38,0.38,0.00,0.38,Matches,Serie A,2025-26,0,0,,0.00,0.00,,,,,,,,,,
351,Patrizio Masini,it ITA,MF,Genoa,24,2001,28,13,1413,15.7,0,1,1,0,0,0,5,0,0.00,0.06,0.06,0.00,0.06,Matches,Serie A,2025-26,18,5,27.8,1.15,0.32,0.00,0.00,,,,,,,,
352,Nemanja Matić,rs SRB,MF,Sassuolo,36,1988,34,31,2660,29.6,1,1,2,1,0,0,7,1,0.03,0.03,0.07,0.03,0.07,Matches,Serie A,2025-26,11,4,36.4,0.37,0.14,0.09,0.25,,,,,,,,
353,Luca Mazzitelli,it ITA,MF,Cagliari,29,1995,18,9,767,8.5,2,2,4,2,0,0,3,0,0.23,0.23,0.47,0.23,0.47,Matches,Serie A,2025-26,15,5,33.3,1.76,0.59,0.13,0.40,,,,,,,,
354,Pasquale Mazzocchi,it ITA,MF,Napoli,30,1995,16,2,310,3.4,0,1,1,0,0,0,0,1,0.00,0.29,0.29,0.00,0.29,Matches,Serie A,2025-26,2,1,50.0,0.58,0.29,0.00,0.00,,,,,,,,
355,Weston McKennie,us USA,MF,Juventus,26,1998,36,32,2835,31.5,5,5,10,5,0,0,5,0,0.16,0.16,0.32,0.16,0.32,Matches,Serie A,2025-26,43,16,37.2,1.37,0.51,0.12,0.31,,,,,,,,
356,Scott McTominay,sct SCO,MF,Napoli,28,1996,33,31,2791,31.0,10,3,13,10,0,1,1,0,0.32,0.10,0.42,0.32,0.42,Matches,Serie A,2025-26,101,34,33.7,3.26,1.10,0.10,0.29,,,,,,,,
357,Henrik Meister,dk DEN,FW,Pisa,21,2003,28,15,1515,16.8,2,0,2,2,0,0,2,0,0.12,0.00,0.12,0.12,0.12,Matches,Serie A,2025-26,20,8,40.0,1.19,0.48,0.10,0.25,,,,,,,,
358,Paul Mendy,sn SEN,FW,Cagliari,18,2007,9,3,335,3.7,2,0,2,2,0,0,1,0,0.54,0.00,0.54,0.54,0.54,Matches,Serie A,2025-26,15,3,20.0,4.03,0.81,0.13,0.67,,,,,,,,
359,Alex Meret,it ITA,GK,Napoli,28,1997,11,11,979,10.9,0,1,1,0,0,0,1,0,0.00,0.09,0.09,0.00,0.09,Matches,Serie A,2025-26,0,0,,0.00,0.00,,,12,1.10,33,21,63.6,4,36.4,0.0
360,Junior Messias,br BRA,MF,Genoa,34,1991,20,5,685,7.6,3,1,4,2,1,1,1,0,0.39,0.13,0.53,0.26,0.39,Matches,Serie A,2025-26,19,7,36.8,2.50,0.92,0.11,0.29,,,,,,,,
361,Daniel Mikołajewski,pl POL,FW,Parma,19,2006,3,1,70,0.8,0,0,0,0,0,0,0,0,0.00,0.00,0.00,0.00,0.00,Matches,Serie A,2025-26,1,0,0.0,1.29,0.00,0.00,,,,,,,,,
362,Arkadiusz Milik,pl POL,FW,Juventus,31,1994,2,0,36,0.4,0,0,0,0,0,0,0,0,0.00,0.00,0.00,0.00,0.00,Matches,Serie A,2025-26,2,2,100.0,5.00,5.00,0.00,0.00,,,,,,,,
363,Vanja Milinković-Savić,rs SRB,GK,Napoli,28,1997,27,27,2430,27.0,0,1,1,0,0,0,0,0,0.00,0.04,0.04,0.00,0.04,Matches,Serie A,2025-26,0,0,,0.00,0.00,,,24,0.89,77,52,68.8,11,40.7,37.5
364,Lennon Miller,sct SCO,MF,Udinese,18,2006,24,9,996,11.1,0,2,2,0,0,0,4,0,0.00,0.18,0.18,0.00,0.18,Matches,Serie A,2025-26,9,1,11.1,0.81,0.09,0.00,0.00,,,,,,,,
365,Yerry Mina,co COL,DF,Cagliari,30,1994,26,26,2150,23.9,2,0,2,2,0,0,5,1,0.08,0.00,0.08,0.08,0.08,Matches,Serie A,2025-26,10,3,30.0,0.42,0.13,0.20,0.67,,,,,,,,
366,Juan Miranda,es ESP,DF,Bologna,25,2000,32,29,2573,28.6,1,3,4,1,0,0,6,0,0.03,0.10,0.14,0.03,0.14,Matches,Serie A,2025-26,13,5,38.5,0.45,0.17,0.08,0.20,,,,,,,,
367,Fabio Miretti,it ITA,MF,Juventus,21,2003,23,5,617,6.9,1,2,3,1,0,0,1,0,0.15,0.29,0.44,0.15,0.44,Matches,Serie A,2025-26,18,5,27.8,2.63,0.73,0.06,0.20,,,,,,,,
368,Henrikh Mkhitaryan,am ARM,MF,Inter,36,1989,30,16,1560,17.3,4,1,5,4,0,0,5,0,0.23,0.06,0.29,0.23,0.29,Matches,Serie A,2025-26,43,14,32.6,2.48,0.81,0.09,0.29,,,,,,,,
369,Branimir Mlacic,hr CRO,DF,Udinese,18,2007,7,2,166,1.8,0,0,0,0,0,0,2,0,0.00,0.00,0.00,0.00,0.00,Matches,Serie A,2025-26,1,0,0.0,0.54,0.00,0.00,,,,,,,,,
370,Rui Modesto,ao ANG,MF,Udinese,25,1999,3,0,119,1.3,0,1,1,0,0,0,0,0,0.00,0.76,0.76,0.00,0.76,Matches,Serie A,2025-26,1,1,100.0,0.76,0.76,0.00,0.00,,,,,,,,
371,Luka Modrić,hr CRO,MF,Milan,39,1985,34,32,2811,31.2,2,3,5,2,0,0,4,0,0.06,0.10,0.16,0.06,0.16,Matches,Serie A,2025-26,20,8,40.0,0.64,0.26,0.10,0.25,,,,,,,,
372,Lorenzo Montipò,it ITA,GK,Hellas Verona,29,1996,35,35,3150,35.0,0,1,1,0,0,0,0,0,0.00,0.03,0.03,0.00,0.03,Matches,Serie A,2025-26,0,0,,0.00,0.00,,,54,1.54,142,87,62.0,5,14.3,60.0
373,Álvaro Morata,es ESP,FW,Como,32,1992,26,9,930,10.3,0,1,1,0,0,1,4,1,0.00,0.10,0.10,0.00,0.10,Matches,Serie A,2025-26,23,8,34.8,2.23,0.77,0.00,0.00,,,,,,,,
374,Alberto Moreno,es ESP,DF,Como,33,1992,19,13,1233,13.7,2,1,3,2,0,0,4,0,0.15,0.07,0.22,0.15,0.22,Matches,Serie A,2025-26,11,4,36.4,0.80,0.29,0.18,0.50,,,,,,,,
375,Tete Morente,es ESP,"FW,MF",Lecce,28,1996,16,9,859,9.5,0,0,0,0,0,0,2,0,0.00,0.00,0.00,0.00,0.00,Matches,Serie A,2025-26,14,2,14.3,1.47,0.21,0.00,0.00,,,,,,,,
376,Stefano Moreo,it ITA,"FW,MF",Pisa,32,1993,37,29,2307,25.6,7,1,8,5,2,2,2,0,0.27,0.04,0.31,0.20,0.23,Matches,Serie A,2025-26,52,20,38.5,2.03,0.78,0.10,0.25,,,,,,,,
377,Luca Moro,it ITA,FW,Sassuolo,24,2001,14,1,211,2.3,0,0,0,0,0,0,1,0,0.00,0.00,0.00,0.00,0.00,Matches,Serie A,2025-26,6,1,16.7,2.56,0.43,0.00,0.00,,,,,,,,
378,Nikola Moro,hr CRO,MF,Bologna,27,1998,30,19,1799,20.0,2,0,2,2,0,0,1,0,0.10,0.00,0.10,0.10,0.10,Matches,Serie A,2025-26,21,2,9.5,1.05,0.10,0.10,1.00,,,,,,,,
379,Mattia Mosconi,it ITA,FW,Inter,18,2007,2,0,27,0.3,0,0,0,0,0,0,0,0,0.00,0.00,0.00,0.00,0.00,Matches,Serie A,2025-26,2,0,0.0,6.67,0.00,0.00,,,,,,,,,
380,Daniel Mosquera,co COL,FW,Hellas Verona,25,1999,22,5,597,6.6,0,2,2,0,0,0,1,0,0.00,0.30,0.30,0.00,0.30,Matches,Serie A,2025-26,16,5,31.3,2.41,0.75,0.00,0.00,,,,,,,,
381,Edoardo Motta,it ITA,GK,Lazio,20,2005,9,9,810,9.0,0,0,0,0,0,0,1,0,0.00,0.00,0.00,0.00,0.00,Matches,Serie A,2025-26,0,0,,0.00,0.00,,,10,1.11,32,22,68.8,3,33.3,100.0
382,Tarik Muharemovic,ba BIH,DF,Sassuolo,22,2003,32,32,2835,31.5,2,2,4,2,0,0,7,0,0.06,0.06,0.13,0.06,0.13,Matches,Serie A,2025-26,20,7,35.0,0.63,0.22,0.10,0.29,,,,,,,,
383,Arijanet Muric,xk KVX,GK,Sassuolo,26,1998,32,32,2880,32.0,0,0,0,0,0,0,4,0,0.00,0.00,0.00,0.00,0.00,Matches,Serie A,2025-26,0,0,,0.00,0.00,,,43,1.34,161,118,73.3,6,18.8,16.7
384,Yunus Musah,us USA,MF,Milan,22,2002,1,1,90,1.0,0,0,0,0,0,0,0,0,0.00,0.00,0.00,0.00,0.00,Matches,Serie A,2025-26,0,0,,0.00,0.00,,,,,,,,,,
385,Yunus Musah,us USA,MF,Atalanta,22,2002,19,4,574,6.4,1,0,1,1,0,0,1,0,0.16,0.00,0.16,0.16,0.16,Matches,Serie A,2025-26,7,2,28.6,1.10,0.31,0.14,0.50,,,,,,,,
386,Cheveyo Muy,nl NED,FW,Milan,18,2006,2,0,5,0.1,0,0,0,0,0,0,0,0,0.00,0.00,0.00,0.00,0.00,Matches,Serie A,2025-26,1,0,0.0,18.00,0.00,0.00,,,,,,,,,
387,Obite N'Dicka,ci CIV,DF,Roma,25,1999,31,31,2680,29.8,3,0,3,3,0,0,5,0,0.10,0.00,0.10,0.10,0.10,Matches,Serie A,2025-26,23,6,26.1,0.77,0.20,0.13,0.50,,,,,,,,
388,Konan N'dri,ne NIG,MF,Lecce,24,2000,27,1,544,6.0,2,0,2,2,0,0,3,0,0.33,0.00,0.33,0.33,0.33,Matches,Serie A,2025-26,19,5,26.3,3.14,0.83,0.11,0.40,,,,,,,,
389,Corrie Ndaba,ie IRL,DF,Lecce,25,1999,14,6,543,6.0,0,0,0,0,0,0,0,0,0.00,0.00,0.00,0.00,0.00,Matches,Serie A,2025-26,2,0,0.0,0.33,0.00,0.00,,,,,,,,,
390,Michel Ndary Adopo,fr FRA,MF,Cagliari,25,2000,38,33,3050,33.9,1,2,3,1,0,0,4,0,0.03,0.06,0.09,0.03,0.09,Matches,Serie A,2025-26,28,11,39.3,0.83,0.32,0.04,0.09,,,,,,,,
391,Abdoulaye Ndiaye,sn SEN,DF,Parma,23,2002,11,9,780,8.7,0,0,0,0,0,0,5,1,0.00,0.00,0.00,0.00,0.00,Matches,Serie A,2025-26,6,0,0.0,0.69,0.00,0.00,,,,,,,,,
392,Cher Ndour,it ITA,MF,Fiorentina,21,2004,33,20,1876,20.8,3,0,3,3,0,0,2,0,0.14,0.00,0.14,0.14,0.14,Matches,Serie A,2025-26,24,8,33.3,1.15,0.38,0.13,0.38,,,,,,,,
393,Victor Nelsson,dk DEN,DF,Hellas Verona,26,1998,38,37,3315,36.8,0,0,0,0,0,0,4,0,0.00,0.00,0.00,0.00,0.00,Matches,Serie A,2025-26,8,1,12.5,0.22,0.03,0.00,0.00,,,,,,,,
394,David Neres,br BRA,"FW,MF",Napoli,28,1997,16,10,922,10.2,3,3,6,3,0,0,3,0,0.29,0.29,0.59,0.29,0.59,Matches,Serie A,2025-26,17,4,23.5,1.66,0.39,0.18,0.75,,,,,,,,
395,Oumar Ngom,mr MTN,MF,Lecce,21,2004,15,10,842,9.4,0,0,0,0,0,0,1,0,0.00,0.00,0.00,0.00,0.00,Matches,Serie A,2025-26,5,2,40.0,0.53,0.21,0.00,0.00,,,,,,,,
396,Cyril Ngonge,be BEL,FW,Torino,25,2000,20,11,994,11.0,1,1,2,1,0,0,2,0,0.09,0.09,0.18,0.09,0.18,Matches,Serie A,2025-26,24,12,50.0,2.17,1.09,0.04,0.08,,,,,,,,
397,Mikayil Ngor Faye,sn SEN,"MF,DF",Cremonese,21,2004,8,2,254,2.8,0,0,0,0,0,0,1,0,0.00,0.00,0.00,0.00,0.00,Matches,Serie A,2025-26,2,0,0.0,0.71,0.00,0.00,,,,,,,,,
398,Cheikh Niasse,sn SEN,MF,Hellas Verona,25,2000,19,11,970,10.8,0,1,1,0,0,0,1,0,0.00,0.09,0.09,0.00,0.09,Matches,Serie A,2025-26,6,1,16.7,0.56,0.09,0.00,0.00,,,,,,,,
399,Hans Nicolussi Caviglia,it ITA,MF,Fiorentina,25,2000,11,7,585,6.5,0,1,1,0,0,0,4,0,0.00,0.15,0.15,0.00,0.15,Matches,Serie A,2025-26,4,1,25.0,0.62,0.15,0.00,0.00,,,,,,,,
400,Hans Nicolussi Caviglia,it ITA,MF,Parma,25,2000,15,10,869,9.7,0,3,3,0,0,0,0,0,0.00,0.31,0.31,0.00,0.31,Matches,Serie A,2025-26,16,2,12.5,1.66,0.21,0.00,0.00,,,,,,,,
401,Oliver Nielsen,dk DEN,DF,Lazio,22,2003,26,13,1536,17.1,0,0,0,0,0,0,3,0,0.00,0.00,0.00,0.00,0.00,Matches,Serie A,2025-26,6,2,33.3,0.35,0.12,0.00,0.00,,,,,,,,
402,Alieu Njie,se SWE,"MF,FW",Torino,20,2005,15,2,299,3.3,1,1,2,1,0,0,2,0,0.30,0.30,0.60,0.30,0.60,Matches,Serie A,2025-26,6,3,50.0,1.81,0.90,0.17,0.33,,,,,,,,
403,Niels Nkounkou,fr FRA,"MF,DF",Torino,24,2000,11,3,355,3.9,0,1,1,0,0,0,3,0,0.00,0.25,0.25,0.00,0.25,Matches,Serie A,2025-26,4,1,25.0,1.01,0.25,0.00,0.00,,,,,,,,
404,Christopher Nkunku,fr FRA,FW,Milan,27,1997,32,15,1356,15.1,7,3,10,2,5,5,0,0,0.46,0.20,0.66,0.13,0.33,Matches,Serie A,2025-26,29,16,55.2,1.92,1.06,0.07,0.13,,,,,,,,
405,Brooke Norton-Cuffy,eng ENG,"MF,DF",Genoa,21,2004,27,25,2212,24.6,2,1,3,2,0,0,5,1,0.08,0.04,0.12,0.08,0.12,Matches,Serie A,2025-26,15,6,40.0,0.61,0.24,0.13,0.33,,,,,,,,
406,Tijjani Noslin,nl NED,FW,Lazio,26,1999,29,9,1148,12.8,4,2,6,4,0,0,6,1,0.31,0.16,0.47,0.31,0.47,Matches,Serie A,2025-26,35,13,37.1,2.74,1.02,0.11,0.31,,,,,,,,
407,Unai Núñez,es ESP,DF,Hellas Verona,28,1997,17,15,1265,14.1,0,0,0,0,0,0,6,0,0.00,0.00,0.00,0.00,0.00,Matches,Serie A,2025-26,7,1,14.3,0.50,0.07,0.00,0.00,,,,,,,,
408,Joi Nuredini,al ALB,FW,Genoa,17,2007,1,0,2,0.0,0,0,0,0,0,0,0,0,0.00,0.00,0.00,0.00,0.00,Matches,Serie A,2025-26,0,0,,0.00,0.00,,,,,,,,,,
409,M'Bala Nzola,ao ANG,FW,Sassuolo,28,1996,14,4,473,5.3,1,1,2,1,0,0,1,0,0.19,0.19,0.38,0.19,0.38,Matches,Serie A,2025-26,11,4,36.4,2.09,0.76,0.09,0.25,,,,,,,,
410,M'Bala Nzola,ao ANG,FW,Pisa,28,1996,16,11,1052,11.7,3,0,3,1,2,3,1,1,0.26,0.00,0.26,0.09,0.09,Matches,Serie A,2025-26,28,7,25.0,2.40,0.60,0.04,0.14,,,,,,,,
411,Adam Obert,sk SVK,"DF,MF",Cagliari,22,2002,35,33,2771,30.8,0,3,3,0,0,0,10,1,0.00,0.10,0.10,0.00,0.10,Matches,Serie A,2025-26,10,3,30.0,0.32,0.10,0.00,0.00,,,,,,,,
412,Rafel Obrador,es ESP,MF,Torino,21,2004,16,14,1116,12.4,1,3,4,1,0,0,1,0,0.08,0.24,0.32,0.08,0.32,Matches,Serie A,2025-26,7,2,28.6,0.56,0.16,0.14,0.50,,,,,,,,
413,Cas Odenthal,nl NED,DF,Sassuolo,24,2000,1,0,1,0.0,0,0,0,0,0,0,0,0,0.00,0.00,0.00,0.00,0.00,Matches,Serie A,2025-26,0,0,,0.00,0.00,,,,,,,,,,
414,Jens Odgaard,dk DEN,MF,Bologna,26,1999,26,16,1378,15.3,5,1,6,5,0,0,1,0,0.33,0.07,0.39,0.33,0.39,Matches,Serie A,2025-26,35,13,37.1,2.29,0.85,0.14,0.38,,,,,,,,
415,David Odogu,de GER,DF,Milan,19,2006,2,0,6,0.1,0,0,0,0,0,0,0,0,0.00,0.00,0.00,0.00,0.00,Matches,Serie A,2025-26,0,0,,0.00,0.00,,,,,,,,,,
416,David Okereke,ng NGA,"FW,MF",Cremonese,27,1997,10,3,403,4.5,2,0,2,2,0,0,0,1,0.45,0.00,0.45,0.45,0.45,Matches,Serie A,2025-26,8,5,62.5,1.79,1.12,0.25,0.40,,,,,,,,
417,Maduka Okoye,ng NGA,GK,Udinese,25,1999,30,30,2616,29.1,0,0,0,0,0,0,1,1,0.00,0.00,0.00,0.00,0.00,Matches,Serie A,2025-26,0,0,,0.00,0.00,,,37,1.27,117,80,68.4,10,33.3,16.7
418,Mathías Olivera,uy URU,"DF,MF",Napoli,27,1997,25,15,1370,15.2,0,0,0,0,0,0,3,0,0.00,0.00,0.00,0.00,0.00,Matches,Serie A,2025-26,8,3,37.5,0.53,0.20,0.00,0.00,,,,,,,,
419,Jean Onana,cm CMR,MF,Genoa,25,2000,3,0,45,0.5,0,0,0,0,0,0,0,0,0.00,0.00,0.00,0.00,0.00,Matches,Serie A,2025-26,1,0,0.0,2.00,0.00,0.00,,,,,,,,,
420,Jacob Ondrejka,se SWE,"FW,MF",Parma,22,2002,16,9,773,8.6,0,0,0,0,0,0,2,0,0.00,0.00,0.00,0.00,0.00,Matches,Serie A,2025-26,21,7,33.3,2.45,0.82,0.00,0.00,,,,,,,,
421,Loïs Openda,be BEL,"FW,MF",Juventus,25,2000,24,6,666,7.4,1,0,1,1,0,0,0,0,0.14,0.00,0.14,0.14,0.14,Matches,Serie A,2025-26,26,6,23.1,3.51,0.81,0.04,0.17,,,,,,,,
422,Gift Orban,ng NGA,FW,Hellas Verona,23,2002,28,23,2027,22.5,7,2,9,5,2,2,4,1,0.31,0.09,0.40,0.22,0.31,Matches,Serie A,2025-26,85,28,32.9,3.77,1.24,0.06,0.18,,,,,,,,
423,Christian Ordoñez,ar ARG,MF,Parma,21,2004,28,12,1091,12.1,1,0,1,1,0,0,5,1,0.08,0.00,0.08,0.08,0.08,Matches,Serie A,2025-26,10,2,20.0,0.82,0.16,0.10,0.50,,,,,,,,
424,Gaetano Oristanio,it ITA,"FW,MF",Parma,22,2002,20,8,859,9.5,1,0,1,1,0,0,1,0,0.10,0.00,0.10,0.10,0.10,Matches,Serie A,2025-26,24,4,16.7,2.51,0.42,0.04,0.25,,,,,,,,
425,Riccardo Orsolini,it ITA,"MF,FW",Bologna,28,1997,35,26,2111,23.5,10,1,11,6,4,6,2,0,0.43,0.04,0.47,0.26,0.30,Matches,Serie A,2025-26,82,31,37.8,3.50,1.32,0.07,0.19,,,,,,,,
426,Sebastian Otoa,dk DEN,DF,Genoa,21,2004,13,9,829,9.2,0,0,0,0,0,0,1,0,0.00,0.00,0.00,0.00,0.00,Matches,Serie A,2025-26,3,2,66.7,0.33,0.22,0.00,0.00,,,,,,,,
427,Latif Ouedraogo,bf BFA,DF,Genoa,17,2007,2,0,51,0.6,0,0,0,0,0,0,0,0,0.00,0.00,0.00,0.00,0.00,Matches,Serie A,2025-26,0,0,,0.00,0.00,,,,,,,,,,
428,Daniel Oyegoke,eng ENG,"MF,DF",Hellas Verona,22,2003,15,8,594,6.6,0,0,0,0,0,0,2,0,0.00,0.00,0.00,0.00,0.00,Matches,Serie A,2025-26,3,1,33.3,0.45,0.15,0.00,0.00,,,,,,,,
429,Daniele Padelli,it ITA,GK,Udinese,39,1985,2,2,180,2.0,0,0,0,0,0,0,0,0,0.00,0.00,0.00,0.00,0.00,Matches,Serie A,2025-26,0,0,,0.00,0.00,,,2,1.00,5,3,60.0,0,0.0,0.0
430,Alberto Paleari,it ITA,GK,Torino,32,1992,29,29,2610,29.0,0,0,0,0,0,0,1,0,0.00,0.00,0.00,0.00,0.00,Matches,Serie A,2025-26,0,0,,0.00,0.00,,,45,1.55,127,82,64.6,9,31.0,0.0
431,Marco Palestra,it ITA,"MF,DF",Cagliari,20,2005,37,34,3081,34.2,1,4,5,1,0,0,3,0,0.03,0.12,0.15,0.03,0.15,Matches,Serie A,2025-26,29,7,24.1,0.85,0.20,0.03,0.14,,,,,,,,
432,Matteo Palma,de GER,DF,Udinese,17,2008,5,1,120,1.3,0,0,0,0,0,0,0,0,0.00,0.00,0.00,0.00,0.00,Matches,Serie A,2025-26,0,0,,0.00,0.00,,,,,,,,,,
433,Fabiano Parisi,it ITA,"MF,FW",Fiorentina,24,2000,23,18,1520,16.9,1,1,2,1,0,0,6,0,0.06,0.06,0.12,0.06,0.12,Matches,Serie A,2025-26,24,7,29.2,1.42,0.41,0.04,0.14,,,,,,,,
434,Mario Pašalić,hr CRO,MF,Atalanta,30,1995,33,21,1936,21.5,3,4,7,3,0,0,3,0,0.14,0.19,0.33,0.14,0.33,Matches,Serie A,2025-26,24,6,25.0,1.12,0.28,0.13,0.50,,,,,,,,
435,Patric,es ESP,"MF,DF",Lazio,32,1993,14,6,667,7.4,0,0,0,0,0,0,2,0,0.00,0.00,0.00,0.00,0.00,Matches,Serie A,2025-26,5,0,0.0,0.67,0.00,0.00,,,,,,,,,
436,Benjamin Pavard,fr FRA,DF,Inter,29,1996,1,1,90,1.0,0,0,0,0,0,0,0,0,0.00,0.00,0.00,0.00,0.00,Matches,Serie A,2025-26,1,1,100.0,1.00,1.00,0.00,0.00,,,,,,,,
437,Strahinja Pavlović,rs SRB,DF,Milan,24,2001,34,33,2869,31.9,5,1,6,5,0,0,4,0,0.16,0.03,0.19,0.16,0.19,Matches,Serie A,2025-26,26,6,23.1,0.82,0.19,0.19,0.83,,,,,,,,
438,Leonardo Pavoletti,it ITA,FW,Cagliari,36,1988,13,1,227,2.5,1,1,2,1,0,0,1,0,0.40,0.40,0.79,0.40,0.79,Matches,Serie A,2025-26,6,1,16.7,2.38,0.40,0.17,1.00,,,,,,,,
439,Martín Payero,ar ARG,MF,Cremonese,26,1998,25,16,1457,16.2,1,0,1,1,0,0,8,0,0.06,0.00,0.06,0.06,0.06,Matches,Serie A,2025-26,23,8,34.8,1.42,0.49,0.04,0.13,,,,,,,,
440,Nicolás Paz,ar ARG,MF,Como,20,2004,35,33,2878,32.0,12,6,18,12,0,2,5,0,0.38,0.19,0.56,0.38,0.56,Matches,Serie A,2025-26,121,48,39.7,3.78,1.50,0.10,0.25,,,,,,,,
441,Marcus Pedersen,no NOR,"MF,DF",Torino,25,2000,29,23,2134,23.7,1,2,3,1,0,0,3,0,0.04,0.08,0.13,0.04,0.13,Matches,Serie A,2025-26,15,3,20.0,0.63,0.13,0.07,0.33,,,,,,,,
442,Pedro,es ESP,"FW,MF",Lazio,38,1987,29,9,982,10.9,5,2,7,3,2,2,4,0,0.46,0.18,0.64,0.27,0.46,Matches,Serie A,2025-26,22,11,50.0,2.02,1.01,0.14,0.27,,,,,,,,
443,Zé Pedro Figueiredo,pt POR,DF,Cagliari,28,1997,23,20,1699,18.9,0,1,1,0,0,0,6,0,0.00,0.05,0.05,0.00,0.05,Matches,Serie A,2025-26,7,0,0.0,0.37,0.00,0.00,,,,,,,,,
444,Lorenzo Pellegrini,it ITA,MF,Roma,29,1996,24,20,1463,16.3,4,2,6,2,2,2,2,0,0.25,0.12,0.37,0.12,0.25,Matches,Serie A,2025-26,32,12,37.5,1.97,0.74,0.06,0.17,,,,,,,,
445,Luca Pellegrini,it ITA,DF,Lazio,26,1999,24,17,1469,16.3,1,0,1,1,0,0,8,0,0.06,0.00,0.06,0.06,0.06,Matches,Serie A,2025-26,7,5,71.4,0.43,0.31,0.14,0.20,,,,,,,,
446,Mateo Pellegrino,ar ARG,FW,Parma,24,2001,37,34,2984,33.2,9,1,10,8,1,1,5,0,0.27,0.03,0.30,0.24,0.27,Matches,Serie A,2025-26,73,22,30.1,2.20,0.66,0.11,0.36,,,,,,,,
447,Faris Pemi Moumbagna,cm CMR,FW,Cremonese,25,2000,5,0,93,1.0,0,0,0,0,0,0,0,0,0.00,0.00,0.00,0.00,0.00,Matches,Serie A,2025-26,2,0,0.0,1.94,0.00,0.00,,,,,,,,,
448,Matías Pérez,cl CHI,DF,Lecce,20,2005,1,1,31,0.3,0,0,0,0,0,0,0,0,0.00,0.00,0.00,0.00,0.00,Matches,Serie A,2025-26,0,0,,0.00,0.00,,,,,,,,,,
449,Simone Perilli,it ITA,GK,Hellas Verona,30,1995,3,3,270,3.0,0,0,0,0,0,0,0,0,0.00,0.00,0.00,0.00,0.00,Matches,Serie A,2025-26,0,0,,0.00,0.00,,,7,2.33,15,8,53.3,1,33.3,
450,Mattia Perin,it ITA,GK,Juventus,32,1992,9,9,765,8.5,0,0,0,0,0,0,0,0,0.00,0.00,0.00,0.00,0.00,Matches,Serie A,2025-26,0,0,,0.00,0.00,,,9,1.06,22,13,59.1,3,33.3,
451,Máximo Perrone,ar ARG,MF,Como,22,2003,36,33,2742,30.5,3,4,7,3,0,0,8,0,0.10,0.13,0.23,0.10,0.23,Matches,Serie A,2025-26,18,9,50.0,0.59,0.30,0.17,0.33,,,,,,,,
452,Massimo Pessina,it ITA,GK,Bologna,17,2007,4,3,353,3.9,0,0,0,0,0,0,0,0,0.00,0.00,0.00,0.00,0.00,Matches,Serie A,2025-26,0,0,,0.00,0.00,,,2,0.51,9,7,77.8,3,100.0,
453,Giuseppe Pezzella,it ITA,"MF,DF",Cremonese,27,1997,31,30,2585,28.7,0,1,1,0,0,0,8,1,0.00,0.03,0.03,0.00,0.03,Matches,Serie A,2025-26,6,0,0.0,0.21,0.00,0.00,,,,,,,,,
454,Gabriele Piccinini,it ITA,MF,Pisa,24,2001,25,5,875,9.7,0,0,0,0,0,0,3,0,0.00,0.00,0.00,0.00,0.00,Matches,Serie A,2025-26,19,7,36.8,1.95,0.72,0.00,0.00,,,,,,,,
455,Roberto Piccoli,it ITA,FW,Fiorentina,24,2001,32,16,1672,18.6,4,1,5,4,0,0,1,0,0.22,0.05,0.27,0.22,0.27,Matches,Serie A,2025-26,47,15,31.9,2.53,0.81,0.09,0.27,,,,,,,,
456,Nicholas Pierini,it ITA,"FW,MF",Sassuolo,26,1998,11,0,142,1.6,0,0,0,0,0,0,1,0,0.00,0.00,0.00,0.00,0.00,Matches,Serie A,2025-26,5,2,40.0,3.17,1.27,0.00,0.00,,,,,,,,
457,Santiago Pierotti,ar ARG,"MF,FW",Lecce,24,2001,37,31,2597,28.9,1,2,3,1,0,0,4,0,0.03,0.07,0.10,0.03,0.10,Matches,Serie A,2025-26,33,8,24.2,1.14,0.28,0.03,0.13,,,,,,,,
458,Balthazar Pierret,fr FRA,MF,Lecce,25,2000,3,0,27,0.3,0,0,0,0,0,0,0,0,0.00,0.00,0.00,0.00,0.00,Matches,Serie A,2025-26,0,0,,0.00,0.00,,,,,,,,,,
459,Andrea Pinamonti,it ITA,FW,Sassuolo,26,1999,36,32,2552,28.4,9,3,12,9,0,1,2,1,0.32,0.11,0.42,0.32,0.42,Matches,Serie A,2025-26,73,30,41.1,2.57,1.06,0.12,0.30,,,,,,,,
460,Jakub Piotrowski,pl POL,MF,Udinese,27,1997,33,20,1696,18.8,1,1,2,1,0,0,2,0,0.05,0.05,0.11,0.05,0.11,Matches,Serie A,2025-26,36,9,25.0,1.91,0.48,0.03,0.11,,,,,,,,
461,Niccolò Pisilli,it ITA,MF,Roma,20,2004,25,13,1295,14.4,2,4,6,2,0,0,3,0,0.14,0.28,0.42,0.14,0.42,Matches,Serie A,2025-26,19,5,26.3,1.32,0.35,0.11,0.40,,,,,,,,
462,Tommaso Pobega,it ITA,MF,Bologna,26,1999,26,17,1434,15.9,3,1,4,3,0,0,2,1,0.19,0.06,0.25,0.19,0.25,Matches,Serie A,2025-26,25,10,40.0,1.57,0.63,0.12,0.30,,,,,,,,
463,Matteo Politano,it ITA,"MF,FW",Napoli,31,1993,34,26,2200,24.4,2,5,7,2,0,0,4,0,0.08,0.20,0.29,0.08,0.29,Matches,Serie A,2025-26,49,13,26.5,2.00,0.53,0.04,0.15,,,,,,,,
464,Marin Pongračić,hr CRO,DF,Fiorentina,27,1997,35,33,2918,32.4,0,0,0,0,0,0,12,0,0.00,0.00,0.00,0.00,0.00,Matches,Serie A,2025-26,8,1,12.5,0.25,0.03,0.00,0.00,,,,,,,,
465,Stefan Posch,at AUT,DF,Como,28,1997,14,3,393,4.4,1,0,1,1,0,0,1,0,0.23,0.00,0.23,0.23,0.23,Matches,Serie A,2025-26,8,3,37.5,1.83,0.69,0.13,0.33,,,,,,,,
466,Matteo Prati,it ITA,MF,Torino,21,2003,13,7,614,6.8,0,1,1,0,0,0,2,0,0.00,0.15,0.15,0.00,0.15,Matches,Serie A,2025-26,12,0,0.0,1.76,0.00,0.00,,,,,,,,,
467,Matteo Prati,it ITA,MF,Cagliari,21,2003,20,15,1268,14.1,1,0,1,1,0,0,4,0,0.07,0.00,0.07,0.07,0.07,Matches,Serie A,2025-26,19,1,5.3,1.35,0.07,0.05,1.00,,,,,,,,
468,Ivan Provedel,it ITA,GK,Lazio,31,1994,27,27,2430,27.0,0,0,0,0,0,0,1,0,0.00,0.00,0.00,0.00,0.00,Matches,Serie A,2025-26,0,0,,0.00,0.00,,,27,1.00,116,87,76.7,12,44.4,25.0
469,Adrian Przyborek,pl POL,MF,Lazio,18,2007,1,0,9,0.1,0,0,0,0,0,0,0,0,0.00,0.00,0.00,0.00,0.00,Matches,Serie A,2025-26,1,0,0.0,10.00,0.00,0.00,,,,,,,,,
470,Christian Pulisic,us USA,FW,Milan,26,1998,30,18,1609,17.9,8,4,12,8,0,1,0,0,0.45,0.22,0.67,0.45,0.67,Matches,Serie A,2025-26,54,25,46.3,3.02,1.40,0.15,0.32,,,,,,,,
471,Adrien Rabiot,fr FRA,MF,Milan,30,1995,29,28,2550,28.3,6,4,10,6,0,0,6,1,0.21,0.14,0.35,0.21,0.35,Matches,Serie A,2025-26,46,12,26.1,1.62,0.42,0.13,0.50,,,,,,,,
472,Ylber Ramadani,al ALB,MF,Lecce,29,1996,37,37,3203,35.6,1,0,1,1,0,0,10,0,0.03,0.00,0.03,0.03,0.03,Matches,Serie A,2025-26,34,5,14.7,0.96,0.14,0.03,0.20,,,,,,,,
473,Jacobo Ramón,es ESP,DF,Como,20,2005,32,30,2742,30.5,2,0,2,2,0,0,11,1,0.07,0.00,0.07,0.07,0.07,Matches,Serie A,2025-26,39,9,23.1,1.28,0.30,0.05,0.22,,,,,,,,
474,Luca Ranieri,it ITA,DF,Fiorentina,26,1999,34,29,2458,27.3,1,0,1,1,0,0,8,1,0.04,0.00,0.04,0.04,0.04,Matches,Serie A,2025-26,18,3,16.7,0.66,0.11,0.06,0.33,,,,,,,,
475,Giacomo Raspadori,it ITA,"MF,FW",Atalanta,25,2000,13,7,796,8.8,3,1,4,3,0,0,0,0,0.34,0.11,0.45,0.34,0.45,Matches,Serie A,2025-26,28,11,39.3,3.17,1.24,0.11,0.27,,,,,,,,
476,Othniel Raterink,nl NED,DF,Cagliari,19,2006,1,0,7,0.1,0,0,0,0,0,0,0,0,0.00,0.00,0.00,0.00,0.00,Matches,Serie A,2025-26,0,0,,0.00,0.00,,,,,,,,,,
477,Petar Ratkov,rs SRB,FW,Lazio,21,2003,8,2,233,2.6,0,0,0,0,0,0,0,0,0.00,0.00,0.00,0.00,0.00,Matches,Serie A,2025-26,6,1,16.7,2.32,0.39,0.00,0.00,,,,,,,,
478,Federico Ravaglia,it ITA,GK,Bologna,25,1999,17,16,1470,16.3,0,0,0,0,0,0,4,0,0.00,0.00,0.00,0.00,0.00,Matches,Serie A,2025-26,0,0,,0.00,0.00,,,29,1.78,81,52,64.2,2,12.5,0.0
479,Devyne Rensch,nl NED,MF,Roma,22,2003,24,12,1184,13.2,1,4,5,1,0,0,1,0,0.08,0.30,0.38,0.08,0.38,Matches,Serie A,2025-26,6,2,33.3,0.46,0.15,0.17,0.50,,,,,,,,
480,Samuele Ricci,it ITA,MF,Milan,23,2001,31,11,1312,14.6,1,4,5,1,0,0,3,0,0.07,0.27,0.34,0.07,0.34,Matches,Serie A,2025-26,18,6,33.3,1.23,0.41,0.06,0.17,,,,,,,,
481,Amir Richardson,ma MAR,MF,Fiorentina,23,2002,2,0,42,0.5,0,0,0,0,0,0,0,0,0.00,0.00,0.00,0.00,0.00,Matches,Serie A,2025-26,1,0,0.0,2.14,0.00,0.00,,,,,,,,,
482,Filippo Rinaldi,it ITA,GK,Parma,22,2002,1,1,90,1.0,0,0,0,0,0,0,1,0,0.00,0.00,0.00,0.00,0.00,Matches,Serie A,2025-26,0,0,,0.00,0.00,,,0,0.00,4,4,100.0,1,100.0,
483,Sergi Roberto,es ESP,MF,Como,33,1992,20,5,544,6.0,0,0,0,0,0,0,3,0,0.00,0.00,0.00,0.00,0.00,Matches,Serie A,2025-26,7,2,28.6,1.16,0.33,0.00,0.00,,,,,,,,
484,Jesus Rodríguez,es ESP,MF,Como,19,2005,31,18,1731,19.2,2,9,11,2,0,0,3,1,0.10,0.47,0.57,0.10,0.57,Matches,Serie A,2025-26,45,12,26.7,2.34,0.62,0.04,0.17,,,,,,,,
485,Juan Rodríguez,uy URU,DF,Cagliari,20,2005,17,16,1310,14.6,1,0,1,1,0,0,3,0,0.07,0.00,0.07,0.07,0.07,Matches,Serie A,2025-26,3,2,66.7,0.21,0.14,0.33,0.50,,,,,,,,
486,Filippo Romagna,it ITA,DF,Sassuolo,28,1997,5,4,313,3.5,0,0,0,0,0,0,0,0,0.00,0.00,0.00,0.00,0.00,Matches,Serie A,2025-26,2,0,0.0,0.58,0.00,0.00,,,,,,,,,
487,Alessio Romagnoli,it ITA,DF,Lazio,30,1995,32,31,2666,29.6,0,0,0,0,0,0,6,1,0.00,0.00,0.00,0.00,0.00,Matches,Serie A,2025-26,9,4,44.4,0.30,0.14,0.00,0.00,,,,,,,,
488,Alessandro Romano,ch SUI,MF,Roma,19,2006,2,0,8,0.1,0,0,0,0,0,0,0,0,0.00,0.00,0.00,0.00,0.00,Matches,Serie A,2025-26,0,0,,0.00,0.00,,,,,,,,,,
489,Marten de Roon,nl NED,MF,Atalanta,34,1991,34,32,2691,29.9,1,2,3,1,0,0,8,1,0.03,0.07,0.10,0.03,0.10,Matches,Serie A,2025-26,16,4,25.0,0.54,0.13,0.06,0.25,,,,,,,,
490,Nicolò Rovella,it ITA,MF,Lazio,23,2001,11,6,512,5.7,0,1,1,0,0,0,2,1,0.00,0.18,0.18,0.00,0.18,Matches,Serie A,2025-26,1,0,0.0,0.18,0.00,0.00,,,,,,,,,
491,Jonathan Rowe,eng ENG,"MF,FW",Bologna,22,2003,28,17,1605,17.8,3,2,5,3,0,0,2,0,0.17,0.11,0.28,0.17,0.28,Matches,Serie A,2025-26,48,17,35.4,2.69,0.95,0.06,0.18,,,,,,,,
492,Amir Rrahmani,xk KVX,DF,Napoli,31,1994,21,21,1795,19.9,2,1,3,2,0,0,2,0,0.10,0.05,0.15,0.10,0.15,Matches,Serie A,2025-26,15,4,26.7,0.75,0.20,0.13,0.50,,,,,,,,
493,Daniele Rugani,it ITA,DF,Fiorentina,31,1994,6,4,327,3.6,0,0,0,0,0,0,2,0,0.00,0.00,0.00,0.00,0.00,Matches,Serie A,2025-26,1,0,0.0,0.28,0.00,0.00,,,,,,,,,
494,Daniele Rugani,it ITA,DF,Juventus,31,1994,6,3,250,2.8,0,0,0,0,0,0,0,0,0.00,0.00,0.00,0.00,0.00,Matches,Serie A,2025-26,0,0,,0.00,0.00,,,,,,,,,,
495,Stefano Sabelli,it ITA,"MF,DF",Genoa,32,1993,16,12,913,10.1,0,0,0,0,0,0,0,0,0.00,0.00,0.00,0.00,0.00,Matches,Serie A,2025-26,8,0,0.0,0.79,0.00,0.00,,,,,,,,,
496,Abdelhamid Sabiri,ma MAR,MF,Fiorentina,28,1996,1,0,27,0.3,0,0,0,0,0,0,0,0,0.00,0.00,0.00,0.00,0.00,Matches,Serie A,2025-26,1,0,0.0,3.33,0.00,0.00,,,,,,,,,
497,Alexis Saelemaekers,be BEL,MF,Milan,26,1999,35,33,2788,31.0,3,3,6,3,0,0,5,0,0.10,0.10,0.19,0.10,0.19,Matches,Serie A,2025-26,43,11,25.6,1.39,0.36,0.07,0.27,,,,,,,,
498,Álex Sala,es ESP,MF,Lecce,24,2001,9,2,167,1.9,0,1,1,0,0,0,0,0,0.00,0.54,0.54,0.00,0.54,Matches,Serie A,2025-26,4,2,50.0,2.16,1.08,0.00,0.00,,,,,,,,
499,Lazar Samardzic,rs SRB,MF,Atalanta,23,2002,26,11,1030,11.4,2,1,3,2,0,0,1,0,0.17,0.09,0.26,0.17,0.26,Matches,Serie A,2025-26,25,9,36.0,2.18,0.79,0.08,0.22,,,,,,,,
500,Antonio Sanabria,py PAR,FW,Cremonese,29,1996,25,10,945,10.5,1,1,2,1,0,0,2,0,0.10,0.10,0.19,0.10,0.19,Matches,Serie A,2025-26,12,4,33.3,1.14,0.38,0.08,0.25,,,,,,,,
501,Yellu Santiago,es ESP,MF,Hellas Verona,21,2004,2,0,6,0.1,0,0,0,0,0,0,0,0,0.00,0.00,0.00,0.00,0.00,Matches,Serie A,2025-26,2,1,50.0,30.00,15.00,0.00,0.00,,,,,,,,
502,Alisson Santos,br BRA,"MF,FW",Napoli,22,2002,14,9,834,9.3,4,0,4,4,0,0,1,0,0.43,0.00,0.43,0.43,0.43,Matches,Serie A,2025-26,29,16,55.2,3.13,1.73,0.14,0.25,,,,,,,,
503,Jeremy Sarmiento,ec ECU,MF,Cremonese,23,2002,7,0,142,1.6,0,0,0,0,0,0,0,0,0.00,0.00,0.00,0.00,0.00,Matches,Serie A,2025-26,2,2,100.0,1.27,1.27,0.00,0.00,,,,,,,,
504,Amin Sarr,se SWE,"FW,MF",Hellas Verona,24,2001,34,9,1102,12.2,0,1,1,0,0,0,2,1,0.00,0.08,0.08,0.00,0.08,Matches,Serie A,2025-26,19,6,31.6,1.55,0.49,0.00,0.00,,,,,,,,
505,Razvan Sava,ro ROU,GK,Udinese,23,2002,7,6,620,6.9,0,0,0,0,0,0,1,0,0.00,0.00,0.00,0.00,0.00,Matches,Serie A,2025-26,0,0,,0.00,0.00,,,14,2.03,28,14,50.0,1,16.7,
506,Giorgio Scalvini,it ITA,DF,Atalanta,21,2003,24,23,1808,20.1,3,1,4,3,0,0,2,0,0.15,0.05,0.20,0.15,0.20,Matches,Serie A,2025-26,20,6,30.0,1.00,0.30,0.15,0.50,,,,,,,,
507,Gianluca Scamacca,it ITA,FW,Atalanta,26,1999,24,16,1315,14.6,10,1,11,8,2,2,2,0,0.68,0.07,0.75,0.55,0.62,Matches,Serie A,2025-26,57,22,38.6,3.90,1.51,0.14,0.36,,,,,,,,
508,Simone Scuffet,it ITA,GK,Pisa,29,1996,7,7,630,7.0,0,0,0,0,0,0,0,0,0.00,0.00,0.00,0.00,0.00,Matches,Serie A,2025-26,0,0,,0.00,0.00,,,15,2.14,29,14,48.3,1,14.3,0.0
509,Adrian Šemper,hr CRO,GK,Pisa,27,1998,25,25,2250,25.0,0,0,0,0,0,0,0,0,0.00,0.00,0.00,0.00,0.00,Matches,Serie A,2025-26,0,0,,0.00,0.00,,,42,1.68,124,82,66.1,4,16.0,0.0
510,Suat Serdar,de GER,MF,Hellas Verona,28,1997,20,12,1108,12.3,2,0,2,2,0,0,3,0,0.16,0.00,0.16,0.16,0.16,Matches,Serie A,2025-26,19,7,36.8,1.54,0.57,0.11,0.29,,,,,,,,
511,Stephan El Shaarawy,it ITA,"MF,FW",Roma,32,1992,20,5,666,7.4,1,2,3,1,0,0,4,0,0.14,0.27,0.41,0.14,0.41,Matches,Serie A,2025-26,18,7,38.9,2.43,0.95,0.06,0.14,,,,,,,,
512,Jamil Siebert,de GER,DF,Lecce,23,2002,21,18,1701,18.9,1,0,1,1,0,0,3,0,0.05,0.00,0.05,0.05,0.05,Matches,Serie A,2025-26,6,2,33.3,0.32,0.11,0.17,0.50,,,,,,,,
513,Éderson Silva,br BRA,MF,Atalanta,26,1999,30,26,2230,24.8,2,1,3,1,1,1,3,0,0.08,0.04,0.12,0.04,0.08,Matches,Serie A,2025-26,35,11,31.4,1.41,0.44,0.03,0.09,,,,,,,,
514,Marco Silvestri,it ITA,GK,Cremonese,34,1991,4,4,360,4.0,0,0,0,0,0,0,0,0,0.00,0.00,0.00,0.00,0.00,Matches,Serie A,2025-26,0,0,,0.00,0.00,,,7,1.75,22,15,68.2,0,0.0,
515,Giovanni Simeone,ar ARG,FW,Torino,30,1995,32,27,2230,24.8,11,0,11,11,0,0,1,0,0.44,0.00,0.44,0.44,0.44,Matches,Serie A,2025-26,78,28,35.9,3.15,1.13,0.14,0.39,,,,,,,,
516,Laurs Skjellerup,dk DEN,FW,Sassuolo,22,2002,1,0,10,0.1,0,0,0,0,0,0,0,0,0.00,0.00,0.00,0.00,0.00,Matches,Serie A,2025-26,1,0,0.0,9.00,0.00,0.00,,,,,,,,,
517,Łukasz Skorupski,pl POL,GK,Bologna,34,1991,19,19,1592,17.7,0,0,0,0,0,0,1,1,0.00,0.00,0.00,0.00,0.00,Matches,Serie A,2025-26,0,0,,0.00,0.00,,,18,1.02,51,33,64.7,8,42.1,0.0
518,Tobias Slotsager,dk DEN,DF,Hellas Verona,19,2006,8,4,446,5.0,0,0,0,0,0,0,0,0,0.00,0.00,0.00,0.00,0.00,Matches,Serie A,2025-26,3,1,33.3,0.61,0.20,0.00,0.00,,,,,,,,
519,Ivan Smolčić,hr CRO,DF,Como,24,2000,28,19,1662,18.5,0,1,1,0,0,0,8,0,0.00,0.05,0.05,0.00,0.05,Matches,Serie A,2025-26,12,4,33.3,0.65,0.22,0.00,0.00,,,,,,,,
520,Simon Sohm,ch SUI,MF,Bologna,24,2001,12,9,717,8.0,0,0,0,0,0,0,1,0,0.00,0.00,0.00,0.00,0.00,Matches,Serie A,2025-26,4,1,25.0,0.50,0.13,0.00,0.00,,,,,,,,
521,Simon Sohm,ch SUI,MF,Fiorentina,24,2001,16,9,708,7.9,0,1,1,0,0,0,2,0,0.00,0.13,0.13,0.00,0.13,Matches,Serie A,2025-26,5,0,0.0,0.64,0.00,0.00,,,,,,,,,
522,Oumar Solet,fr FRA,DF,Udinese,25,2000,35,34,2959,32.9,3,1,4,2,1,1,1,0,0.09,0.03,0.12,0.06,0.09,Matches,Serie A,2025-26,33,6,18.2,1.00,0.18,0.06,0.33,,,,,,,,
523,Manor Solomon,il ISR,"FW,MF",Fiorentina,26,1999,16,9,890,9.9,2,1,3,2,0,0,1,0,0.20,0.10,0.30,0.20,0.30,Matches,Serie A,2025-26,11,4,36.4,1.11,0.40,0.18,0.50,,,,,,,,
524,Daniele Sommariva,it ITA,GK,Genoa,28,1997,2,1,176,2.0,0,0,0,0,0,0,0,0,0.00,0.00,0.00,0.00,0.00,Matches,Serie A,2025-26,0,0,,0.00,0.00,,,4,2.05,12,8,66.7,0,0.0,
525,Yann Sommer,ch SUI,GK,Inter,36,1988,33,33,2960,32.9,0,0,0,0,0,0,0,0,0.00,0.00,0.00,0.00,0.00,Matches,Serie A,2025-26,0,0,,0.00,0.00,,,30,0.91,95,64,68.4,15,45.5,0.0
526,Riccardo Sottil,it ITA,"FW,MF",Lecce,26,1999,21,13,1066,11.8,1,2,3,1,0,0,1,0,0.08,0.17,0.25,0.08,0.25,Matches,Serie A,2025-26,20,3,15.0,1.69,0.25,0.05,0.33,,,,,,,,
527,Matìas Soulé,ar ARG,"MF,FW",Roma,22,2003,33,28,2139,23.8,6,5,11,6,0,0,1,0,0.25,0.21,0.46,0.25,0.46,Matches,Serie A,2025-26,52,18,34.6,2.19,0.76,0.12,0.33,,,,,,,,
528,Leonardo Spinazzola,it ITA,"MF,DF",Napoli,32,1993,32,22,1901,21.1,3,3,6,3,0,0,2,0,0.14,0.14,0.28,0.14,0.28,Matches,Serie A,2025-26,21,7,33.3,0.99,0.33,0.14,0.43,,,,,,,,
529,Marco Sportiello,it ITA,GK,Atalanta,33,1992,1,1,90,1.0,0,0,0,0,0,0,0,0,0.00,0.00,0.00,0.00,0.00,Matches,Serie A,2025-26,0,0,,0.00,0.00,,,1,1.00,4,3,75.0,0,0.0,
530,Nicolae Stanciu,ro ROU,MF,Genoa,32,1993,4,2,180,2.0,0,0,0,0,0,1,0,0,0.00,0.00,0.00,0.00,0.00,Matches,Serie A,2025-26,5,0,0.0,2.50,0.00,0.00,,,,,,,,,
531,Calvin Stengs,nl NED,"FW,MF",Pisa,26,1998,4,0,46,0.5,0,0,0,0,0,0,0,0,0.00,0.00,0.00,0.00,0.00,Matches,Serie A,2025-26,2,1,50.0,3.91,1.96,0.00,0.00,,,,,,,,
532,Filip Stojilković,ch SUI,"FW,MF",Pisa,25,2000,13,8,658,7.3,0,0,0,0,0,0,0,0,0.00,0.00,0.00,0.00,0.00,Matches,Serie A,2025-26,10,4,40.0,1.37,0.55,0.00,0.00,,,,,,,,
533,Gabriel Strefezza,br BRA,FW,Parma,28,1997,14,13,1007,11.2,2,2,4,2,0,0,3,0,0.18,0.18,0.36,0.18,0.36,Matches,Serie A,2025-26,24,7,29.2,2.14,0.63,0.08,0.29,,,,,,,,
534,Nikola Štulić,rs SRB,FW,Lecce,23,2001,34,20,1709,19.0,4,0,4,3,1,1,1,0,0.21,0.00,0.21,0.16,0.16,Matches,Serie A,2025-26,33,9,27.3,1.74,0.47,0.09,0.33,,,,,,,,
535,Petar Sučić,hr CRO,MF,Inter,21,2003,34,21,1765,19.6,2,2,4,2,0,0,5,0,0.10,0.10,0.20,0.10,0.20,Matches,Serie A,2025-26,22,6,27.3,1.12,0.31,0.09,0.33,,,,,,,,
536,Ibrahim Sulemana,gh GHA,MF,Cagliari,22,2003,16,7,860,9.6,1,0,1,1,0,0,2,0,0.10,0.00,0.10,0.10,0.10,Matches,Serie A,2025-26,11,2,18.2,1.15,0.21,0.09,0.50,,,,,,,,
537,Ibrahim Sulemana,gh GHA,MF,Bologna,22,2003,3,0,45,0.5,0,0,0,0,0,0,1,0,0.00,0.00,0.00,0.00,0.00,Matches,Serie A,2025-26,0,0,,0.00,0.00,,,,,,,,,,
538,Kamaldeen Sulemana,gh GHA,MF,Atalanta,23,2002,25,9,1011,11.2,2,1,3,2,0,0,4,0,0.18,0.09,0.27,0.18,0.27,Matches,Serie A,2025-26,25,10,40.0,2.23,0.89,0.08,0.20,,,,,,,,
539,Tomáš Suslov,sk SVK,FW,Hellas Verona,23,2002,11,5,446,5.0,0,0,0,0,0,0,1,1,0.00,0.00,0.00,0.00,0.00,Matches,Serie A,2025-26,12,4,33.3,2.42,0.81,0.00,0.00,,,,,,,,
540,Zion Suzuki,jp JPN,GK,Parma,22,2002,20,20,1800,20.0,0,0,0,0,0,0,1,0,0.00,0.00,0.00,0.00,0.00,Matches,Serie A,2025-26,0,0,,0.00,0.00,,,28,1.40,93,65,69.9,5,25.0,33.3
541,Mile Svilar,rs SRB,GK,Roma,25,1999,38,38,3420,38.0,0,0,0,0,0,0,0,0,0.00,0.00,0.00,0.00,0.00,Matches,Serie A,2025-26,0,0,,0.00,0.00,,,31,0.82,138,107,77.5,18,47.4,0.0
542,Adrien Tameze,cm CMR,DF,Torino,31,1994,24,12,1120,12.4,0,0,0,0,0,0,3,0,0.00,0.00,0.00,0.00,0.00,Matches,Serie A,2025-26,5,0,0.0,0.40,0.00,0.00,,,,,,,,,
543,Nuno Tavares,pt POR,DF,Lazio,25,2000,23,17,1473,16.4,0,0,0,0,0,0,5,0,0.00,0.00,0.00,0.00,0.00,Matches,Serie A,2025-26,16,1,6.3,0.98,0.06,0.00,0.00,,,,,,,,
544,Kenneth Taylor,nl NED,MF,Lazio,23,2002,17,17,1394,15.5,3,2,5,3,0,0,5,0,0.19,0.13,0.32,0.19,0.32,Matches,Serie A,2025-26,16,6,37.5,1.03,0.39,0.19,0.50,,,,,,,,
545,Filippo Terracciano,it ITA,DF,Cremonese,22,2003,36,33,3011,33.5,2,0,2,2,0,0,6,0,0.06,0.00,0.06,0.06,0.06,Matches,Serie A,2025-26,14,4,28.6,0.42,0.12,0.14,0.50,,,,,,,,
546,Pietro Terracciano,it ITA,GK,Milan,35,1990,2,1,125,1.4,0,0,0,0,0,0,0,0,0.00,0.00,0.00,0.00,0.00,Matches,Serie A,2025-26,0,0,,0.00,0.00,,,0,0.00,4,4,100.0,2,200.0,
547,Morten Thorsby,no NOR,MF,Genoa,29,1996,13,8,731,8.1,2,1,3,2,0,0,2,0,0.25,0.12,0.37,0.25,0.37,Matches,Serie A,2025-26,10,4,40.0,1.23,0.49,0.20,0.50,,,,,,,,
548,Morten Thorsby,no NOR,MF,Cremonese,29,1996,11,8,643,7.1,1,0,1,1,0,0,2,0,0.14,0.00,0.14,0.14,0.14,Matches,Serie A,2025-26,11,4,36.4,1.54,0.56,0.09,0.25,,,,,,,,
549,Kristian Thorstvedt,no NOR,MF,Sassuolo,26,1999,32,27,2460,27.3,4,4,8,4,0,0,9,0,0.15,0.15,0.29,0.15,0.29,Matches,Serie A,2025-26,43,13,30.2,1.57,0.48,0.09,0.31,,,,,,,,
550,Khéphren Thuram,fr FRA,MF,Juventus,24,2001,35,30,2442,27.1,3,3,6,3,0,0,2,0,0.11,0.11,0.22,0.11,0.22,Matches,Serie A,2025-26,50,15,30.0,1.84,0.55,0.06,0.20,,,,,,,,
551,Marcus Thuram,fr FRA,FW,Inter,27,1997,29,24,1900,21.1,13,6,19,13,0,0,2,0,0.62,0.28,0.90,0.62,0.90,Matches,Serie A,2025-26,74,29,39.2,3.51,1.37,0.18,0.45,,,,,,,,
552,Fikayo Tomori,eng ENG,DF,Milan,27,1997,33,31,2554,28.4,0,2,2,0,0,0,8,1,0.00,0.07,0.07,0.00,0.07,Matches,Serie A,2025-26,9,2,22.2,0.32,0.07,0.00,0.00,,,,,,,,
553,Luka Topalović,si SVN,MF,Inter,19,2006,1,0,10,0.1,0,1,1,0,0,0,0,0,0.00,9.00,9.00,0.00,9.00,Matches,Serie A,2025-26,0,0,,0.00,0.00,,,,,,,,,,
554,Idrissa Touré,de GER,MF,Pisa,27,1998,32,26,2279,25.3,1,0,1,1,0,0,4,1,0.04,0.00,0.04,0.04,0.04,Matches,Serie A,2025-26,29,8,27.6,1.15,0.32,0.03,0.13,,,,,,,,
555,Mattéo Tramoni,fr FRA,"MF,FW",Pisa,25,2000,27,21,1600,17.8,2,2,4,1,1,1,3,0,0.11,0.11,0.23,0.06,0.17,Matches,Serie A,2025-26,28,9,32.1,1.58,0.51,0.04,0.11,,,,,,,,
556,Yael Trepy,,FW,Cagliari,,,8,0,91,1.0,1,0,1,1,0,0,0,0,0.99,0.00,0.99,0.99,0.99,Matches,Serie A,2025-26,7,2,28.6,6.92,1.98,0.14,0.50,,,,,,,,
557,Mariano Troilo,ar ARG,DF,Parma,22,2003,21,18,1625,18.1,1,0,1,1,0,0,8,2,0.06,0.00,0.06,0.06,0.06,Matches,Serie A,2025-26,9,2,22.2,0.50,0.11,0.11,0.50,,,,,,,,
558,Kostas Tsimikas,gr GRE,MF,Roma,29,1996,18,6,644,7.2,0,0,0,0,0,0,1,0,0.00,0.00,0.00,0.00,0.00,Matches,Serie A,2025-26,7,0,0.0,0.98,0.00,0.00,,,,,,,,,
559,Stefano Turati,it ITA,GK,Sassuolo,23,2001,6,6,532,5.9,0,0,0,0,0,0,0,0,0.00,0.00,0.00,0.00,0.00,Matches,Serie A,2025-26,0,0,,0.00,0.00,,,7,1.18,22,15,68.2,2,33.3,
560,Lautaro Valenti,ar ARG,DF,Parma,26,1999,27,25,2252,25.0,0,0,0,0,0,0,7,0,0.00,0.00,0.00,0.00,0.00,Matches,Serie A,2025-26,17,4,23.5,0.68,0.16,0.00,0.00,,,,,,,,
561,Nicolás Valentini,ar ARG,DF,Hellas Verona,24,2001,21,15,1409,15.7,0,0,0,0,0,0,8,1,0.00,0.00,0.00,0.00,0.00,Matches,Serie A,2025-26,16,7,43.8,1.02,0.45,0.00,0.00,,,,,,,,
562,Emanuele Valeri,it ITA,"MF,DF",Parma,26,1998,34,29,2643,29.4,0,2,2,0,0,0,2,0,0.00,0.07,0.07,0.00,0.07,Matches,Serie A,2025-26,23,5,21.7,0.78,0.17,0.00,0.00,,,,,,,,
563,Álex Valle,es ESP,DF,Como,21,2004,28,23,2026,22.5,1,4,5,1,0,0,3,0,0.04,0.18,0.22,0.04,0.22,Matches,Serie A,2025-26,11,2,18.2,0.49,0.09,0.09,0.50,,,,,,,,
564,Ignace Van Der Brempt,be BEL,DF,Como,23,2002,20,11,931,10.3,0,1,1,0,0,0,2,0,0.00,0.10,0.10,0.00,0.10,Matches,Serie A,2025-26,3,0,0.0,0.29,0.00,0.00,,,,,,,,,
565,Jari Vandeputte,be BEL,MF,Cremonese,29,1996,32,23,1944,21.6,1,5,6,1,0,0,3,0,0.05,0.23,0.28,0.05,0.28,Matches,Serie A,2025-26,20,8,40.0,0.93,0.37,0.05,0.13,,,,,,,,
566,Jamie Vardy,eng ENG,FW,Cremonese,38,1987,29,24,2105,23.4,7,2,9,7,0,0,5,0,0.30,0.09,0.38,0.30,0.38,Matches,Serie A,2025-26,30,14,46.7,1.28,0.60,0.23,0.50,,,,,,,,
567,Johan Vásquez,mx MEX,DF,Genoa,26,1998,36,36,3215,35.7,1,0,1,1,0,0,2,0,0.03,0.00,0.03,0.03,0.03,Matches,Serie A,2025-26,24,6,25.0,0.67,0.17,0.04,0.17,,,,,,,,
568,Dominic Vavassori,it ITA,FW,Atalanta,19,2005,1,0,10,0.1,0,0,0,0,0,0,0,0,0.00,0.00,0.00,0.00,0.00,Matches,Serie A,2025-26,0,0,,0.00,0.00,,,,,,,,,,
569,Robinio Vaz,fr FRA,FW,Roma,18,2007,12,0,216,2.4,1,0,1,1,0,0,0,0,0.42,0.00,0.42,0.42,0.42,Matches,Serie A,2025-26,5,2,40.0,2.08,0.83,0.20,0.50,,,,,,,,
570,Franco Vázquez,ar ARG,"FW,MF",Cremonese,36,1989,15,4,524,5.8,1,1,2,1,0,0,1,0,0.17,0.17,0.34,0.17,0.34,Matches,Serie A,2025-26,12,4,33.3,2.06,0.69,0.08,0.25,,,,,,,,
571,Matías Vecino,uy URU,MF,Lazio,33,1991,13,5,603,6.7,0,1,1,0,0,0,1,0,0.00,0.15,0.15,0.00,0.15,Matches,Serie A,2025-26,7,1,14.3,1.04,0.15,0.00,0.00,,,,,,,,
572,Danilo Veiga,pt POR,DF,Lecce,22,2002,36,33,3020,33.6,0,1,1,0,0,0,9,0,0.00,0.03,0.03,0.00,0.03,Matches,Serie A,2025-26,6,2,33.3,0.18,0.06,0.00,0.00,,,,,,,,
573,Lorenzo Venturino,it ITA,FW,Genoa,19,2006,2,0,40,0.4,0,0,0,0,0,0,0,0,0.00,0.00,0.00,0.00,0.00,Matches,Serie A,2025-26,1,1,100.0,2.25,2.25,0.00,0.00,,,,,,,,
574,Lorenzo Venturino,it ITA,MF,Roma,19,2006,10,1,207,2.3,0,0,0,0,0,0,0,0,0.00,0.00,0.00,0.00,0.00,Matches,Serie A,2025-26,4,0,0.0,1.74,0.00,0.00,,,,,,,,,
575,Antonio Vergara,it ITA,MF,Napoli,22,2003,12,8,612,6.8,1,2,3,1,0,0,2,0,0.15,0.29,0.44,0.15,0.44,Matches,Serie A,2025-26,10,3,30.0,1.47,0.44,0.10,0.33,,,,,,,,
576,Ioan Vermeșan,ro ROU,FW,Hellas Verona,18,2006,6,0,80,0.9,0,0,0,0,0,0,0,0,0.00,0.00,0.00,0.00,0.00,Matches,Serie A,2025-26,4,1,25.0,4.50,1.13,0.00,0.00,,,,,,,,
577,Mattia Viti,it ITA,"MF,DF",Fiorentina,23,2002,10,2,265,2.9,0,0,0,0,0,0,3,1,0.00,0.00,0.00,0.00,0.00,Matches,Serie A,2025-26,0,0,,0.00,0.00,,,,,,,,,,
578,Martin Vitík,cz CZE,DF,Bologna,22,2003,19,14,1325,14.7,0,0,0,0,0,0,3,0,0.00,0.00,0.00,0.00,0.00,Matches,Serie A,2025-26,8,2,25.0,0.54,0.14,0.00,0.00,,,,,,,,
579,Vitinha,pt POR,"FW,MF",Genoa,25,2000,35,28,2226,24.7,5,1,6,5,0,0,5,0,0.20,0.04,0.24,0.20,0.24,Matches,Serie A,2025-26,65,20,30.8,2.63,0.81,0.08,0.25,,,,,,,,
580,Dušan Vlahović,rs SRB,FW,Juventus,25,2000,19,11,968,10.8,7,1,8,6,1,1,0,0,0.65,0.09,0.74,0.56,0.65,Matches,Serie A,2025-26,49,18,36.7,4.56,1.67,0.12,0.33,,,,,,,,
581,Nikola Vlašić,hr CRO,"MF,FW",Torino,27,1997,37,36,3043,33.8,8,3,11,3,5,5,7,0,0.24,0.09,0.33,0.09,0.18,Matches,Serie A,2025-26,49,17,34.7,1.45,0.50,0.06,0.18,,,,,,,,
582,Mërgim Vojvoda,xk KVX,"MF,DF",Como,30,1995,30,19,1591,17.7,2,2,4,2,0,0,2,0,0.11,0.11,0.23,0.11,0.23,Matches,Serie A,2025-26,18,7,38.9,1.02,0.40,0.11,0.29,,,,,,,,
583,Cristian Volpato,au AUS,FW,Sassuolo,21,2003,24,11,1064,11.8,2,4,6,2,0,0,4,0,0.17,0.34,0.51,0.17,0.51,Matches,Serie A,2025-26,21,7,33.3,1.78,0.59,0.10,0.29,,,,,,,,
584,Aster Vranckx,be BEL,MF,Sassuolo,22,2002,16,9,690,7.7,0,0,0,0,0,0,2,0,0.00,0.00,0.00,0.00,0.00,Matches,Serie A,2025-26,3,1,33.3,0.39,0.13,0.00,0.00,,,,,,,,
585,Stefan de Vrij,nl NED,DF,Inter,33,1992,11,8,670,7.4,0,0,0,0,0,0,1,0,0.00,0.00,0.00,0.00,0.00,Matches,Serie A,2025-26,6,2,33.3,0.81,0.27,0.00,0.00,,,,,,,,
586,İsak Vural,tr TUR,MF,Pisa,19,2006,15,9,752,8.4,0,0,0,0,0,0,4,0,0.00,0.00,0.00,0.00,0.00,Matches,Serie A,2025-26,6,1,16.7,0.72,0.12,0.00,0.00,,,,,,,,
587,Sebastian Walukiewicz,pl POL,DF,Sassuolo,25,2000,34,33,2852,31.7,0,1,1,0,0,0,7,0,0.00,0.03,0.03,0.00,0.03,Matches,Serie A,2025-26,7,0,0.0,0.22,0.00,0.00,,,,,,,,,
588,Wesley,br BRA,MF,Roma,21,2003,30,28,2448,27.2,5,0,5,5,0,0,7,2,0.18,0.00,0.18,0.18,0.18,Matches,Serie A,2025-26,25,13,52.0,0.92,0.48,0.20,0.38,,,,,,,,
589,Kenan Yıldız,tr TUR,"MF,FW",Juventus,20,2005,36,33,2825,31.4,10,6,16,9,1,2,2,0,0.32,0.19,0.51,0.29,0.48,Matches,Serie A,2025-26,97,40,41.2,3.09,1.27,0.09,0.23,,,,,,,,
590,Mattia Zaccagni,it ITA,FW,Lazio,30,1995,26,26,2104,23.4,3,0,3,3,0,1,6,1,0.13,0.00,0.13,0.13,0.13,Matches,Serie A,2025-26,34,14,41.2,1.45,0.60,0.09,0.21,,,,,,,,
591,Gioele Zacchi,it ITA,GK,Sassuolo,22,2003,1,0,8,0.1,0,0,0,0,0,0,0,0,0.00,0.00,0.00,0.00,0.00,Matches,Serie A,2025-26,0,0,,0.00,0.00,,,0,0.00,0,0,,0,,
592,Nicola Zalewski,pl POL,MF,Atalanta,23,2002,33,24,1897,21.1,2,4,6,2,0,0,3,0,0.09,0.19,0.28,0.09,0.28,Matches,Serie A,2025-26,38,7,18.4,1.80,0.33,0.05,0.29,,,,,,,,
593,Nicolò Zaniolo,it ITA,"FW,MF",Udinese,26,1999,32,28,2257,25.1,5,6,11,5,0,0,8,0,0.20,0.24,0.44,0.20,0.44,Matches,Serie A,2025-26,72,22,30.6,2.87,0.88,0.07,0.23,,,,,,,,
594,Alessandro Zanoli,it ITA,MF,Udinese,24,2000,19,16,1280,14.2,1,2,3,1,0,0,1,0,0.07,0.14,0.21,0.07,0.21,Matches,Serie A,2025-26,3,1,33.3,0.21,0.07,0.33,1.00,,,,,,,,
595,Duván Zapata,co COL,FW,Torino,34,1991,28,11,1103,12.3,3,1,4,3,0,1,0,0,0.24,0.08,0.33,0.24,0.33,Matches,Serie A,2025-26,34,15,44.1,2.77,1.22,0.09,0.20,,,,,,,,
596,Gabriele Zappa,it ITA,"DF,MF",Cagliari,25,1999,31,18,1597,17.7,0,3,3,0,0,0,2,0,0.00,0.17,0.17,0.00,0.17,Matches,Serie A,2025-26,11,2,18.2,0.62,0.11,0.00,0.00,,,,,,,,
597,Davide Zappacosta,it ITA,MF,Atalanta,33,1992,35,30,2569,28.5,3,3,6,3,0,0,3,0,0.11,0.11,0.21,0.11,0.21,Matches,Serie A,2025-26,37,9,24.3,1.30,0.32,0.08,0.33,,,,,,,,
598,Bryan Zaragoza,es ESP,MF,Roma,23,2001,4,2,135,1.5,0,1,1,0,0,0,1,0,0.00,0.67,0.67,0.00,0.67,Matches,Serie A,2025-26,1,1,100.0,0.67,0.67,0.00,0.00,,,,,,,,
599,Oier Zarraga,es ESP,MF,Udinese,26,1999,24,2,475,5.3,0,0,0,0,0,0,2,0,0.00,0.00,0.00,0.00,0.00,Matches,Serie A,2025-26,4,1,25.0,0.76,0.19,0.00,0.00,,,,,,,,
600,Nils Zätterström,se SWE,DF,Genoa,20,2005,3,2,181,2.0,0,0,0,0,0,0,0,0,0.00,0.00,0.00,0.00,0.00,Matches,Serie A,2025-26,0,0,,0.00,0.00,,,,,,,,,,
601,Jordan Zemura,zw ZIM,"MF,DF",Udinese,25,1999,17,13,1127,12.5,0,1,1,0,0,0,3,0,0.00,0.08,0.08,0.00,0.08,Matches,Serie A,2025-26,5,1,20.0,0.40,0.08,0.00,0.00,,,,,,,,
602,Alessio Zerbin,it ITA,MF,Cremonese,26,1999,32,17,1646,18.3,0,3,3,0,0,0,1,0,0.00,0.16,0.16,0.00,0.16,Matches,Serie A,2025-26,21,7,33.3,1.15,0.38,0.00,0.00,,,,,,,,
603,Edon Zhegrova,xk KVX,MF,Juventus,26,1999,19,0,382,4.2,0,0,0,0,0,0,1,0,0.00,0.00,0.00,0.00,0.00,Matches,Serie A,2025-26,19,9,47.4,4.48,2.12,0.00,0.00,,,,,,,,
604,Piotr Zieliński,pl POL,MF,Inter,31,1994,34,22,2045,22.7,6,3,9,5,1,1,3,0,0.26,0.13,0.40,0.22,0.35,Matches,Serie A,2025-26,29,10,34.5,1.28,0.44,0.17,0.50,,,,,,,,
605,Jan Ziółkowski,pl POL,DF,Roma,20,2005,18,5,517,5.7,0,0,0,0,0,0,3,0,0.00,0.00,0.00,0.00,0.00,Matches,Serie A,2025-26,2,0,0.0,0.35,0.00,0.00,,,,,,,,,
606,Nadir Zortea,it ITA,DF,Bologna,26,1999,32,16,1819,20.2,0,2,2,0,0,0,2,0,0.00,0.10,0.10,0.00,0.10,Matches,Serie A,2025-26,11,1,9.1,0.54,0.05,0.00,0.00,,,,,,,,
607,Leo Østigård,no NOR,DF,Genoa,25,1999,30,30,2622,29.1,5,1,6,5,0,0,7,0,0.17,0.03,0.21,0.17,0.21,Matches,Serie A,2025-26,22,12,54.5,0.76,0.41,0.23,0.42,,,,,,,,
608,Milan Đurić,ba BIH,FW,Cremonese,35,1990,11,3,386,4.3,0,1,1,0,0,0,1,1,0.00,0.23,0.23,0.00,0.23,Matches,Serie A,2025-26,10,5,50.0,2.33,1.17,0.00,0.00,,,,,,,,
609,Milan Đurić,ba BIH,FW,Parma,35,1990,12,0,74,0.8,0,0,0,0,0,0,0,0,0.00,0.00,0.00,0.00,0.00,Matches,Serie A,2025-26,5,0,0.0,6.08,0.00,0.00,,,,,,,,,
