team_name,gameweek,opponent,was_home,fdr,trajectory_raw,trajectory_score
Arsenal,1,Man Utd,False,4,13.5,0.0
Arsenal,2,Leeds,True,2,12.600000000000001,0.2972972972972968
Arsenal,3,Liverpool,False,4,13.2,0.42857142857142905
Arsenal,4,Nott'm Forest,True,3,12.2,0.5000000000000004
Arsenal,5,Man City,True,4,12.2,0.48979591836734715
Arsenal,6,Newcastle,False,3,10.5,0.875
Arsenal,7,West Ham,True,2,10.3,0.9249999999999998
Arsenal,8,Fulham,False,3,11.2,0.6181818181818184
Arsenal,9,Crystal Palace,True,3,11.100000000000001,0.6086956521739126
Arsenal,10,Burnley,False,2,11.0,0.7391304347826089
Arsenal,11,Sunderland,False,3,12.600000000000001,0.5111111111111108
Arsenal,12,Spurs,True,3,11.500000000000002,0.73170731707317
Arsenal,13,Chelsea,False,3,11.399999999999999,0.6727272727272728
Arsenal,14,Brentford,True,3,11.3,0.7272727272727271
Arsenal,15,Aston Villa,False,4,11.2,0.7647058823529413
Arsenal,16,Wolves,True,1,10.6,0.8269230769230769
Arsenal,17,Everton,False,3,12.700000000000003,0.30303030303030265
Arsenal,18,Brighton,True,3,12.8,0.3137254901960783
Arsenal,19,Aston Villa,True,3,12.899999999999999,0.2444444444444448
Arsenal,20,Bournemouth,False,4,13.0,0.22857142857142876
Arsenal,21,Liverpool,True,3,11.4,0.764705882352941
Arsenal,22,Nott'm Forest,False,3,11.000000000000002,0.7755102040816324
Arsenal,23,Man Utd,True,3,10.850000000000001,0.588235294117647
Arsenal,24,Leeds,False,3,10.7,0.7090909090909094
Arsenal,25,Sunderland,True,2,11.15,0.806818181818182
Arsenal,26,Brentford,False,3,12.2,0.2962962962962964
Arsenal,26,Wolves,False,2,12.2,0.2962962962962964
Arsenal,27,Spurs,False,3,11.0,0.5737704918032787
Arsenal,28,Chelsea,True,3,10.8,0.8392857142857144
Arsenal,29,Brighton,False,4,11.8,0.3728813559322034
Arsenal,30,Everton,True,3,10.7,0.5076923076923078
Arsenal,32,Bournemouth,True,3,13.8,0.08571428571428585
Arsenal,33,Man City,False,5,12.8,0.11111111111111094
Arsenal,34,Newcastle,True,3,10.600000000000001,0.5802469135802468
Arsenal,35,Fulham,True,3,8.6,0.9130434782608695
Arsenal,36,West Ham,False,3,6.300000000000001,0.9583333333333333
Arsenal,37,Burnley,True,1,3.7,1.0
Arsenal,38,Crystal Palace,False,3,3.0,0.5
Aston Villa,1,Newcastle,True,3,12.0,0.4411764705882355
Aston Villa,2,Brentford,False,3,12.0,0.4594594594594593
Aston Villa,3,Crystal Palace,True,3,10.8,1.0
Aston Villa,4,Everton,False,3,10.600000000000001,0.9705882352941172
Aston Villa,5,Sunderland,False,3,11.0,0.7346938775510203
Aston Villa,6,Fulham,True,3,11.500000000000002,0.6249999999999996
Aston Villa,7,Burnley,True,1,11.5,0.6250000000000002
Aston Villa,8,Spurs,False,3,13.7,0.16363636363636402
Aston Villa,9,Man City,True,4,12.7,0.26086956521739124
Aston Villa,10,Liverpool,False,4,12.200000000000001,0.4782608695652175
Aston Villa,11,Bournemouth,True,3,11.700000000000001,0.7111111111111108
Aston Villa,12,Leeds,False,3,11.7,0.6829268292682926
Aston Villa,13,Wolves,True,1,11.7,0.6181818181818182
Aston Villa,14,Brighton,False,4,13.899999999999999,0.25454545454545485
Aston Villa,15,Arsenal,True,4,14.200000000000001,0.17647058823529382
Aston Villa,16,West Ham,False,3,13.400000000000002,0.28846153846153777
Aston Villa,17,Man Utd,True,3,13.599999999999998,0.03030303030303172
Aston Villa,18,Chelsea,False,3,13.8,0.11764705882352933
Aston Villa,19,Arsenal,False,5,14.0,0.0
Aston Villa,20,Nott'm Forest,True,3,12.0,0.5142857142857145
Aston Villa,21,Crystal Palace,False,3,12.600000000000001,0.4117647058823525
Aston Villa,22,Everton,True,3,12.700000000000003,0.42857142857142816
Aston Villa,23,Newcastle,False,3,12.2,0.3613445378151263
Aston Villa,24,Brentford,True,3,11.6,0.5454545454545459
Aston Villa,25,Bournemouth,False,4,11.5,0.7272727272727275
Aston Villa,26,Brighton,True,3,10.9,0.5370370370370369
Aston Villa,27,Leeds,True,2,10.2,0.7049180327868854
Aston Villa,28,Wolves,False,2,11.100000000000001,0.7857142857142858
Aston Villa,29,Chelsea,True,3,11.499999999999998,0.42372881355932246
Aston Villa,30,Man Utd,False,4,11.399999999999999,0.40000000000000024
Aston Villa,31,West Ham,True,2,10.2,0.5074626865671644
Aston Villa,32,Nott'm Forest,False,3,10.5,0.5571428571428572
Aston Villa,33,Sunderland,True,2,10.3,0.5079365079365077
Aston Villa,34,Fulham,False,3,12.4,0.3580246913580247
Aston Villa,35,Spurs,True,3,10.7,0.4565217391304349
Aston Villa,36,Burnley,False,2,8.7,0.4583333333333336
Aston Villa,37,Liverpool,True,3,7.5,0.0
Aston Villa,38,Man City,False,5,5.0,0.0
Bournemouth,1,Liverpool,False,4,11.2,0.6764705882352946
Bournemouth,2,Wolves,True,1,10.0,1.0
Bournemouth,3,Spurs,False,3,12.0,0.7142857142857145
Bournemouth,4,Brighton,True,3,12.0,0.5588235294117649
Bournemouth,5,Newcastle,True,3,12.0,0.5306122448979592
Bournemouth,6,Leeds,False,3,13.200000000000001,0.19999999999999973
Bournemouth,7,Fulham,True,3,14.000000000000002,0.0
Bournemouth,8,Crystal Palace,False,3,13.7,0.16363636363636402
Bournemouth,9,Nott'm Forest,True,3,13.899999999999999,0.0
Bournemouth,10,Man City,False,5,14.099999999999998,0.06521739130434878
Bournemouth,11,Aston Villa,False,4,12.099999999999998,0.6222222222222227
Bournemouth,12,West Ham,True,2,11.6,0.7073170731707316
Bournemouth,13,Sunderland,False,3,11.500000000000002,0.6545454545454541
Bournemouth,14,Everton,True,3,11.399999999999999,0.7090909090909092
Bournemouth,15,Chelsea,True,3,11.3,0.7450980392156861
Bournemouth,16,Man Utd,False,4,11.8,0.5961538461538458
Bournemouth,17,Burnley,True,1,10.7,0.909090909090909
Bournemouth,18,Brentford,False,3,13.4,0.196078431372549
Bournemouth,19,Chelsea,False,3,13.600000000000001,0.08888888888888857
Bournemouth,20,Arsenal,True,4,13.2,0.17142857142857182
Bournemouth,21,Spurs,True,3,12.2,0.5294117647058825
Bournemouth,22,Brighton,False,4,12.2,0.5306122448979594
Bournemouth,23,Liverpool,True,3,11.100000000000001,0.5462184873949578
Bournemouth,24,Wolves,False,2,10.399999999999999,0.7636363636363641
Bournemouth,25,Aston Villa,True,3,11.3,0.7727272727272728
Bournemouth,26,Everton,False,3,10.6,0.5925925925925926
Bournemouth,27,West Ham,False,3,10.399999999999999,0.6721311475409839
Bournemouth,28,Sunderland,True,2,11.4,0.7321428571428574
Bournemouth,29,Brentford,True,3,12.2,0.30508474576271216
Bournemouth,30,Burnley,False,2,10.45,0.5461538461538462
Bournemouth,31,Man Utd,True,3,11.3,0.34328358208955234
Bournemouth,32,Arsenal,False,5,11.149999999999999,0.46428571428571463
Bournemouth,33,Newcastle,False,3,9.4,0.6507936507936507
Bournemouth,33,Leeds,True,2,9.4,0.6507936507936507
Bournemouth,35,Crystal Palace,True,3,11.0,0.39130434782608703
Bournemouth,36,Fulham,False,3,9.0,0.39583333333333337
Bournemouth,37,Man City,True,4,6.7,0.21052631578947367
Bournemouth,38,Nott'm Forest,False,3,3.0,0.5
Brentford,1,Nott'm Forest,False,3,12.0,0.4411764705882355
Brentford,2,Aston Villa,True,3,12.0,0.4594594594594593
Brentford,3,Sunderland,False,3,12.600000000000001,0.5714285714285714
Brentford,4,Chelsea,True,3,12.700000000000003,0.35294117647058776
Brentford,5,Fulham,False,3,12.8,0.36734693877551017
Brentford,6,Man Utd,True,3,12.899999999999999,0.27500000000000036
Brentford,7,Man City,True,4,13.0,0.25000000000000033
Brentford,8,West Ham,False,3,12.600000000000001,0.36363636363636354
Brentford,9,Liverpool,True,3,11.500000000000002,0.5217391304347822
Brentford,10,Crystal Palace,False,3,12.6,0.39130434782608736
Brentford,11,Newcastle,True,3,12.7,0.48888888888888915
Brentford,12,Brighton,False,4,12.2,0.5609756097560976
Brentford,13,Burnley,True,1,10.5,0.8363636363636363
Brentford,14,Arsenal,False,5,12.5,0.509090909090909
Brentford,15,Spurs,False,3,10.3,0.9411764705882352
Brentford,16,Leeds,True,2,10.100000000000001,0.9230769230769227
Brentford,17,Wolves,False,2,10.399999999999999,1.0
Brentford,18,Bournemouth,True,3,11.3,0.6078431372549018
Brentford,19,Spurs,True,3,11.2,0.6222222222222225
Brentford,20,Everton,False,3,11.700000000000001,0.5999999999999999
Brentford,21,Sunderland,True,2,11.7,0.6764705882352943
Brentford,22,Chelsea,False,3,13.4,0.2857142857142858
Brentford,23,Nott'm Forest,True,3,13.600000000000001,0.12605042016806722
Brentford,24,Aston Villa,False,4,13.2,0.25454545454545496
Brentford,25,Newcastle,False,3,12.8,0.4318181818181821
Brentford,26,Arsenal,True,4,11.700000000000001,0.3888888888888886
Brentford,27,Brighton,True,3,10.5,0.6557377049180328
Brentford,28,Burnley,False,2,10.3,0.9285714285714288
Brentford,29,Bournemouth,False,4,11.2,0.47457627118644097
Brentford,30,Wolves,True,1,10.6,0.5230769230769231
Brentford,31,Leeds,False,3,12.100000000000001,0.22388059701492535
Brentford,32,Everton,True,3,13.3,0.15714285714285725
Brentford,33,Fulham,True,3,13.5,0.0
Brentford,34,Man Utd,False,4,14.3,0.1234567901234569
Brentford,35,West Ham,True,2,11.7,0.23913043478260898
Brentford,36,Man City,False,5,10.9,0.0
Brentford,37,Crystal Palace,True,3,6.6,0.23684210526315796
Brentford,38,Liverpool,False,4,4.0,0.25
Brighton,1,Fulham,True,3,13.5,0.0
Brighton,2,Everton,False,3,13.7,0.0
Brighton,3,Man City,True,4,13.299999999999999,0.4047619047619053
Brighton,4,Bournemouth,False,4,12.3,0.47058823529411775
Brighton,5,Spurs,True,3,11.8,0.5714285714285714
Brighton,6,Chelsea,False,3,11.2,0.7000000000000002
Brighton,7,Wolves,False,2,11.100000000000001,0.7249999999999998
Brighton,8,Newcastle,True,3,12.099999999999998,0.45454545454545503
Brighton,9,Man Utd,False,4,12.099999999999998,0.39130434782608725
Brighton,10,Leeds,True,2,11.0,0.7391304347826089
Brighton,11,Crystal Palace,False,3,11.4,0.7777777777777776
Brighton,12,Brentford,True,3,11.900000000000002,0.6341463414634139
Brighton,13,Nott'm Forest,False,3,11.3,0.6909090909090907
Brighton,14,Aston Villa,True,3,12.4,0.5272727272727271
Brighton,15,West Ham,True,2,12.5,0.5098039215686274
Brighton,16,Liverpool,False,4,12.5,0.46153846153846134
Brighton,17,Sunderland,True,2,12.6,0.3333333333333339
Brighton,18,Arsenal,False,5,13.8,0.11764705882352933
Brighton,19,West Ham,False,3,11.8,0.4888888888888887
Brighton,20,Burnley,True,1,11.8,0.5714285714285714
Brighton,21,Man City,False,5,14.0,0.0
Brighton,22,Bournemouth,True,3,12.600000000000001,0.4489795918367345
Brighton,23,Fulham,False,3,12.700000000000003,0.2773109243697476
Brighton,24,Everton,True,3,12.8,0.3272727272727274
Brighton,25,Crystal Palace,True,3,13.5,0.27272727272727326
Brighton,26,Aston Villa,False,4,13.700000000000003,0.018518518518518157
Brighton,27,Brentford,False,3,12.8,0.2786885245901638
Brighton,28,Nott'm Forest,True,3,12.299999999999999,0.5714285714285718
Brighton,29,Arsenal,True,4,12.3,0.2881355932203391
Brighton,30,Sunderland,False,3,9.4,0.7076923076923076
Brighton,31,Liverpool,True,3,9.0,0.6865671641791046
Brighton,32,Burnley,False,2,7.3999999999999995,1.0
Brighton,33,Spurs,False,3,7.9,0.8888888888888887
Brighton,33,Chelsea,True,3,7.9,0.8888888888888887
Brighton,35,Newcastle,False,3,8.4,0.9565217391304346
Brighton,36,Wolves,True,1,6.1000000000000005,1.0
Brighton,37,Leeds,False,3,5.7,0.4736842105263158
Brighton,38,Man Utd,True,3,3.0,0.5
Burnley,1,Spurs,False,3,11.899999999999999,0.4705882352941183
Burnley,2,Sunderland,True,2,13.1,0.16216216216216206
Burnley,3,Man Utd,False,4,15.000000000000002,0.0
Burnley,4,Liverpool,True,3,13.7,0.058823529411765496
Burnley,5,Nott'm Forest,True,3,13.299999999999999,0.26530612244898
Burnley,6,Man City,False,5,14.0,0.0
Burnley,7,Aston Villa,False,4,12.0,0.5000000000000002
Burnley,8,Leeds,True,2,10.899999999999999,0.6727272727272731
Burnley,9,Wolves,False,2,11.899999999999999,0.43478260869565233
Burnley,10,Arsenal,True,4,13.0,0.3043478260869569
Burnley,11,West Ham,False,3,12.0,0.6444444444444444
Burnley,12,Chelsea,True,3,12.0,0.6097560975609754
Burnley,13,Brentford,False,3,12.600000000000001,0.45454545454545425
Burnley,14,Crystal Palace,True,3,12.700000000000003,0.4727272727272722
Burnley,15,Newcastle,False,3,12.8,0.4509803921568626
Burnley,16,Fulham,True,3,13.5,0.26923076923076894
Burnley,17,Bournemouth,False,4,13.700000000000003,0.0
Burnley,18,Everton,True,3,13.4,0.196078431372549
Burnley,19,Newcastle,True,3,13.600000000000001,0.08888888888888857
Burnley,20,Brighton,False,4,13.8,0.0
Burnley,21,Man Utd,True,3,12.299999999999999,0.5000000000000002
Burnley,22,Liverpool,False,4,12.3,0.510204081632653
Burnley,23,Spurs,True,3,11.2,0.5294117647058827
Burnley,24,Sunderland,False,3,11.100000000000001,0.6363636363636364
Burnley,25,West Ham,True,2,11.0,0.8409090909090912
Burnley,26,Crystal Palace,False,3,12.0,0.33333333333333337
Burnley,27,Chelsea,False,3,12.0,0.4098360655737705
Burnley,28,Brentford,True,3,12.0,0.6250000000000002
Burnley,29,Everton,False,3,12.3,0.2881355932203391
Burnley,30,Bournemouth,True,3,10.55,0.5307692307692307
Burnley,31,Fulham,False,3,10.3,0.4925373134328358
Burnley,32,Brighton,True,3,10.05,0.6214285714285714
Burnley,33,Nott'm Forest,False,3,11.0,0.39682539682539675
Burnley,33,Man City,True,4,11.0,0.39682539682539675
Burnley,35,Leeds,False,3,10.399999999999999,0.5217391304347829
Burnley,36,Aston Villa,True,3,8.3,0.5416666666666666
Burnley,37,Arsenal,False,5,5.9,0.42105263157894735
Burnley,38,Wolves,True,1,1.0,1.0
Chelsea,1,Crystal Palace,True,3,12.600000000000001,0.2647058823529409
Chelsea,2,West Ham,False,3,12.700000000000003,0.2702702702702694
Chelsea,3,Fulham,True,3,12.8,0.523809523809524
Chelsea,4,Brentford,False,3,12.899999999999999,0.29411764705882437
Chelsea,5,Man Utd,False,4,12.4,0.44897959183673475
Chelsea,6,Brighton,True,3,11.3,0.6749999999999998
Chelsea,7,Liverpool,True,3,10.0,1.0
Chelsea,8,Nott'm Forest,False,3,9.1,1.0
Chelsea,9,Sunderland,True,2,9.3,1.0
Chelsea,10,Spurs,False,3,10.100000000000001,0.934782608695652
Chelsea,11,Wolves,True,1,10.5,0.9777777777777775
Chelsea,12,Burnley,False,2,12.600000000000001,0.463414634146341
Chelsea,13,Arsenal,True,4,13.8,0.23636363636363622
Chelsea,14,Leeds,False,3,12.899999999999999,0.4363636363636366
Chelsea,15,Bournemouth,False,4,13.0,0.4117647058823529
Chelsea,16,Everton,True,3,13.200000000000001,0.32692307692307654
Chelsea,17,Newcastle,False,3,13.400000000000002,0.09090909090909105
Chelsea,18,Aston Villa,True,3,13.599999999999998,0.15686274509803966
Chelsea,19,Bournemouth,True,3,13.8,0.04444444444444429
Chelsea,20,Man City,False,5,13.4,0.11428571428571443
Chelsea,21,Fulham,False,3,10.700000000000001,0.9705882352941172
Chelsea,22,Brentford,True,3,9.9,1.0
Chelsea,23,Crystal Palace,False,3,8.4,1.0
Chelsea,24,West Ham,True,2,9.100000000000001,1.0
Chelsea,25,Wolves,False,2,10.5,0.9545454545454547
Chelsea,26,Leeds,True,2,11.5,0.42592592592592593
Chelsea,27,Burnley,True,1,12.599999999999998,0.3114754098360659
Chelsea,28,Arsenal,False,5,15.5,0.0
Chelsea,29,Aston Villa,False,4,14.000000000000002,0.0
Chelsea,30,Newcastle,True,3,11.35,0.4076923076923078
Chelsea,31,Everton,False,3,11.2,0.35820895522388085
Chelsea,32,Man City,True,4,11.65,0.392857142857143
Chelsea,33,Man Utd,True,3,10.5,0.47619047619047616
Chelsea,33,Brighton,False,4,10.5,0.47619047619047616
Chelsea,35,Nott'm Forest,True,3,11.1,0.36956521739130443
Chelsea,36,Liverpool,False,4,9.100000000000001,0.3749999999999998
Chelsea,37,Spurs,True,3,5.7,0.4736842105263158
Chelsea,38,Sunderland,False,3,3.0,0.5
Crystal Palace,1,Chelsea,False,3,12.100000000000001,0.4117647058823527
Crystal Palace,2,Nott'm Forest,True,3,12.099999999999998,0.4324324324324329
Crystal Palace,3,Aston Villa,False,4,12.099999999999998,0.6904761904761912
Crystal Palace,4,Sunderland,True,2,11.0,0.8529411764705883
Crystal Palace,5,West Ham,False,3,13.200000000000001,0.2857142857142857
Crystal Palace,6,Liverpool,True,3,13.400000000000002,0.14999999999999947
Crystal Palace,7,Everton,False,3,13.599999999999998,0.10000000000000098
Crystal Palace,8,Bournemouth,True,3,13.2,0.25454545454545485
Crystal Palace,9,Arsenal,False,5,13.3,0.13043478260869523
Crystal Palace,10,Brentford,True,3,10.6,0.8260869565217395
Crystal Palace,11,Brighton,True,3,10.399999999999999,1.0
Crystal Palace,12,Wolves,False,2,10.8,0.9024390243902434
Crystal Palace,13,Man Utd,True,3,11.8,0.5999999999999999
Crystal Palace,14,Burnley,False,2,11.8,0.6363636363636361
Crystal Palace,15,Fulham,False,3,12.899999999999999,0.4313725490196081
Crystal Palace,16,Man City,True,4,13.0,0.3653846153846152
Crystal Palace,17,Leeds,False,3,12.0,0.5151515151515154
Crystal Palace,18,Spurs,True,3,12.0,0.47058823529411764
Crystal Palace,19,Fulham,True,3,12.0,0.4444444444444444
Crystal Palace,20,Newcastle,False,3,12.0,0.5142857142857145
Crystal Palace,21,Aston Villa,True,3,12.600000000000001,0.4117647058823525
Crystal Palace,22,Sunderland,False,3,11.500000000000002,0.6734693877551018
Crystal Palace,23,Chelsea,True,3,10.2,0.6974789915966388
Crystal Palace,24,Nott'm Forest,False,3,10.5,0.7454545454545457
Crystal Palace,25,Brighton,False,4,10.3,1.0
Crystal Palace,26,Burnley,True,1,8.399999999999999,1.0
Crystal Palace,27,Wolves,True,1,8.4,1.0
Crystal Palace,28,Man Utd,False,4,10.100000000000001,0.9642857142857144
Crystal Palace,29,Spurs,False,3,8.1,1.0
Crystal Palace,30,Leeds,True,2,8.200000000000001,0.8923076923076921
Crystal Palace,32,Newcastle,True,3,13.200000000000001,0.17142857142857149
Crystal Palace,33,West Ham,True,2,13.400000000000002,0.015873015873015484
Crystal Palace,34,Liverpool,False,4,15.3,0.0
Crystal Palace,35,Bournemouth,False,4,12.8,0.0
Crystal Palace,36,Everton,True,3,9.9,0.20833333333333337
Crystal Palace,36,Man City,False,5,9.9,0.20833333333333337
Crystal Palace,37,Brentford,False,3,6.6,0.23684210526315796
Crystal Palace,38,Arsenal,True,4,4.0,0.25
Everton,1,Leeds,False,3,11.8,0.5
Everton,2,Brighton,True,3,11.2,0.6756756756756759
Everton,3,Wolves,False,2,11.100000000000001,0.9285714285714284
Everton,4,Aston Villa,True,3,13.299999999999999,0.17647058823529493
Everton,5,Liverpool,False,4,13.5,0.22448979591836749
Everton,6,West Ham,True,2,12.599999999999998,0.35000000000000053
Everton,7,Crystal Palace,True,3,13.8,0.050000000000000266
Everton,8,Man City,False,5,14.600000000000001,0.0
Everton,9,Spurs,True,3,12.700000000000003,0.26086956521739046
Everton,10,Sunderland,False,3,13.4,0.2173913043478264
Everton,11,Fulham,True,3,13.600000000000001,0.28888888888888886
Everton,12,Man Utd,False,4,13.8,0.170731707317073
Everton,13,Newcastle,True,3,13.5,0.2909090909090909
Everton,14,Bournemouth,False,4,13.100000000000001,0.3999999999999997
Everton,15,Nott'm Forest,True,3,12.100000000000001,0.5882352941176467
Everton,16,Chelsea,False,3,12.099999999999998,0.5384615384615387
Everton,17,Arsenal,True,4,10.899999999999999,0.8484848484848486
Everton,18,Burnley,False,2,10.200000000000001,0.8235294117647055
Everton,19,Nott'm Forest,False,3,10.5,0.7777777777777778
Everton,20,Brentford,True,3,10.9,0.8285714285714287
Everton,21,Wolves,True,1,10.8,0.941176470588235
Everton,22,Aston Villa,False,4,12.899999999999999,0.38775510204081676
Everton,23,Leeds,True,2,11.899999999999999,0.41176470588235337
Everton,24,Brighton,False,4,13.0,0.2909090909090911
Everton,25,Fulham,False,3,10.8,0.8863636363636365
Everton,26,Bournemouth,True,3,11.8,0.37037037037037024
Everton,27,Man Utd,True,3,11.8,0.44262295081967207
Everton,28,Newcastle,False,3,11.8,0.6607142857142858
Everton,29,Burnley,True,1,11.8,0.3728813559322034
Everton,30,Arsenal,False,5,14.0,0.0
Everton,31,Chelsea,True,3,12.600000000000001,0.14925373134328357
Everton,32,Brentford,False,3,12.700000000000003,0.24285714285714266
Everton,33,Liverpool,True,3,12.2,0.2063492063492064
Everton,34,West Ham,False,3,12.2,0.3827160493827163
Everton,35,Man City,True,4,10.4,0.5217391304347825
Everton,36,Crystal Palace,False,3,7.2,0.7708333333333334
Everton,37,Sunderland,True,2,4.7,0.736842105263158
Everton,38,Spurs,False,3,3.0,0.5
Fulham,1,Brighton,False,4,12.3,0.3529411764705882
Fulham,2,Man Utd,True,3,11.8,0.5135135135135132
Fulham,3,Chelsea,False,3,12.4,0.6190476190476193
Fulham,4,Leeds,True,2,13.1,0.23529411764705943
Fulham,5,Brentford,True,3,14.400000000000002,0.04081632653061207
Fulham,6,Aston Villa,False,4,13.5,0.125
Fulham,7,Bournemouth,False,4,12.5,0.3750000000000002
Fulham,8,Arsenal,True,4,10.799999999999999,0.6909090909090911
Fulham,9,Newcastle,False,3,9.5,0.9565217391304349
Fulham,10,Wolves,True,1,9.8,1.0
Fulham,11,Everton,False,3,11.8,0.6888888888888887
Fulham,12,Sunderland,True,2,11.2,0.8048780487804876
Fulham,13,Spurs,False,3,12.2,0.5272727272727273
Fulham,14,Man City,True,4,12.2,0.5636363636363637
Fulham,15,Crystal Palace,True,3,11.100000000000001,0.7843137254901957
Fulham,16,Burnley,False,2,11.0,0.7499999999999998
Fulham,17,Nott'm Forest,True,3,12.0,0.5151515151515154
Fulham,18,West Ham,False,3,12.0,0.47058823529411764
Fulham,19,Crystal Palace,False,3,12.0,0.4444444444444444
Fulham,20,Liverpool,True,3,12.600000000000001,0.34285714285714264
Fulham,21,Chelsea,True,3,12.700000000000003,0.3823529411764697
Fulham,22,Leeds,False,3,14.0,0.16326530612244916
Fulham,23,Brighton,True,3,14.3,0.008403361344537896
Fulham,24,Man Utd,False,4,14.599999999999998,6.661338147750939e-16
Fulham,25,Everton,True,3,13.2,0.3409090909090916
Fulham,26,Man City,False,5,13.3,0.09259259259259256
Fulham,27,Sunderland,False,3,10.0,0.7377049180327869
Fulham,28,Spurs,True,3,10.3,0.9285714285714288
Fulham,29,West Ham,True,2,10.100000000000001,0.6610169491525422
Fulham,30,Nott'm Forest,False,3,11.0,0.46153846153846156
Fulham,31,Burnley,True,1,12.1,0.22388059701492558
Fulham,32,Liverpool,False,4,14.400000000000002,0.0
Fulham,33,Brentford,False,3,12.999999999999998,0.07936507936507964
Fulham,34,Aston Villa,True,3,13.100000000000001,0.2716049382716049
Fulham,35,Arsenal,False,5,11.4,0.30434782608695654
Fulham,36,Bournemouth,True,3,7.2,0.7708333333333334
Fulham,37,Wolves,False,2,4.7,0.736842105263158
Fulham,38,Newcastle,True,3,3.0,0.5
Leeds,1,Everton,True,3,13.2,0.0882352941176473
Leeds,2,Arsenal,False,5,13.3,0.10810810810810778
Leeds,3,Newcastle,True,3,11.2,0.9047619047619051
Leeds,4,Fulham,False,3,10.5,1.0
Leeds,5,Wolves,False,2,9.7,1.0
Leeds,6,Bournemouth,True,3,11.100000000000001,0.7249999999999996
Leeds,7,Spurs,True,3,11.0,0.7500000000000001
Leeds,8,Burnley,False,2,10.899999999999999,0.6727272727272731
Leeds,9,West Ham,True,2,13.1,0.17391304347826075
Leeds,10,Brighton,False,4,14.400000000000002,0.0
Leeds,11,Nott'm Forest,False,3,13.599999999999998,0.28888888888888964
Leeds,12,Aston Villa,True,3,13.8,0.170731707317073
Leeds,13,Man City,False,5,14.0,0.19999999999999996
Leeds,14,Chelsea,True,3,12.0,0.5999999999999999
Leeds,15,Liverpool,True,3,12.600000000000001,0.49019607843137225
Leeds,16,Brentford,False,3,12.700000000000003,0.42307692307692235
Leeds,17,Crystal Palace,True,3,12.8,0.27272727272727304
Leeds,18,Sunderland,False,3,12.899999999999999,0.2941176470588238
Leeds,19,Liverpool,False,4,13.0,0.2222222222222222
Leeds,20,Man Utd,True,3,12.600000000000001,0.34285714285714264
Leeds,21,Newcastle,False,3,12.700000000000003,0.3823529411764697
Leeds,22,Fulham,True,3,12.8,0.40816326530612246
Leeds,23,Everton,False,3,13.5,0.14285714285714302
Leeds,24,Arsenal,True,4,14.300000000000002,0.05454545454545434
Leeds,25,Nott'm Forest,True,3,12.899999999999999,0.40909090909090984
Leeds,26,Chelsea,False,3,13.0,0.14814814814814825
Leeds,27,Aston Villa,False,4,13.099999999999998,0.22950819672131184
Leeds,28,Man City,True,4,12.7,0.5000000000000003
Leeds,29,Sunderland,True,2,11.4,0.44067796610169496
Leeds,30,Crystal Palace,False,3,10.65,0.5153846153846153
Leeds,31,Brentford,True,3,9.2,0.656716417910448
Leeds,32,Man Utd,False,4,8.75,0.8071428571428572
Leeds,33,Wolves,True,1,7.199999999999999,1.0
Leeds,33,Bournemouth,False,4,7.199999999999999,1.0
Leeds,35,Burnley,True,1,8.2,1.0
Leeds,36,Spurs,False,3,8.100000000000001,0.5833333333333331
Leeds,37,Brighton,True,3,5.7,0.4736842105263158
Leeds,38,West Ham,False,3,3.0,0.5
Liverpool,1,Bournemouth,True,3,12.100000000000001,0.4117647058823527
Liverpool,2,Newcastle,False,3,12.099999999999998,0.4324324324324329
Liverpool,3,Arsenal,True,4,12.099999999999998,0.6904761904761912
Liverpool,4,Burnley,False,2,11.0,0.8529411764705883
Liverpool,5,Everton,True,3,12.0,0.5306122448979592
Liverpool,6,Crystal Palace,False,3,12.0,0.5
Liverpool,7,Chelsea,False,3,13.200000000000001,0.20000000000000007
Liverpool,8,Man Utd,True,3,13.400000000000002,0.21818181818181803
Liverpool,9,Brentford,False,3,13.599999999999998,0.065217391304348
Liverpool,10,Aston Villa,True,3,13.2,0.2608695652173918
Liverpool,11,Man City,False,5,13.3,0.3555555555555556
Liverpool,12,Nott'm Forest,True,3,11.2,0.8048780487804876
Liverpool,13,West Ham,False,3,11.100000000000001,0.727272727272727
Liverpool,14,Sunderland,True,2,9.799999999999999,1.0
Liverpool,15,Leeds,False,3,10.0,1.0
Liverpool,16,Brighton,True,3,9.7,1.0
Liverpool,17,Spurs,False,3,10.6,0.9393939393939391
Liverpool,18,Wolves,True,1,9.299999999999999,1.0
Liverpool,19,Leeds,True,2,11.799999999999999,0.48888888888888915
Liverpool,20,Fulham,False,3,12.900000000000002,0.2571428571428568
Liverpool,21,Arsenal,False,5,13.600000000000001,0.117647058823529
Liverpool,22,Burnley,True,1,11.600000000000001,0.6530612244897958
Liverpool,23,Bournemouth,False,4,13.8,0.09243697478991608
Liverpool,24,Newcastle,True,3,12.299999999999999,0.41818181818181865
Liverpool,25,Man City,True,4,11.700000000000001,0.6818181818181819
Liverpool,26,Sunderland,False,3,10.5,0.6111111111111109
Liverpool,27,Nott'm Forest,False,3,10.9,0.5901639344262295
Liverpool,28,West Ham,True,2,10.8,0.8392857142857144
Liverpool,29,Wolves,False,2,11.8,0.3728813559322034
Liverpool,30,Spurs,True,3,12.899999999999999,0.1692307692307694
Liverpool,31,Brighton,False,4,13.600000000000001,0.0
Liverpool,32,Fulham,True,3,12.700000000000003,0.24285714285714266
Liverpool,33,Everton,False,3,13.4,0.015873015873015817
Liverpool,34,Crystal Palace,True,3,13.600000000000001,0.20987654320987648
Liverpool,35,Man Utd,False,4,12.0,0.17391304347826098
Liverpool,36,Chelsea,True,3,9.0,0.39583333333333337
Liverpool,37,Aston Villa,False,4,6.7,0.21052631578947367
Liverpool,38,Brentford,True,3,3.0,0.5
Man City,1,Wolves,False,2,13.0,0.1470588235294118
Man City,2,Spurs,True,3,13.1,0.16216216216216206
Man City,3,Brighton,False,4,13.2,0.42857142857142905
Man City,4,Man Utd,True,3,12.2,0.5000000000000004
Man City,5,Arsenal,False,5,12.8,0.36734693877551017
Man City,6,Burnley,True,1,10.7,0.8250000000000002
Man City,7,Brentford,False,3,12.8,0.30000000000000016
Man City,8,Everton,True,3,12.899999999999999,0.3090909090909095
Man City,9,Aston Villa,False,4,12.4,0.3260869565217389
Man City,10,Bournemouth,True,3,11.3,0.673913043478261
Man City,11,Liverpool,True,3,10.6,0.9555555555555554
Man City,12,Newcastle,False,3,10.399999999999999,1.0
Man City,13,Leeds,True,2,9.6,1.0
Man City,14,Fulham,False,3,10.399999999999999,0.890909090909091
Man City,15,Sunderland,True,2,10.2,0.9607843137254903
Man City,16,Crystal Palace,False,3,11.100000000000001,0.7307692307692304
Man City,17,West Ham,True,2,11.0,0.818181818181818
Man City,18,Nott'm Forest,False,3,12.600000000000001,0.352941176470588
Man City,19,Sunderland,False,3,11.500000000000002,0.5555555555555551
Man City,20,Chelsea,True,3,11.399999999999999,0.6857142857142864
Man City,21,Brighton,True,3,11.9,0.6176470588235292
Man City,22,Man Utd,False,4,11.900000000000002,0.5918367346938772
Man City,23,Wolves,True,1,10.8,0.5966386554621849
Man City,24,Spurs,False,3,12.899999999999999,0.30909090909090964
Man City,25,Liverpool,False,4,13.0,0.3863636363636368
Man City,26,Fulham,True,3,12.0,0.33333333333333337
Man City,27,Newcastle,True,3,10.200000000000001,0.7049180327868851
Man City,28,Leeds,False,3,9.900000000000002,1.0
Man City,29,Nott'm Forest,True,3,9.6,0.7457627118644068
Man City,30,West Ham,False,3,7.5,1.0
Man City,32,Chelsea,False,3,9.6,0.6857142857142858
Man City,33,Arsenal,True,4,9.9,0.5714285714285713
Man City,33,Burnley,False,2,9.9,0.5714285714285713
Man City,35,Everton,False,3,11.0,0.39130434782608703
Man City,36,Brentford,True,3,9.0,0.39583333333333337
Man City,36,Crystal Palace,True,3,9.0,0.39583333333333337
Man City,37,Bournemouth,False,4,6.7,0.21052631578947367
Man City,38,Aston Villa,True,3,3.0,0.5
Man Utd,1,Arsenal,True,4,12.8,0.2058823529411763
Man Utd,2,Fulham,False,3,11.8,0.5135135135135132
Man Utd,3,Burnley,True,1,11.2,0.9047619047619051
Man Utd,4,Man City,False,5,13.900000000000002,0.0
Man Utd,5,Chelsea,True,3,11.900000000000002,0.5510204081632649
Man Utd,6,Brentford,False,3,11.899999999999999,0.5250000000000004
Man Utd,7,Sunderland,True,2,11.899999999999999,0.5250000000000006
Man Utd,8,Liverpool,False,4,13.0,0.2909090909090911
Man Utd,9,Brighton,True,3,12.0,0.4130434782608694
Man Utd,10,Nott'm Forest,False,3,11.4,0.6521739130434785
Man Utd,11,Spurs,False,3,10.700000000000001,0.9333333333333328
Man Utd,12,Everton,True,3,10.5,0.9756097560975606
Man Utd,13,Crystal Palace,False,3,10.9,0.7636363636363634
Man Utd,14,West Ham,True,2,10.8,0.8181818181818179
Man Utd,15,Wolves,False,2,10.6,0.8823529411764707
Man Utd,16,Bournemouth,True,3,11.5,0.6538461538461537
Man Utd,17,Aston Villa,False,4,10.799999999999999,0.8787878787878789
Man Utd,18,Newcastle,True,3,10.100000000000001,0.8431372549019603
Man Utd,19,Wolves,True,1,11.100000000000001,0.6444444444444442
Man Utd,20,Leeds,False,3,13.3,0.1428571428571429
Man Utd,21,Burnley,False,2,13.5,0.1470588235294118
Man Utd,22,Man City,True,4,14.8,0.0
Man Utd,23,Arsenal,False,5,14.0,0.05882352941176494
Man Utd,24,Fulham,True,3,12.0,0.472727272727273
Man Utd,25,Spurs,True,3,12.0,0.613636363636364
Man Utd,26,West Ham,False,3,12.0,0.33333333333333337
Man Utd,27,Everton,False,3,12.600000000000001,0.31147540983606536
Man Utd,28,Crystal Palace,True,3,12.100000000000001,0.6071428571428571
Man Utd,29,Newcastle,False,3,12.100000000000001,0.32203389830508466
Man Utd,30,Aston Villa,True,3,12.099999999999998,0.2923076923076926
Man Utd,31,Bournemouth,False,4,12.099999999999998,0.2238805970149259
Man Utd,32,Leeds,True,2,11.0,0.4857142857142859
Man Utd,33,Chelsea,False,3,12.0,0.23809523809523803
Man Utd,34,Brentford,True,3,12.600000000000001,0.33333333333333326
Man Utd,35,Liverpool,True,3,10.900000000000002,0.4130434782608692
Man Utd,36,Sunderland,False,3,8.9,0.41666666666666663
Man Utd,37,Nott'm Forest,True,3,6.6,0.23684210526315796
Man Utd,38,Brighton,False,4,4.0,0.25
Newcastle,1,Aston Villa,False,4,12.200000000000001,0.38235294117647045
Newcastle,2,Liverpool,True,3,11.700000000000001,0.5405405405405401
Newcastle,3,Leeds,False,3,11.7,0.7857142857142861
Newcastle,4,Wolves,True,1,12.299999999999999,0.4705882352941183
Newcastle,5,Bournemouth,False,4,14.600000000000001,0.0
Newcastle,6,Arsenal,True,4,13.8,0.04999999999999982
Newcastle,7,Nott'm Forest,True,3,12.899999999999999,0.2750000000000007
Newcastle,8,Brighton,False,4,13.600000000000001,0.18181818181818177
Newcastle,9,Fulham,True,3,12.700000000000003,0.26086956521739046
Newcastle,10,West Ham,False,3,12.8,0.34782608695652195
Newcastle,11,Brentford,False,3,11.7,0.7111111111111112
Newcastle,12,Man City,True,4,11.600000000000001,0.7073170731707311
Newcastle,13,Everton,False,3,10.399999999999999,0.8545454545454547
Newcastle,14,Spurs,True,3,10.8,0.8181818181818179
Newcastle,15,Burnley,True,1,10.1,0.9803921568627452
Newcastle,16,Sunderland,False,3,12.100000000000001,0.538461538461538
Newcastle,17,Chelsea,True,3,11.499999999999998,0.6666666666666672
Newcastle,18,Man Utd,False,4,10.799999999999999,0.7058823529411766
Newcastle,19,Burnley,False,2,9.5,1.0
Newcastle,20,Crystal Palace,True,3,10.9,0.8285714285714287
Newcastle,21,Leeds,True,2,10.8,0.941176470588235
Newcastle,22,Wolves,False,2,11.8,0.6122448979591837
Newcastle,23,Aston Villa,True,3,14.1,0.04201680672268937
Newcastle,24,Liverpool,False,4,14.400000000000002,0.036363636363636265
Newcastle,25,Brentford,True,3,13.599999999999998,0.250000000000001
Newcastle,26,Spurs,False,3,13.8,0.0
Newcastle,27,Man City,False,5,13.4,0.180327868852459
Newcastle,28,Everton,True,3,11.3,0.7500000000000002
Newcastle,29,Man Utd,True,3,11.2,0.47457627118644097
Newcastle,30,Chelsea,False,3,12.3,0.2615384615384614
Newcastle,31,Sunderland,True,2,12.400000000000002,0.17910447761194015
Newcastle,32,Crystal Palace,False,3,13.599999999999998,0.11428571428571488
Newcastle,33,Bournemouth,True,3,13.2,0.04761904761904767
Newcastle,34,Arsenal,False,5,13.3,0.24691358024691368
Newcastle,35,Brighton,True,3,9.4,0.7391304347826085
Newcastle,36,Nott'm Forest,False,3,7.2,0.7708333333333334
Newcastle,37,West Ham,True,2,4.7,0.736842105263158
Newcastle,38,Fulham,False,3,3.0,0.5
Nott'm Forest,1,Brentford,True,3,12.0,0.4411764705882355
Nott'm Forest,2,Crystal Palace,False,3,11.4,0.6216216216216215
Nott'm Forest,3,West Ham,True,2,11.3,0.8809523809523809
Nott'm Forest,4,Arsenal,False,5,12.3,0.47058823529411775
Nott'm Forest,5,Burnley,False,2,10.700000000000001,0.7959183673469385
Nott'm Forest,6,Sunderland,True,2,11.7,0.5750000000000002
Nott'm Forest,7,Newcastle,False,3,12.2,0.4500000000000004
Nott'm Forest,8,Chelsea,True,3,12.8,0.32727272727272727
Nott'm Forest,9,Bournemouth,False,4,12.900000000000002,0.2173913043478254
Nott'm Forest,10,Man Utd,True,3,11.299999999999999,0.6739130434782614
Nott'm Forest,11,Leeds,True,2,11.2,0.8222222222222222
Nott'm Forest,12,Liverpool,False,4,12.2,0.5609756097560976
Nott'm Forest,13,Brighton,True,3,11.100000000000001,0.727272727272727
Nott'm Forest,14,Wolves,False,2,11.6,0.6727272727272727
Nott'm Forest,15,Everton,False,3,12.700000000000003,0.4705882352941171
Nott'm Forest,16,Spurs,True,3,13.4,0.2884615384615382
Nott'm Forest,17,Fulham,False,3,13.600000000000001,0.03030303030303072
Nott'm Forest,18,Man City,True,4,14.4,0.0
Nott'm Forest,19,Everton,True,3,13.600000000000001,0.08888888888888857
Nott'm Forest,20,Aston Villa,False,4,13.8,0.0
Nott'm Forest,21,West Ham,False,3,12.899999999999999,0.3235294117647063
Nott'm Forest,22,Arsenal,True,4,11.8,0.6122448979591837
Nott'm Forest,23,Brentford,False,3,10.600000000000001,0.630252100840336
Nott'm Forest,24,Crystal Palace,True,3,11.0,0.6545454545454548
Nott'm Forest,25,Leeds,False,3,12.100000000000001,0.5909090909090909
Nott'm Forest,26,Wolves,True,1,12.2,0.2962962962962964
Nott'm Forest,27,Liverpool,True,3,14.5,0.0
Nott'm Forest,28,Brighton,False,4,14.8,0.12499999999999989
Nott'm Forest,29,Man City,False,5,12.8,0.2033898305084747
Nott'm Forest,30,Fulham,True,3,10.600000000000001,0.5230769230769229
Nott'm Forest,31,Spurs,False,3,10.399999999999999,0.47761194029850784
Nott'm Forest,32,Aston Villa,True,3,10.2,0.6000000000000002
Nott'm Forest,33,Burnley,True,1,10.6,0.46031746031746035
Nott'm Forest,34,Sunderland,False,3,12.700000000000003,0.3209876543209874
Nott'm Forest,35,Chelsea,False,3,11.0,0.39130434782608703
Nott'm Forest,36,Newcastle,True,3,9.0,0.39583333333333337
Nott'm Forest,37,Man Utd,False,4,6.7,0.21052631578947367
Nott'm Forest,38,Bournemouth,True,3,3.0,0.5
Spurs,1,Burnley,True,1,12.4,0.32352941176470595
Spurs,2,Man City,False,5,13.500000000000002,0.05405405405405339
Spurs,3,Bournemouth,True,3,11.399999999999999,0.8571428571428577
Spurs,4,West Ham,False,3,11.3,0.7647058823529411
Spurs,5,Brighton,False,4,11.2,0.6938775510204083
Spurs,6,Wolves,True,1,10.0,1.0
Spurs,7,Leeds,False,3,12.0,0.5000000000000002
Spurs,8,Aston Villa,True,3,13.200000000000001,0.2545454545454545
Spurs,9,Everton,False,3,13.400000000000002,0.1086956521739123
Spurs,10,Chelsea,True,3,13.599999999999998,0.17391304347826175
Spurs,11,Man Utd,True,3,13.8,0.24444444444444458
Spurs,12,Arsenal,False,5,14.0,0.12195121951219512
Spurs,13,Fulham,True,3,12.0,0.5636363636363635
Spurs,14,Newcastle,False,3,12.0,0.5999999999999999
Spurs,15,Brentford,True,3,12.0,0.6078431372549019
Spurs,16,Nott'm Forest,False,3,11.4,0.6730769230769229
Spurs,17,Liverpool,True,3,11.900000000000002,0.545454545454545
Spurs,18,Crystal Palace,False,3,11.3,0.6078431372549018
Spurs,19,Brentford,False,3,10.6,0.7555555555555556
Spurs,20,Sunderland,True,2,11.0,0.8000000000000003
Spurs,21,Bournemouth,False,4,12.6,0.41176470588235303
Spurs,22,West Ham,True,2,11.600000000000001,0.6530612244897958
Spurs,23,Burnley,False,2,13.3,0.17647058823529416
Spurs,24,Man City,True,4,14.600000000000001,0.0
Spurs,25,Man Utd,False,4,13.8,0.20454545454545492
Spurs,26,Newcastle,True,3,13.5,0.05555555555555569
Spurs,27,Arsenal,True,4,13.700000000000003,0.13114754098360615
Spurs,28,Fulham,False,3,12.8,0.4821428571428572
Spurs,29,Crystal Palace,True,3,12.899999999999999,0.1864406779661022
Spurs,30,Liverpool,False,4,12.4,0.24615384615384606
Spurs,31,Nott'm Forest,True,3,11.900000000000002,0.25373134328358193
Spurs,32,Sunderland,False,3,11.3,0.44285714285714284
Spurs,33,Brighton,True,3,11.2,0.3650793650793651
Spurs,34,Wolves,False,2,11.099999999999998,0.5185185185185188
Spurs,35,Aston Villa,False,4,10.299999999999999,0.5434782608695654
Spurs,36,Leeds,True,2,7.1000000000000005,0.7916666666666666
Spurs,37,Chelsea,False,3,5.7,0.4736842105263158
Spurs,38,Everton,True,3,3.0,0.5
Sunderland,1,West Ham,True,2,10.100000000000001,1.0
Sunderland,2,Burnley,False,2,11.0,0.7297297297297296
Sunderland,3,Brentford,True,3,12.600000000000001,0.5714285714285714
Sunderland,4,Crystal Palace,False,3,11.500000000000002,0.7058823529411762
Sunderland,5,Aston Villa,True,3,11.399999999999999,0.6530612244897962
Sunderland,6,Nott'm Forest,False,3,11.3,0.6749999999999998
Sunderland,7,Man Utd,False,4,11.8,0.55
Sunderland,8,Wolves,True,1,10.7,0.7090909090909092
Sunderland,9,Chelsea,False,3,12.8,0.23913043478260831
Sunderland,10,Everton,True,3,13.5,0.1956521739130439
Sunderland,11,Arsenal,True,4,14.900000000000002,0.0
Sunderland,12,Fulham,False,3,14.2,0.07317073170731725
Sunderland,13,Bournemouth,True,3,15.1,0.0
Sunderland,14,Liverpool,False,4,14.899999999999999,0.07272727272727308
Sunderland,15,Man City,False,5,14.700000000000001,0.07843137254901933
Sunderland,16,Newcastle,True,3,12.8,0.4038461538461535
Sunderland,17,Brighton,False,4,12.899999999999999,0.24242424242424343
Sunderland,18,Leeds,True,2,11.899999999999999,0.4901960784313728
Sunderland,19,Man City,True,4,13.0,0.2222222222222222
Sunderland,20,Spurs,False,3,10.8,0.8571428571428572
Sunderland,21,Brentford,False,3,11.8,0.6470588235294115
Sunderland,22,Crystal Palace,True,3,11.8,0.6122448979591837
Sunderland,23,West Ham,False,3,11.8,0.4285714285714286
Sunderland,24,Burnley,True,1,12.4,0.40000000000000024
Sunderland,25,Arsenal,False,5,14.700000000000003,0.0
Sunderland,26,Liverpool,True,3,12.8,0.18518518518518512
Sunderland,27,Fulham,True,3,12.899999999999999,0.2622950819672134
Sunderland,28,Bournemouth,False,4,13.0,0.4464285714285716
Sunderland,29,Leeds,False,3,12.600000000000001,0.23728813559322026
Sunderland,30,Brighton,True,3,12.700000000000003,0.1999999999999995
Sunderland,31,Newcastle,False,3,12.2,0.20895522388059729
Sunderland,32,Spurs,True,3,12.2,0.3142857142857146
Sunderland,33,Aston Villa,False,4,12.2,0.2063492063492064
Sunderland,34,Nott'm Forest,True,3,11.100000000000001,0.5185185185185184
Sunderland,35,Wolves,False,2,9.2,0.782608695652174
Sunderland,36,Man Utd,True,3,8.100000000000001,0.5833333333333331
Sunderland,37,Everton,False,3,5.7,0.4736842105263158
Sunderland,38,Chelsea,True,3,3.0,0.5
West Ham,1,Sunderland,False,3,12.0,0.4411764705882355
West Ham,2,Chelsea,True,3,12.0,0.4594594594594593
West Ham,3,Nott'm Forest,False,3,13.200000000000001,0.4285714285714286
West Ham,4,Spurs,True,3,13.400000000000002,0.1470588235294117
West Ham,5,Crystal Palace,True,3,13.599999999999998,0.2040816326530619
West Ham,6,Everton,False,3,13.8,0.04999999999999982
West Ham,7,Arsenal,False,5,12.8,0.30000000000000016
West Ham,8,Brentford,True,3,11.200000000000001,0.618181818181818
West Ham,9,Leeds,False,3,11.100000000000001,0.6086956521739126
West Ham,10,Newcastle,True,3,11.6,0.6086956521739134
West Ham,11,Burnley,True,1,12.200000000000001,0.5999999999999998
West Ham,12,Bournemouth,False,4,14.5,0.0
West Ham,13,Liverpool,True,3,14.9,0.036363636363636265
West Ham,14,Man Utd,False,4,15.3,0.0
West Ham,15,Brighton,False,4,14.599999999999998,0.09803921568627483
West Ham,16,Aston Villa,True,3,13.2,0.32692307692307687
West Ham,17,Man City,False,5,13.3,0.12121212121212166
West Ham,18,Fulham,True,3,11.2,0.6274509803921569
West Ham,19,Brighton,True,3,10.5,0.7777777777777778
West Ham,20,Wolves,False,2,10.3,1.0
West Ham,21,Nott'm Forest,True,3,10.6,1.0
West Ham,22,Spurs,False,3,10.399999999999999,0.8979591836734697
West Ham,23,Sunderland,True,2,10.2,0.6974789915966388
West Ham,24,Chelsea,False,3,11.700000000000001,0.5272727272727273
West Ham,25,Burnley,False,2,11.7,0.6818181818181823
West Ham,26,Man Utd,True,3,13.4,0.07407407407407407
West Ham,27,Bournemouth,True,3,14.200000000000001,0.04918032786885229
West Ham,28,Liverpool,False,4,13.299999999999999,0.39285714285714324
West Ham,29,Fulham,False,3,12.3,0.2881355932203391
West Ham,30,Man City,True,4,12.3,0.2615384615384614
West Ham,31,Aston Villa,False,4,11.2,0.35820895522388085
West Ham,32,Wolves,True,1,10.6,0.5428571428571429
West Ham,33,Crystal Palace,False,3,12.700000000000003,0.12698412698412653
West Ham,34,Everton,True,3,12.2,0.3827160493827163
West Ham,35,Brentford,False,3,10.4,0.5217391304347825
West Ham,36,Arsenal,True,4,8.3,0.5416666666666666
West Ham,37,Newcastle,False,3,4.8,0.7105263157894738
West Ham,38,Leeds,True,2,2.0,0.75
Wolves,1,Man City,True,4,13.299999999999999,0.05882352941176505
Wolves,2,Bournemouth,False,4,12.3,0.37837837837837807
Wolves,3,Everton,True,3,11.2,0.9047619047619051
Wolves,4,Newcastle,False,3,11.100000000000001,0.8235294117647056
Wolves,5,Leeds,True,2,9.799999999999999,0.979591836734694
Wolves,6,Spurs,False,3,10.600000000000001,0.8499999999999996
Wolves,7,Brighton,True,3,10.399999999999999,0.9000000000000004
Wolves,8,Sunderland,False,3,10.2,0.8000000000000002
Wolves,9,Burnley,True,1,10.6,0.7173913043478262
Wolves,10,Fulham,False,3,12.700000000000003,0.3695652173913041
Wolves,11,Chelsea,False,3,12.8,0.46666666666666656
Wolves,12,Crystal Palace,True,3,14.1,0.09756097560975618
Wolves,13,Aston Villa,False,4,14.400000000000002,0.12727272727272687
Wolves,14,Nott'm Forest,True,3,14.2,0.20000000000000018
Wolves,15,Man Utd,True,3,15.1,0.0
Wolves,16,Arsenal,False,5,14.899999999999999,0.0
Wolves,17,Brentford,True,3,13.0,0.2121212121212127
Wolves,18,Liverpool,False,4,13.099999999999998,0.25490196078431415
Wolves,19,Man Utd,False,4,13.299999999999999,0.15555555555555578
Wolves,20,West Ham,True,2,12.400000000000002,0.3999999999999996
Wolves,21,Everton,False,3,13.599999999999998,0.11764705882352999
Wolves,22,Newcastle,True,3,14.1,0.14285714285714302
Wolves,23,Man City,False,5,14.350000000000001,0.0
Wolves,24,Bournemouth,True,3,12.399999999999999,0.40000000000000047
Wolves,25,Chelsea,True,3,12.45,0.5113636363636369
Wolves,26,Nott'm Forest,False,3,12.5,0.2407407407407408
Wolves,26,Arsenal,True,4,12.5,0.2407407407407408
Wolves,27,Crystal Palace,False,3,10.200000000000001,0.7049180327868851
Wolves,28,Aston Villa,True,3,9.900000000000002,1.0
Wolves,29,Liverpool,True,3,9.6,0.7457627118644068
Wolves,30,Brentford,False,3,9.3,0.723076923076923
Wolves,32,West Ham,False,3,11.900000000000002,0.357142857142857
Wolves,33,Leeds,False,3,11.900000000000002,0.2539682539682536
Wolves,34,Spurs,True,3,11.299999999999999,0.49382716049382736
Wolves,35,Sunderland,True,2,9.4,0.7391304347826085
Wolves,36,Brighton,False,4,8.3,0.5416666666666666
Wolves,37,Fulham,True,3,4.8,0.7105263157894738
Wolves,38,Burnley,False,2,2.0,0.75
