player_id,gameweek,opponent_team_id,opponent_team,was_home,total_points,minutes,goals_scored,assists,clean_sheets,saves,bonus,value
1,1,7,Coventry City,True,6,90,0,0,1,1,0,6.0
1,2,2,Aston Villa,False,6,90,0,0,1,0,0,6.0
2,1,7,Coventry City,True,0,0,0,0,0,0,0,5.0
2,2,2,Aston Villa,False,0,0,0,0,0,0,0,5.0
3,1,7,Coventry City,True,0,0,0,0,0,0,0,5.0
3,2,2,Aston Villa,False,0,0,0,0,0,0,0,5.0
4,1,7,Coventry City,True,5,90,0,0,1,0,0,8.0
4,2,2,Aston Villa,False,8,90,0,0,1,0,0,8.0
5,1,7,Coventry City,True,0,0,0,0,0,0,0,6.5
5,2,2,Aston Villa,False,0,0,0,0,0,0,0,6.5
6,1,7,Coventry City,True,0,0,0,0,0,0,0,6.0
6,2,2,Aston Villa,False,0,0,0,0,0,0,0,6.0
7,1,7,Coventry City,True,3,90,0,0,1,0,0,5.5
7,2,2,Aston Villa,False,3,70,0,0,1,0,0,5.5
8,1,7,Coventry City,True,9,80,0,1,1,0,0,5.5
8,2,2,Aston Villa,False,11,90,0,1,1,0,2,5.6
9,1,7,Coventry City,True,1,9,0,0,0,0,0,5.5
9,2,2,Aston Villa,False,0,0,0,0,0,0,0,5.4
10,1,7,Coventry City,True,11,90,0,1,1,0,2,5.5
10,2,2,Aston Villa,False,7,90,0,0,1,0,1,5.5
11,1,7,Coventry City,True,6,90,0,0,1,0,0,5.5
11,2,2,Aston Villa,False,6,78,0,0,1,0,0,5.5
12,1,7,Coventry City,True,9,67,1,0,1,0,1,9.5
12,2,2,Aston Villa,False,11,90,1,0,1,0,3,9.5
13,1,7,Coventry City,True,3,67,0,0,1,0,0,7.5
13,2,2,Aston Villa,False,5,84,0,0,1,0,0,7.5
14,1,7,Coventry City,True,1,14,0,0,0,0,0,6.5
14,2,2,Aston Villa,False,1,45,0,0,0,0,0,6.5
15,1,7,Coventry City,True,11,75,1,0,1,0,3,6.5
15,2,2,Aston Villa,False,3,70,0,0,1,0,0,6.6
16,1,7,Coventry City,True,1,22,0,0,0,0,0,6.5
16,2,2,Aston Villa,False,0,0,0,0,0,0,0,6.4
17,1,7,Coventry City,True,1,14,0,0,0,0,0,6.0
17,2,2,Aston Villa,False,1,19,0,0,0,0,0,6.0
18,1,7,Coventry City,True,0,0,0,0,0,0,0,6.5
18,2,2,Aston Villa,False,0,0,0,0,0,0,0,6.4
19,1,7,Coventry City,True,1,22,0,0,0,0,0,5.5
19,2,2,Aston Villa,False,1,5,0,0,0,0,0,5.5
20,1,7,Coventry City,True,0,0,0,0,0,0,0,5.5
20,2,2,Aston Villa,False,0,0,0,0,0,0,0,5.4
22,1,7,Coventry City,True,0,0,0,0,0,0,0,5.5
22,2,2,Aston Villa,False,0,0,0,0,0,0,0,5.5
23,1,7,Coventry City,True,0,0,0,0,0,0,0,5.5
23,2,2,Aston Villa,False,0,0,0,0,0,0,0,5.5
24,1,7,Coventry City,True,0,0,0,0,0,0,0,5.5
24,2,2,Aston Villa,False,0,0,0,0,0,0,0,5.5
25,1,7,Coventry City,True,0,0,0,0,0,0,0,7.5
25,2,2,Aston Villa,False,0,0,0,0,0,0,0,7.4
26,1,7,Coventry City,True,6,90,1,0,1,0,0,7.5
26,2,2,Aston Villa,False,2,90,0,0,1,0,0,7.5
27,1,7,Coventry City,True,0,0,0,0,0,0,0,6.0
27,2,2,Aston Villa,False,0,0,0,0,0,0,0,6.0
31,1,7,Coventry City,True,0,0,0,0,0,0,0,4.5
31,2,2,Aston Villa,False,1,11,0,0,0,0,0,4.5
452,1,7,Coventry City,True,0,0,0,0,0,0,0,7.0
452,2,2,Aston Villa,False,1,19,0,0,0,0,0,6.9
557,1,7,Coventry City,True,6,75,0,1,1,0,0,6.5
557,2,2,Aston Villa,False,0,45,0,0,0,0,0,6.5
29,1,5,Brighton,False,1,90,0,0,0,3,0,4.5
29,2,1,Arsenal,True,0,0,0,0,0,0,0,4.5
30,1,5,Brighton,False,0,0,0,0,0,0,0,4.5
30,2,1,Arsenal,True,0,0,0,0,0,0,0,4.5
32,1,5,Brighton,False,-1,90,0,0,0,0,0,4.5
32,2,1,Arsenal,True,2,77,0,0,0,0,0,4.5
33,1,5,Brighton,False,1,16,0,0,0,0,0,4.5
33,2,1,Arsenal,True,0,0,0,0,0,0,0,4.5
34,1,5,Brighton,False,0,73,0,0,0,0,0,4.5
34,2,1,Arsenal,True,2,90,0,0,0,0,0,4.5
35,1,5,Brighton,False,1,16,0,0,0,0,0,5.0
35,2,1,Arsenal,True,0,0,0,0,0,0,0,5.0
36,1,5,Brighton,False,0,81,0,0,0,0,0,4.5
36,2,1,Arsenal,True,1,90,0,0,0,0,0,4.5
37,1,5,Brighton,False,-2,90,0,0,0,0,0,4.5
37,2,1,Arsenal,True,2,90,0,0,0,0,0,4.5
38,1,5,Brighton,False,0,0,0,0,0,0,0,4.0
38,2,1,Arsenal,True,0,0,0,0,0,0,0,4.0
39,1,5,Brighton,False,0,0,0,0,0,0,0,4.0
39,2,1,Arsenal,True,0,0,0,0,0,0,0,4.0
41,1,5,Brighton,False,2,85,0,0,0,0,0,6.0
41,2,1,Arsenal,True,2,90,0,0,0,0,0,6.0
44,1,5,Brighton,False,0,0,0,0,0,0,0,5.5
44,2,1,Arsenal,True,0,0,0,0,0,0,0,5.5
45,1,5,Brighton,False,1,81,0,0,0,0,0,5.5
45,2,1,Arsenal,True,1,90,0,0,0,0,0,5.5
46,1,5,Brighton,False,2,73,0,0,0,0,0,5.0
46,2,1,Arsenal,True,2,77,0,0,0,0,0,5.0
47,1,5,Brighton,False,2,90,0,0,0,0,0,5.0
47,2,1,Arsenal,True,2,90,0,0,0,0,0,5.0
48,1,5,Brighton,False,0,0,0,0,0,0,0,5.0
48,2,1,Arsenal,True,0,0,0,0,0,0,0,5.0
49,1,5,Brighton,False,0,0,0,0,0,0,0,5.0
49,2,1,Arsenal,True,0,0,0,0,0,0,0,5.0
50,1,5,Brighton,False,0,0,0,0,0,0,0,4.5
50,2,1,Arsenal,True,0,0,0,0,0,0,0,4.5
51,1,5,Brighton,False,2,90,0,0,0,0,0,4.5
51,2,1,Arsenal,True,2,70,0,0,0,0,0,4.5
52,1,5,Brighton,False,1,8,0,0,0,0,0,5.0
52,2,1,Arsenal,True,0,19,0,0,0,0,0,5.0
53,1,5,Brighton,False,0,0,0,0,0,0,0,6.0
53,2,1,Arsenal,True,0,0,0,0,0,0,0,6.0
54,1,5,Brighton,False,-2,39,0,0,0,0,0,5.5
54,2,1,Arsenal,True,0,0,0,0,0,0,0,5.5
55,1,5,Brighton,False,0,0,0,0,0,0,0,8.0
55,2,1,Arsenal,True,0,0,0,0,0,0,0,7.9
56,1,5,Brighton,False,0,0,0,0,0,0,0,5.5
56,2,1,Arsenal,True,1,19,0,0,0,0,0,5.5
160,1,5,Brighton,False,1,4,0,0,0,0,0,6.0
160,2,1,Arsenal,True,1,12,0,0,0,0,0,6.0
166,1,10,Fulham,False,0,0,0,0,0,0,0,6.5
166,2,1,Arsenal,True,2,70,0,0,0,0,0,6.5
582,1,5,Brighton,False,0,0,0,0,0,0,0,5.5
582,2,1,Arsenal,True,0,0,0,0,0,0,0,5.5
596,1,5,Brighton,False,1,8,0,0,0,0,0,4.5
596,2,1,Arsenal,True,0,0,0,0,0,0,0,4.5
597,1,5,Brighton,False,0,0,0,0,0,0,0,5.0
597,2,1,Arsenal,True,2,90,0,0,0,1,0,5.0
606,1,5,Brighton,False,0,0,0,0,0,0,0,4.0
606,2,1,Arsenal,True,0,0,0,0,0,0,0,4.0
607,1,5,Brighton,False,0,0,0,0,0,0,0,4.5
607,2,1,Arsenal,True,0,0,0,0,0,0,0,4.5
611,2,1,Arsenal,True,1,12,0,0,0,0,0,4.5
618,2,1,Arsenal,True,0,0,0,0,0,0,0,6.0
57,1,15,Man City,False,2,90,0,0,0,4,0,4.5
57,2,9,Everton,True,3,90,0,0,0,5,0,4.5
58,1,15,Man City,False,0,0,0,0,0,0,0,4.0
58,2,9,Everton,True,0,0,0,0,0,0,0,4.0
59,1,15,Man City,False,0,0,0,0,0,0,0,4.0
59,2,9,Everton,True,0,0,0,0,0,0,0,4.0
60,1,15,Man City,False,1,90,0,0,0,0,0,5.5
60,2,9,Everton,True,4,90,0,0,0,0,0,5.5
61,1,15,Man City,False,1,90,0,0,0,0,0,5.5
61,2,9,Everton,True,4,90,0,0,0,0,2,5.5
62,1,15,Man City,False,0,0,0,0,0,0,0,5.0
62,2,9,Everton,True,0,0,0,0,0,0,0,5.0
63,1,15,Man City,False,0,0,0,0,0,0,0,5.0
63,2,9,Everton,True,0,0,0,0,0,0,0,5.0
64,1,15,Man City,False,1,90,0,0,0,0,0,4.5
64,2,9,Everton,True,1,90,0,0,0,0,0,4.5
65,1,15,Man City,False,0,0,0,0,0,0,0,4.5
65,2,9,Everton,True,0,0,0,0,0,0,0,4.5
66,1,15,Man City,False,0,0,0,0,0,0,0,4.0
66,2,9,Everton,True,0,0,0,0,0,0,0,4.0
67,1,15,Man City,False,2,88,0,0,0,0,0,6.5
67,2,9,Everton,True,2,90,0,0,0,0,0,6.5
68,1,15,Man City,False,10,90,1,0,0,0,3,6.0
68,2,9,Everton,True,1,90,0,0,0,0,0,6.0
69,1,15,Man City,False,2,90,0,0,0,0,0,6.0
69,2,9,Everton,True,12,86,1,0,1,0,3,6.0
70,1,15,Man City,False,3,74,0,0,1,0,0,6.0
70,2,9,Everton,True,3,80,0,0,1,0,0,6.0
71,1,15,Man City,False,3,75,0,0,1,0,0,5.0
71,2,9,Everton,True,3,68,0,0,1,0,0,5.0
72,1,15,Man City,False,1,1,0,0,0,0,0,5.0
72,2,9,Everton,True,0,0,0,0,0,0,0,5.0
73,1,15,Man City,False,1,15,0,0,0,0,0,5.0
73,2,9,Everton,True,1,21,0,0,0,0,0,5.0
74,1,15,Man City,False,0,0,0,0,0,0,0,5.0
74,2,9,Everton,True,1,9,0,0,0,0,0,5.0
75,1,15,Man City,False,0,0,0,0,0,0,0,5.0
75,2,9,Everton,True,1,3,0,0,0,0,0,5.0
76,1,15,Man City,False,1,15,0,0,0,0,0,5.0
76,2,9,Everton,True,0,0,0,0,0,0,0,5.0
77,1,15,Man City,False,0,0,0,0,0,0,0,5.0
77,2,9,Everton,True,0,0,0,0,0,0,0,5.0
78,1,15,Man City,False,0,0,0,0,0,0,0,7.5
78,2,9,Everton,True,0,0,0,0,0,0,0,7.5
79,1,15,Man City,False,4,74,0,1,1,0,0,6.0
79,2,9,Everton,True,5,80,0,1,1,0,0,6.0
80,1,15,Man City,False,0,0,0,0,0,0,0,5.5
80,2,9,Everton,True,0,0,0,0,0,0,0,5.5
81,1,15,Man City,False,0,0,0,0,0,0,0,6.0
81,2,9,Everton,True,1,9,0,0,0,0,0,6.0
566,1,15,Man City,False,2,90,0,0,0,0,0,5.0
566,2,9,Everton,True,4,90,0,0,0,0,0,5.0
573,1,15,Man City,False,0,0,0,0,0,0,0,4.5
573,2,9,Everton,True,0,0,0,0,0,0,0,4.5
608,1,15,Man City,False,1,15,0,0,0,0,0,5.0
608,2,9,Everton,True,0,0,0,0,0,0,0,5.0
615,2,9,Everton,True,0,0,0,0,0,0,0,4.5
82,1,19,Spurs,True,7,90,0,0,1,4,0,5.0
82,2,13,Leeds,False,2,90,0,0,0,1,0,5.0
83,1,19,Spurs,True,0,0,0,0,0,0,0,4.5
83,2,13,Leeds,False,0,0,0,0,0,0,0,4.5
84,1,19,Spurs,True,6,90,0,0,1,0,0,5.5
84,2,13,Leeds,False,3,90,0,0,0,0,0,5.5
85,1,19,Spurs,True,0,0,0,0,0,0,0,5.0
85,2,13,Leeds,False,0,0,0,0,0,0,0,5.0
86,1,19,Spurs,True,10,90,1,0,1,0,2,5.5
86,2,13,Leeds,False,6,87,0,1,0,0,1,5.5
87,1,19,Spurs,True,8,90,0,0,1,0,0,4.5
87,2,13,Leeds,False,3,90,0,0,0,0,0,4.5
88,1,19,Spurs,True,13,75,1,0,1,0,1,4.5
88,2,13,Leeds,False,2,87,0,0,0,0,0,4.6
89,1,19,Spurs,True,0,0,0,0,0,0,0,4.5
89,2,13,Leeds,False,1,2,0,0,0,0,0,4.5
90,1,19,Spurs,True,1,14,0,0,0,0,0,4.5
90,2,13,Leeds,False,1,2,0,0,0,0,0,4.5
92,1,19,Spurs,True,0,0,0,0,0,0,0,4.5
92,2,13,Leeds,False,0,0,0,0,0,0,0,4.5
93,1,19,Spurs,True,0,0,0,0,0,0,0,4.5
93,2,13,Leeds,False,0,0,0,0,0,0,0,4.5
94,1,19,Spurs,True,3,90,0,0,1,0,0,6.0
94,2,13,Leeds,False,10,87,1,0,0,0,3,6.0
95,1,19,Spurs,True,3,66,0,0,1,0,0,6.5
95,2,13,Leeds,False,1,29,0,0,0,0,0,6.5
96,1,19,Spurs,True,1,14,0,0,0,0,0,5.5
96,2,13,Leeds,False,3,68,0,0,1,0,0,5.5
97,1,19,Spurs,True,6,66,0,1,1,0,0,5.5
97,2,13,Leeds,False,0,0,0,0,0,0,0,5.5
98,1,19,Spurs,True,9,90,1,0,1,0,0,5.0
98,2,13,Leeds,False,1,90,0,0,0,0,0,5.0
99,1,19,Spurs,True,0,0,0,0,0,0,0,5.0
99,2,13,Leeds,False,0,0,0,0,0,0,0,5.0
100,1,19,Spurs,True,0,0,0,0,0,0,0,5.0
100,2,13,Leeds,False,0,0,0,0,0,0,0,5.0
102,1,19,Spurs,True,1,23,0,0,0,0,0,5.0
102,2,13,Leeds,False,1,21,0,0,0,0,0,5.0
103,1,19,Spurs,True,0,0,0,0,0,0,0,5.0
103,2,13,Leeds,False,0,0,0,0,0,0,0,5.0
105,1,19,Spurs,True,1,23,0,0,0,0,0,6.0
105,2,13,Leeds,False,2,60,0,0,1,0,0,6.0
106,1,19,Spurs,True,0,82,0,0,1,0,0,8.0
106,2,13,Leeds,False,2,90,0,0,0,0,0,8.0
107,1,19,Spurs,True,0,0,0,0,0,0,0,4.5
107,2,13,Leeds,False,0,0,0,0,0,0,0,4.5
108,1,19,Spurs,True,1,7,0,0,0,0,0,5.5
108,2,13,Leeds,False,1,2,0,0,0,0,0,5.5
565,1,19,Spurs,True,14,75,0,2,1,0,3,5.5
565,2,13,Leeds,False,4,90,0,0,0,0,0,5.6
620,2,13,Leeds,False,0,0,0,0,0,0,0,4.5
109,1,2,Aston Villa,True,6,90,0,0,1,0,0,4.5
109,2,6,Chelsea,False,0,90,0,0,0,1,0,4.5
111,1,2,Aston Villa,True,0,0,0,0,0,0,0,4.0
111,2,6,Chelsea,False,0,0,0,0,0,0,0,4.0
113,1,2,Aston Villa,True,0,0,0,0,0,0,0,4.5
113,2,6,Chelsea,False,0,90,0,0,0,0,0,4.5
114,1,2,Aston Villa,True,6,90,0,0,1,0,0,4.5
114,2,6,Chelsea,False,-1,90,0,0,0,0,0,4.5
115,1,2,Aston Villa,True,17,77,1,1,1,0,2,4.5
115,2,6,Chelsea,False,0,90,0,0,0,0,0,4.6
116,1,2,Aston Villa,True,6,90,0,0,1,0,0,4.5
116,2,6,Chelsea,False,-1,90,0,0,0,0,0,4.5
117,1,2,Aston Villa,True,0,0,0,0,0,0,0,4.5
117,2,6,Chelsea,False,0,0,0,0,0,0,0,4.5
118,1,2,Aston Villa,True,0,0,0,0,0,0,0,4.5
118,2,6,Chelsea,False,0,0,0,0,0,0,0,4.5
119,1,2,Aston Villa,True,1,26,0,0,0,0,0,4.5
119,2,6,Chelsea,False,0,10,0,0,0,0,0,4.5
120,1,2,Aston Villa,True,0,0,0,0,0,0,0,5.0
120,2,6,Chelsea,False,0,0,0,0,0,0,0,5.0
121,1,2,Aston Villa,True,0,0,0,0,0,0,0,6.0
121,2,6,Chelsea,False,0,0,0,0,0,0,0,6.0
122,1,2,Aston Villa,True,0,0,0,0,0,0,0,6.0
122,2,6,Chelsea,False,0,0,0,0,0,0,0,6.0
123,1,2,Aston Villa,True,16,63,2,0,1,0,3,6.0
123,2,6,Chelsea,False,0,0,0,0,0,0,0,6.0
124,1,2,Aston Villa,True,2,90,0,0,1,0,0,5.5
124,2,6,Chelsea,False,13,90,1,1,0,0,3,5.5
125,1,2,Aston Villa,True,5,90,0,1,1,0,0,5.5
125,2,6,Chelsea,False,0,0,0,0,0,0,0,5.5
126,1,2,Aston Villa,True,0,0,0,0,0,0,0,5.5
126,2,6,Chelsea,False,0,0,0,0,0,0,0,5.5
127,1,2,Aston Villa,True,6,85,0,1,1,0,0,5.0
127,2,6,Chelsea,False,5,90,0,1,0,0,0,5.0
128,1,2,Aston Villa,True,0,0,0,0,0,0,0,5.0
128,2,6,Chelsea,False,0,0,0,0,0,0,0,5.0
129,1,2,Aston Villa,True,2,63,0,0,1,0,0,5.5
129,2,6,Chelsea,False,0,0,0,0,0,0,0,5.5
130,1,2,Aston Villa,True,7,77,0,0,1,0,1,5.0
130,2,6,Chelsea,False,0,79,0,0,0,0,0,5.0
132,1,2,Aston Villa,True,0,0,0,0,0,0,0,4.5
132,2,6,Chelsea,False,0,0,0,0,0,0,0,4.5
133,1,2,Aston Villa,True,0,0,0,0,0,0,0,5.0
133,2,6,Chelsea,False,0,0,0,0,0,0,0,5.0
134,1,2,Aston Villa,True,0,0,0,0,0,0,0,4.5
134,2,6,Chelsea,False,0,0,0,0,0,0,0,4.5
135,1,2,Aston Villa,True,1,12,0,0,0,0,0,5.0
135,2,6,Chelsea,False,0,0,0,0,0,0,0,5.0
137,1,2,Aston Villa,True,0,0,0,0,0,0,0,5.5
137,2,6,Chelsea,False,0,0,0,0,0,0,0,5.5
138,1,2,Aston Villa,True,1,26,0,0,0,0,0,5.5
138,2,6,Chelsea,False,5,79,0,1,0,0,0,5.5
139,1,2,Aston Villa,True,0,0,0,0,0,0,0,5.0
139,2,6,Chelsea,False,0,0,0,0,0,0,0,5.0
328,1,2,Aston Villa,True,0,0,0,0,0,0,0,5.0
328,2,6,Chelsea,False,0,0,0,0,0,0,0,5.0
504,1,2,Aston Villa,True,6,90,0,0,1,0,0,5.0
504,2,6,Chelsea,False,0,90,0,0,0,0,0,5.0
594,1,2,Aston Villa,True,0,0,0,0,0,0,0,6.0
594,2,6,Chelsea,False,1,10,0,0,0,0,0,6.0
600,1,2,Aston Villa,True,1,12,0,0,0,0,0,5.0
600,2,6,Chelsea,False,1,16,0,0,0,0,0,5.0
605,1,2,Aston Villa,True,1,4,0,0,0,0,0,4.5
605,2,6,Chelsea,False,8,73,1,0,0,0,1,4.5
614,2,6,Chelsea,False,0,0,0,0,0,0,0,4.5
624,2,6,Chelsea,False,0,0,0,0,0,0,0,5.0
28,1,5,Brighton,False,0,0,0,0,0,0,0,5.0
28,2,5,Brighton,True,2,90,0,0,0,4,0,5.0
40,1,10,Fulham,False,8,81,1,0,0,0,1,7.5
40,2,5,Brighton,True,5,90,0,1,0,0,0,7.5
101,1,10,Fulham,False,0,0,0,0,0,0,0,5.0
101,2,5,Brighton,True,0,0,0,0,0,0,0,5.0
136,1,10,Fulham,False,0,0,0,0,0,0,0,6.0
136,2,5,Brighton,True,0,0,0,0,0,0,0,6.0
140,1,10,Fulham,False,2,90,0,0,0,4,0,5.0
140,2,5,Brighton,True,0,0,0,0,0,0,0,5.0
141,1,10,Fulham,False,0,0,0,0,0,0,0,5.0
141,2,5,Brighton,True,0,0,0,0,0,0,0,5.0
142,1,10,Fulham,False,0,90,0,0,0,0,0,5.5
142,2,5,Brighton,True,1,22,0,0,0,0,0,5.5
143,1,10,Fulham,False,0,0,0,0,0,0,0,5.5
143,2,5,Brighton,True,0,0,0,0,0,0,0,5.5
144,1,10,Fulham,False,1,75,0,0,0,0,0,5.0
144,2,5,Brighton,True,1,90,0,0,0,0,0,5.0
145,1,10,Fulham,False,0,0,0,0,0,0,0,5.0
145,2,5,Brighton,True,0,67,0,0,0,0,0,5.0
146,1,10,Fulham,False,0,0,0,0,0,0,0,4.5
146,2,5,Brighton,True,0,0,0,0,0,0,0,4.5
148,1,10,Fulham,False,1,64,0,0,0,0,0,4.5
148,2,5,Brighton,True,4,90,0,1,0,0,0,4.5
149,1,10,Fulham,False,0,90,0,0,0,0,0,5.0
149,2,5,Brighton,True,1,71,0,0,0,0,0,5.0
150,1,10,Fulham,False,0,0,0,0,0,0,0,4.5
150,2,5,Brighton,True,0,0,0,0,0,0,0,4.5
151,1,10,Fulham,False,3,90,0,0,0,0,0,4.5
151,2,5,Brighton,True,1,22,0,0,0,0,0,4.5
152,1,10,Fulham,False,0,0,0,0,0,0,0,5.5
152,2,5,Brighton,True,0,0,0,0,0,0,0,5.5
154,1,10,Fulham,False,13,82,1,1,0,0,3,9.5
154,2,5,Brighton,True,7,90,1,0,0,0,0,9.5
156,1,10,Fulham,False,1,14,0,0,0,0,0,6.5
156,2,5,Brighton,True,7,67,1,0,0,0,0,6.5
157,1,10,Fulham,False,1,7,0,0,0,0,0,6.5
157,2,5,Brighton,True,0,0,0,0,0,0,0,6.5
158,1,10,Fulham,False,0,0,0,0,0,0,0,6.0
158,2,5,Brighton,True,0,0,0,0,0,0,0,6.0
159,1,10,Fulham,False,0,0,0,0,0,0,0,5.5
159,2,5,Brighton,True,1,13,0,0,0,0,0,5.5
161,1,10,Fulham,False,1,64,0,0,0,0,0,5.0
161,2,5,Brighton,True,7,67,1,0,0,0,0,5.0
163,1,10,Fulham,False,0,0,0,0,0,0,0,4.5
163,2,5,Brighton,True,0,0,0,0,0,0,0,4.5
164,1,10,Fulham,False,1,8,0,0,0,0,0,5.5
164,2,5,Brighton,True,0,0,0,0,0,0,0,5.5
165,1,10,Fulham,False,11,90,1,1,0,0,2,7.5
165,2,5,Brighton,True,9,90,1,1,0,0,2,7.6
168,1,10,Fulham,False,0,0,0,0,0,0,0,5.0
168,2,5,Brighton,True,0,0,0,0,0,0,0,5.0
169,1,10,Fulham,False,0,0,0,0,0,0,0,4.5
169,2,5,Brighton,True,0,0,0,0,0,0,0,4.5
170,1,10,Fulham,False,0,0,0,0,0,0,0,5.0
170,2,5,Brighton,True,0,0,0,0,0,0,0,5.0
200,1,10,Fulham,False,6,90,0,1,0,0,0,6.0
200,2,5,Brighton,True,1,90,0,0,0,0,0,6.0
560,1,10,Fulham,False,0,0,0,0,0,0,0,4.5
560,2,5,Brighton,True,0,0,0,0,0,0,0,4.5
561,1,10,Fulham,False,0,0,0,0,0,0,0,4.5
561,2,5,Brighton,True,0,0,0,0,0,0,0,4.5
568,1,10,Fulham,False,0,0,0,0,0,0,0,5.5
568,2,5,Brighton,True,1,8,0,0,0,0,0,5.5
583,1,10,Fulham,False,1,25,0,0,0,0,0,5.0
583,2,5,Brighton,True,1,18,0,0,0,0,0,5.0
91,1,19,Spurs,True,0,0,0,0,0,0,0,4.5
91,2,11,Hull City,True,1,12,0,0,0,0,0,4.5
104,1,1,Arsenal,False,2,90,0,0,0,0,0,5.0
104,2,11,Hull City,True,0,0,0,0,0,0,0,5.0
110,1,1,Arsenal,False,1,90,0,0,0,2,0,4.5
110,2,11,Hull City,True,2,90,0,0,0,1,0,4.5
171,1,1,Arsenal,False,0,0,0,0,0,0,0,4.0
171,2,11,Hull City,True,0,0,0,0,0,0,0,4.0
172,1,1,Arsenal,False,0,0,0,0,0,0,0,4.5
172,2,11,Hull City,True,0,0,0,0,0,0,0,4.5
173,1,1,Arsenal,False,3,90,0,0,0,0,0,4.0
173,2,11,Hull City,True,8,77,0,0,1,0,2,4.0
174,1,1,Arsenal,False,0,0,0,0,0,0,0,4.0
174,2,11,Hull City,True,0,0,0,0,0,0,0,4.0
175,1,1,Arsenal,False,1,90,0,0,0,0,0,4.0
175,2,11,Hull City,True,2,90,0,0,0,0,0,4.0
176,1,1,Arsenal,False,1,90,0,0,0,0,0,4.0
176,2,11,Hull City,True,2,90,0,0,0,0,0,4.0
177,1,1,Arsenal,False,0,0,0,0,0,0,0,4.0
177,2,11,Hull City,True,0,0,0,0,0,0,0,4.0
178,1,1,Arsenal,False,0,0,0,0,0,0,0,4.0
178,2,11,Hull City,True,0,0,0,0,0,0,0,4.0
179,1,1,Arsenal,False,0,0,0,0,0,0,0,4.0
179,2,11,Hull City,True,0,0,0,0,0,0,0,4.0
180,1,1,Arsenal,False,0,0,0,0,0,0,0,4.0
180,2,11,Hull City,True,0,0,0,0,0,0,0,4.0
181,1,1,Arsenal,False,0,0,0,0,0,0,0,4.0
181,2,11,Hull City,True,0,0,0,0,0,0,0,4.0
182,1,1,Arsenal,False,1,90,0,0,0,0,0,4.0
182,2,11,Hull City,True,1,90,0,0,0,0,0,4.0
183,1,1,Arsenal,False,1,20,0,0,0,0,0,5.0
183,2,11,Hull City,True,3,70,0,0,1,0,0,5.0
184,1,1,Arsenal,False,2,90,0,0,0,0,0,5.0
184,2,11,Hull City,True,2,90,0,0,0,0,0,5.0
185,1,1,Arsenal,False,0,0,0,0,0,0,0,5.0
185,2,11,Hull City,True,1,31,0,0,0,0,0,5.0
186,1,1,Arsenal,False,0,0,0,0,0,0,0,5.5
186,2,11,Hull City,True,1,57,0,0,0,0,0,5.5
187,1,1,Arsenal,False,0,0,0,0,0,0,0,5.0
187,2,11,Hull City,True,0,0,0,0,0,0,0,5.0
188,1,1,Arsenal,False,1,28,0,0,0,0,0,5.5
188,2,11,Hull City,True,1,19,0,0,0,0,0,5.5
189,1,1,Arsenal,False,0,0,0,0,0,0,0,4.5
189,2,11,Hull City,True,0,0,0,0,0,0,0,4.5
190,1,1,Arsenal,False,2,81,0,0,0,0,0,5.5
190,2,11,Hull City,True,1,58,0,0,0,0,0,5.5
191,1,1,Arsenal,False,0,0,0,0,0,0,0,4.5
191,2,11,Hull City,True,0,0,0,0,0,0,0,4.5
192,1,1,Arsenal,False,0,0,0,0,0,0,0,4.5
192,2,11,Hull City,True,0,0,0,0,0,0,0,4.5
193,1,1,Arsenal,False,0,0,0,0,0,0,0,5.5
193,2,11,Hull City,True,0,0,0,0,0,0,0,5.5
194,1,1,Arsenal,False,2,69,0,0,0,0,0,5.0
194,2,11,Hull City,True,1,32,0,0,0,0,0,5.0
195,1,1,Arsenal,False,2,69,0,0,0,0,0,5.0
195,2,11,Hull City,True,0,0,0,0,0,0,0,5.0
196,1,1,Arsenal,False,0,0,0,0,0,0,0,5.0
196,2,11,Hull City,True,0,0,0,0,0,0,0,5.0
197,1,1,Arsenal,False,0,0,0,0,0,0,0,4.5
197,2,11,Hull City,True,0,0,0,0,0,0,0,4.5
492,1,1,Arsenal,False,1,20,0,0,0,0,0,5.5
492,2,11,Hull City,True,2,90,0,0,0,0,0,5.5
575,1,1,Arsenal,False,1,61,0,0,0,0,0,5.0
575,2,11,Hull City,True,3,70,0,0,1,0,0,5.0
584,1,1,Arsenal,False,1,8,0,0,0,0,0,5.5
584,2,11,Hull City,True,1,19,0,0,0,0,0,5.5
599,1,1,Arsenal,False,0,0,0,0,0,0,0,5.0
599,2,11,Hull City,True,0,0,0,0,0,0,0,5.0
623,2,11,Hull City,True,0,0,0,0,0,0,0,4.0
42,1,9,Everton,False,1,27,0,0,0,0,0,5.5
42,2,15,Man City,True,1,27,0,0,0,0,0,5.5
153,1,10,Fulham,False,0,0,0,0,0,0,0,4.5
153,2,15,Man City,True,1,16,0,0,0,0,0,4.5
198,1,9,Everton,False,2,90,0,0,0,3,0,5.0
198,2,15,Man City,True,1,90,0,0,0,4,0,5.0
199,1,9,Everton,False,0,0,0,0,0,0,0,4.5
199,2,15,Man City,True,0,0,0,0,0,0,0,4.5
202,1,9,Everton,False,3,90,0,0,0,0,0,5.0
202,2,15,Man City,True,0,90,0,0,0,0,0,5.0
203,1,9,Everton,False,1,90,0,0,0,0,0,5.0
203,2,15,Man City,True,0,90,0,0,0,0,0,5.0
204,1,9,Everton,False,1,90,0,0,0,0,0,4.5
204,2,15,Man City,True,0,90,0,0,0,0,0,4.5
205,1,9,Everton,False,0,0,0,0,0,0,0,4.5
205,2,15,Man City,True,0,0,0,0,0,0,0,4.5
206,1,9,Everton,False,1,72,0,0,0,0,0,4.5
206,2,15,Man City,True,0,0,0,0,0,0,0,4.5
207,1,9,Everton,False,0,0,0,0,0,0,0,4.5
207,2,15,Man City,True,1,15,0,0,0,0,0,4.5
208,1,9,Everton,False,0,0,0,0,0,0,0,6.5
208,2,15,Man City,True,0,0,0,0,0,0,0,6.4
210,1,9,Everton,False,4,90,0,0,0,0,0,5.5
210,2,15,Man City,True,2,90,0,0,0,0,0,5.5
211,1,9,Everton,False,1,35,0,0,0,0,0,5.5
211,2,15,Man City,True,5,67,0,1,0,0,0,5.5
212,1,9,Everton,False,0,0,0,0,0,0,0,4.5
212,2,15,Man City,True,0,0,0,0,0,0,0,4.5
213,1,9,Everton,False,0,0,0,0,0,0,0,5.0
213,2,15,Man City,True,0,0,0,0,0,0,0,5.0
214,1,9,Everton,False,3,90,0,0,0,0,0,5.0
214,2,15,Man City,True,2,90,0,0,0,0,0,5.0
215,1,9,Everton,False,0,0,0,0,0,0,0,5.0
215,2,15,Man City,True,0,0,0,0,0,0,0,5.0
216,1,9,Everton,False,0,0,0,0,0,0,0,5.0
216,2,15,Man City,True,0,0,0,0,0,0,0,5.0
217,1,9,Everton,False,0,0,0,0,0,0,0,5.0
217,2,15,Man City,True,0,0,0,0,0,0,0,5.0
218,1,9,Everton,False,0,0,0,0,0,0,0,5.0
218,2,15,Man City,True,0,0,0,0,0,0,0,5.0
219,1,9,Everton,False,0,0,0,0,0,0,0,5.0
219,2,15,Man City,True,0,0,0,0,0,0,0,5.0
220,1,9,Everton,False,0,0,0,0,0,0,0,4.5
220,2,15,Man City,True,0,0,0,0,0,0,0,4.5
221,1,9,Everton,False,0,0,0,0,0,0,0,4.5
221,2,15,Man City,True,0,0,0,0,0,0,0,4.5
222,1,9,Everton,False,1,27,0,0,0,0,0,6.0
222,2,15,Man City,True,2,62,0,0,0,0,0,6.0
223,1,9,Everton,False,2,62,0,0,0,0,0,6.5
223,2,15,Man City,True,0,0,0,0,0,0,0,6.5
224,1,9,Everton,False,1,55,0,0,0,0,0,5.5
224,2,15,Man City,True,2,67,0,0,0,0,0,5.5
225,1,9,Everton,False,0,0,0,0,0,0,0,5.0
225,2,15,Man City,True,0,0,0,0,0,0,0,5.0
241,1,9,Everton,False,2,62,0,0,0,0,0,5.5
241,2,15,Man City,True,1,22,0,0,0,0,0,5.5
555,1,9,Everton,False,0,0,0,0,0,0,0,4.0
555,2,15,Man City,True,0,0,0,0,0,0,0,4.0
577,1,9,Everton,False,1,18,0,0,0,0,0,4.5
577,2,15,Man City,True,1,73,0,0,0,0,0,4.5
588,1,9,Everton,False,1,35,0,0,0,0,0,5.0
588,2,15,Man City,True,2,74,0,0,0,0,0,5.0
595,1,9,Everton,False,0,0,0,0,0,0,0,5.0
595,2,15,Man City,True,1,22,0,0,0,0,0,5.0
21,1,8,Crystal Palace,True,0,0,0,0,0,0,0,5.0
21,2,3,Bournemouth,False,0,0,0,0,0,0,0,5.0
209,1,8,Crystal Palace,True,1,6,0,0,0,0,0,6.0
209,2,3,Bournemouth,False,1,28,0,0,0,0,0,6.0
226,1,8,Crystal Palace,True,7,90,0,0,1,4,0,5.5
226,2,3,Bournemouth,False,3,90,0,0,0,4,0,5.5
227,1,8,Crystal Palace,True,0,0,0,0,0,0,0,5.0
227,2,3,Bournemouth,False,0,0,0,0,0,0,0,5.0
228,1,8,Crystal Palace,True,0,0,0,0,0,0,0,4.5
228,2,3,Bournemouth,False,0,0,0,0,0,0,0,4.5
229,1,8,Crystal Palace,True,6,90,0,0,1,0,0,6.0
229,2,3,Bournemouth,False,12,90,1,0,0,0,2,6.0
230,1,8,Crystal Palace,True,6,90,0,0,1,0,0,5.5
230,2,3,Bournemouth,False,4,90,0,0,0,0,0,5.5
231,1,8,Crystal Palace,True,0,0,0,0,0,0,0,5.0
231,2,3,Bournemouth,False,0,0,0,0,0,0,0,5.0
232,1,8,Crystal Palace,True,0,0,0,0,0,0,0,5.0
232,2,3,Bournemouth,False,0,0,0,0,0,0,0,5.0
233,1,8,Crystal Palace,True,6,90,0,0,1,0,0,4.5
233,2,3,Bournemouth,False,4,90,0,0,0,0,0,4.5
234,1,8,Crystal Palace,True,0,0,0,0,0,0,0,4.5
234,2,3,Bournemouth,False,0,0,0,0,0,0,0,4.5
235,1,8,Crystal Palace,True,0,0,0,0,0,0,0,4.0
235,2,3,Bournemouth,False,0,0,0,0,0,0,0,4.0
236,1,8,Crystal Palace,True,11,90,1,0,1,0,3,6.5
236,2,3,Bournemouth,False,2,90,0,0,0,0,0,6.5
238,1,3,Bournemouth,True,1,8,0,0,0,0,0,6.5
238,2,8,Crystal Palace,False,0,0,0,0,0,0,0,6.5
239,1,8,Crystal Palace,True,1,11,0,0,0,0,0,6.0
239,2,3,Bournemouth,False,1,61,0,0,0,0,0,6.0
242,1,8,Crystal Palace,True,3,83,0,0,1,0,0,5.5
242,2,3,Bournemouth,False,2,61,0,0,0,0,0,5.5
243,1,8,Crystal Palace,True,1,1,0,0,0,0,0,5.0
243,2,3,Bournemouth,False,0,4,0,0,0,0,0,5.0
244,1,8,Crystal Palace,True,8,90,0,1,1,0,0,5.0
244,2,3,Bournemouth,False,2,86,0,0,0,0,0,5.0
245,1,8,Crystal Palace,True,0,0,0,0,0,0,0,5.5
245,2,3,Bournemouth,False,0,0,0,0,0,0,0,5.5
246,1,8,Crystal Palace,True,3,90,0,0,1,0,0,5.0
246,2,3,Bournemouth,False,2,85,0,0,0,0,0,5.0
247,1,8,Crystal Palace,True,3,78,0,0,1,0,0,5.5
247,2,3,Bournemouth,False,1,28,0,0,0,0,0,5.5
248,1,8,Crystal Palace,True,1,11,0,0,0,0,0,5.5
248,2,3,Bournemouth,False,1,20,0,0,0,0,0,5.5
249,1,8,Crystal Palace,True,8,78,1,0,1,0,2,5.5
249,2,3,Bournemouth,False,2,69,0,0,0,0,0,5.5
250,1,6,Chelsea,True,2,90,0,0,0,3,0,4.5
250,2,20,Sunderland,False,3,90,0,0,0,3,0,4.5
251,1,6,Chelsea,True,0,0,0,0,0,0,0,4.0
251,2,20,Sunderland,False,0,0,0,0,0,0,0,4.0
252,1,6,Chelsea,True,0,0,0,0,0,0,0,4.0
252,2,20,Sunderland,False,0,0,0,0,0,0,0,4.0
253,1,6,Chelsea,True,0,0,0,0,0,0,0,5.0
253,2,20,Sunderland,False,1,90,0,0,0,0,0,5.0
254,1,6,Chelsea,True,1,81,0,0,0,0,0,4.5
254,2,20,Sunderland,False,2,90,0,0,0,0,0,4.5
255,1,6,Chelsea,True,3,90,0,0,0,0,0,4.5
255,2,20,Sunderland,False,0,0,0,0,0,0,0,4.5
256,1,6,Chelsea,True,0,0,0,0,0,0,0,4.5
256,2,20,Sunderland,False,0,0,0,0,0,0,0,4.5
257,1,6,Chelsea,True,0,90,0,0,0,0,0,4.5
257,2,20,Sunderland,False,2,90,0,0,0,0,0,4.5
258,1,6,Chelsea,True,6,90,0,2,0,0,0,4.5
258,2,20,Sunderland,False,6,67,0,0,1,0,0,4.5
261,1,6,Chelsea,True,2,90,0,0,0,0,0,5.5
261,2,20,Sunderland,False,2,90,0,0,0,0,0,5.5
262,1,6,Chelsea,True,0,0,0,0,0,0,0,5.5
262,2,20,Sunderland,False,1,14,0,0,0,0,0,5.5
263,1,6,Chelsea,True,1,17,0,0,0,0,0,5.5
263,2,20,Sunderland,False,1,7,0,0,0,0,0,5.5
264,1,6,Chelsea,True,2,66,0,0,0,0,0,5.5
264,2,20,Sunderland,False,3,67,0,0,1,0,0,5.5
265,1,6,Chelsea,True,2,72,0,0,0,0,0,5.0
265,2,20,Sunderland,False,2,82,0,0,0,0,0,5.0
266,1,6,Chelsea,True,0,0,0,0,0,0,0,5.0
266,2,20,Sunderland,False,0,0,0,0,0,0,0,5.0
268,1,6,Chelsea,True,7,90,1,0,0,0,0,5.5
268,2,20,Sunderland,False,2,90,0,0,0,0,0,5.5
269,1,6,Chelsea,True,1,17,0,0,0,0,0,4.5
269,2,20,Sunderland,False,1,22,0,0,0,0,0,4.5
270,1,6,Chelsea,True,0,0,0,0,0,0,0,4.5
270,2,20,Sunderland,False,0,0,0,0,0,0,0,4.5
271,1,6,Chelsea,True,1,8,0,0,0,0,0,5.5
271,2,20,Sunderland,False,0,0,0,0,0,0,0,5.5
272,1,6,Chelsea,True,0,0,0,0,0,0,0,4.5
272,2,20,Sunderland,False,0,0,0,0,0,0,0,4.5
569,1,6,Chelsea,True,6,90,1,0,0,0,0,6.0
569,2,20,Sunderland,False,2,90,0,0,0,0,0,6.0
570,1,6,Chelsea,True,2,72,0,0,0,0,0,5.5
570,2,20,Sunderland,False,1,75,0,0,0,0,0,5.5
580,1,6,Chelsea,True,1,23,0,0,0,0,0,5.0
580,2,20,Sunderland,False,1,22,0,0,0,0,0,5.0
610,1,6,Chelsea,True,0,0,0,0,0,0,0,4.0
610,2,20,Sunderland,False,0,0,0,0,0,0,0,4.0
626,2,20,Sunderland,False,0,0,0,0,0,0,0,4.5
240,1,8,Crystal Palace,True,0,0,0,0,0,0,0,5.0
240,2,3,Bournemouth,False,1,4,0,0,0,0,0,5.0
273,1,16,Man Utd,True,0,0,0,0,0,0,0,4.0
273,2,7,Coventry City,False,0,0,0,0,0,0,0,4.0
274,1,16,Man Utd,True,0,0,0,0,0,0,0,4.5
274,2,7,Coventry City,False,0,0,0,0,0,0,0,4.5
275,1,16,Man Utd,True,0,0,0,0,0,0,0,4.0
275,2,7,Coventry City,False,0,0,0,0,0,0,0,4.0
276,1,16,Man Utd,True,0,0,0,0,0,0,0,4.0
276,2,7,Coventry City,False,0,0,0,0,0,0,0,4.0
277,1,16,Man Utd,True,8,90,0,0,1,0,0,4.0
277,2,7,Coventry City,False,9,90,0,0,1,0,1,4.0
278,1,16,Man Utd,True,0,0,0,0,0,0,0,4.0
278,2,7,Coventry City,False,0,0,0,0,0,0,0,4.0
279,1,16,Man Utd,True,14,63,1,0,1,0,2,4.0
279,2,7,Coventry City,False,6,90,0,0,1,0,0,4.0
280,1,16,Man Utd,True,6,69,0,0,1,0,0,4.0
280,2,7,Coventry City,False,0,45,0,0,0,0,0,4.0
281,1,16,Man Utd,True,1,20,0,0,0,0,0,4.0
281,2,7,Coventry City,False,1,45,0,0,0,0,0,4.0
282,1,16,Man Utd,True,6,84,0,0,1,0,0,4.0
282,2,7,Coventry City,False,6,90,0,0,1,0,0,4.0
283,1,16,Man Utd,True,0,0,0,0,0,0,0,4.0
283,2,7,Coventry City,False,0,0,0,0,0,0,0,4.0
284,1,16,Man Utd,True,0,0,0,0,0,0,0,4.0
284,2,7,Coventry City,False,0,0,0,0,0,0,0,4.0
285,1,16,Man Utd,True,1,26,0,0,0,0,0,4.0
285,2,7,Coventry City,False,0,0,0,0,0,0,0,4.0
286,1,16,Man Utd,True,3,90,0,0,1,0,0,5.0
286,2,7,Coventry City,False,6,82,0,1,1,0,0,5.0
287,1,16,Man Utd,True,0,19,0,0,0,0,0,5.0
287,2,7,Coventry City,False,6,31,1,0,0,0,0,5.0
288,1,16,Man Utd,True,0,0,0,0,0,0,0,4.5
288,2,7,Coventry City,False,0,0,0,0,0,0,0,4.5
289,1,16,Man Utd,True,2,90,0,0,1,0,0,4.5
289,2,7,Coventry City,False,0,0,0,0,0,0,0,4.5
290,1,16,Man Utd,True,6,90,0,1,1,0,0,4.5
290,2,7,Coventry City,False,2,90,0,0,1,0,0,4.5
291,1,16,Man Utd,True,0,0,0,0,0,0,0,4.5
291,2,7,Coventry City,False,0,0,0,0,0,0,0,4.5
292,1,16,Man Utd,True,0,0,0,0,0,0,0,5.0
292,2,7,Coventry City,False,0,0,0,0,0,0,0,5.0
293,1,16,Man Utd,True,0,0,0,0,0,0,0,5.0
293,2,7,Coventry City,False,0,0,0,0,0,0,0,5.0
294,1,16,Man Utd,True,0,0,0,0,0,0,0,4.5
294,2,7,Coventry City,False,0,0,0,0,0,0,0,4.5
295,1,16,Man Utd,True,5,90,0,1,1,0,0,5.5
295,2,7,Coventry City,False,1,90,0,0,1,0,0,5.5
296,1,16,Man Utd,True,0,0,0,0,0,0,0,5.0
296,2,7,Coventry City,False,0,0,0,0,0,0,0,5.0
297,1,16,Man Utd,True,0,0,0,0,0,0,0,4.5
297,2,7,Coventry City,False,0,0,0,0,0,0,0,4.5
298,1,16,Man Utd,True,0,0,0,0,0,0,0,4.5
298,2,7,Coventry City,False,0,0,0,0,0,0,0,4.5
299,1,16,Man Utd,True,0,0,0,0,0,0,0,4.5
299,2,7,Coventry City,False,0,0,0,0,0,0,0,4.5
340,1,16,Man Utd,True,0,0,0,0,0,0,0,5.0
340,2,7,Coventry City,False,0,0,0,0,0,0,0,5.0
556,1,16,Man Utd,True,1,5,0,0,0,0,0,4.0
556,2,7,Coventry City,False,0,0,0,0,0,0,0,4.0
563,1,16,Man Utd,True,0,0,0,0,0,0,0,5.0
563,2,7,Coventry City,False,1,45,0,0,0,0,0,5.0
572,1,16,Man Utd,True,10,90,0,0,1,5,3,4.5
572,2,7,Coventry City,False,10,90,0,0,1,3,3,4.5
574,1,16,Man Utd,True,0,0,0,0,0,0,0,5.0
574,2,7,Coventry City,False,0,0,0,0,0,0,0,5.0
576,1,16,Man Utd,True,3,70,0,0,1,0,0,5.0
576,2,7,Coventry City,False,0,58,0,0,0,0,0,5.0
585,1,16,Man Utd,True,1,26,0,0,0,0,0,4.0
585,2,7,Coventry City,False,1,31,0,0,0,0,0,4.0
586,1,16,Man Utd,True,15,63,1,0,1,0,1,4.0
586,2,7,Coventry City,False,1,58,0,0,0,0,0,4.0
589,1,16,Man Utd,True,0,0,0,0,0,0,0,5.0
589,2,7,Coventry City,False,1,45,0,0,0,0,0,5.0
617,2,7,Coventry City,False,1,7,0,0,0,0,0,5.0
259,1,20,Sunderland,True,2,90,0,0,0,0,0,4.0
259,2,16,Man Utd,False,2,90,0,0,0,0,0,4.0
267,1,20,Sunderland,True,5,90,0,1,0,0,0,5.0
267,2,16,Man Utd,False,1,72,0,0,0,0,0,5.0
300,1,20,Sunderland,True,0,0,0,0,0,0,0,4.5
300,2,16,Man Utd,False,0,0,0,0,0,0,0,4.5
301,1,20,Sunderland,True,0,0,0,0,0,0,0,4.0
301,2,16,Man Utd,False,0,0,0,0,0,0,0,4.0
302,1,20,Sunderland,True,0,0,0,0,0,0,0,4.0
302,2,16,Man Utd,False,0,0,0,0,0,0,0,4.0
303,1,20,Sunderland,True,0,0,0,0,0,0,0,4.0
303,2,16,Man Utd,False,0,0,0,0,0,0,0,4.0
304,1,20,Sunderland,True,4,90,0,0,0,0,0,4.0
304,2,16,Man Utd,False,0,90,0,0,0,0,0,4.0
305,1,20,Sunderland,True,2,90,0,0,0,0,0,4.0
305,2,16,Man Utd,False,6,90,1,0,0,0,0,4.0
306,1,20,Sunderland,True,2,90,0,0,0,0,0,4.0
306,2,16,Man Utd,False,-1,90,0,0,0,0,0,4.0
307,1,20,Sunderland,True,0,0,0,0,0,0,0,4.0
307,2,16,Man Utd,False,0,0,0,0,0,0,0,4.0
308,1,20,Sunderland,True,0,0,0,0,0,0,0,4.0
308,2,16,Man Utd,False,1,17,0,0,0,0,0,4.0
309,1,20,Sunderland,True,4,79,0,0,0,0,0,5.0
309,2,16,Man Utd,False,2,61,0,0,0,0,0,5.0
310,1,20,Sunderland,True,0,0,0,0,0,0,0,5.0
310,2,16,Man Utd,False,0,0,0,0,0,0,0,5.0
311,1,20,Sunderland,True,0,0,0,0,0,0,0,5.0
311,2,16,Man Utd,False,0,0,0,0,0,0,0,5.0
312,1,20,Sunderland,True,0,0,0,0,0,0,0,4.5
312,2,16,Man Utd,False,0,0,0,0,0,0,0,4.5
313,1,20,Sunderland,True,7,19,1,0,0,0,1,5.5
313,2,16,Man Utd,False,0,0,0,0,0,0,0,5.5
314,1,20,Sunderland,True,0,0,0,0,0,0,0,5.0
314,2,16,Man Utd,False,0,0,0,0,0,0,0,5.0
315,1,20,Sunderland,True,2,65,0,0,0,0,0,5.5
315,2,16,Man Utd,False,4,82,0,1,0,0,0,5.5
316,1,20,Sunderland,True,9,65,1,0,0,0,3,5.5
316,2,16,Man Utd,False,1,45,0,0,0,0,0,5.5
317,1,20,Sunderland,True,0,0,0,0,0,0,0,5.0
317,2,16,Man Utd,False,0,0,0,0,0,0,0,5.0
318,1,20,Sunderland,True,0,0,0,0,0,0,0,5.5
318,2,16,Man Utd,False,0,0,0,0,0,0,0,5.5
319,1,20,Sunderland,True,0,0,0,0,0,0,0,5.0
319,2,16,Man Utd,False,0,0,0,0,0,0,0,5.0
320,1,20,Sunderland,True,1,24,0,0,0,0,0,5.0
320,2,16,Man Utd,False,5,45,1,0,0,0,0,5.0
321,1,20,Sunderland,True,1,10,0,0,0,0,0,4.5
321,2,16,Man Utd,False,0,0,0,0,0,0,0,4.5
322,1,20,Sunderland,True,0,0,0,0,0,0,0,5.0
322,2,16,Man Utd,False,0,0,0,0,0,0,0,5.0
323,1,20,Sunderland,True,1,24,0,0,0,0,0,4.5
323,2,16,Man Utd,False,1,7,0,0,0,0,0,4.5
324,1,20,Sunderland,True,0,0,0,0,0,0,0,5.0
324,2,16,Man Utd,False,0,0,0,0,0,0,0,5.0
554,1,20,Sunderland,True,0,0,0,0,0,0,0,4.5
554,2,16,Man Utd,False,0,0,0,0,0,0,0,4.5
562,1,20,Sunderland,True,2,79,0,0,0,0,0,5.5
562,2,16,Man Utd,False,2,72,0,0,0,0,0,5.5
564,1,20,Sunderland,True,2,90,0,0,0,2,0,4.5
564,2,16,Man Utd,False,2,90,0,0,0,6,0,4.5
571,1,20,Sunderland,True,0,0,0,0,0,0,0,5.0
571,2,16,Man Utd,False,0,0,0,0,0,0,0,5.0
591,1,20,Sunderland,True,5,70,0,1,0,0,0,5.5
591,2,16,Man Utd,False,5,90,0,1,0,0,0,5.5
592,1,20,Sunderland,True,1,10,0,0,0,0,0,4.0
592,2,16,Man Utd,False,1,17,0,0,0,0,0,4.0
602,1,20,Sunderland,True,0,0,0,0,0,0,0,4.5
602,2,16,Man Utd,False,0,0,0,0,0,0,0,4.5
619,2,16,Man Utd,False,1,28,0,0,0,0,0,5.0
260,1,18,Nott'm Forest,False,3,65,0,0,1,0,0,6.5
260,2,4,Brentford,True,1,45,0,0,0,0,0,6.5
326,1,18,Nott'm Forest,False,0,0,0,0,0,0,0,4.5
326,2,4,Brentford,True,0,0,0,0,0,0,0,4.5
327,1,18,Nott'm Forest,False,10,90,0,0,1,0,2,5.0
327,2,4,Brentford,True,1,45,0,0,0,0,0,5.0
329,1,18,Nott'm Forest,False,6,90,0,0,1,0,0,4.5
329,2,4,Brentford,True,1,33,0,0,0,0,0,4.5
330,1,18,Nott'm Forest,False,6,90,0,0,1,0,0,4.5
330,2,4,Brentford,True,2,67,0,0,0,0,0,4.5
331,1,18,Nott'm Forest,False,0,0,0,0,0,0,0,4.5
331,2,4,Brentford,True,0,0,0,0,0,0,0,4.5
332,1,18,Nott'm Forest,False,10,90,0,0,1,0,2,4.5
332,2,4,Brentford,True,2,90,0,0,0,0,0,4.5
333,1,18,Nott'm Forest,False,0,0,0,0,0,0,0,4.5
333,2,4,Brentford,True,0,0,0,0,0,0,0,4.5
334,1,18,Nott'm Forest,False,6,90,0,0,1,0,0,5.0
334,2,4,Brentford,True,4,90,0,0,0,0,0,5.0
335,1,18,Nott'm Forest,False,13,90,1,0,1,0,3,6.0
335,2,4,Brentford,True,4,90,0,0,0,0,0,6.0
336,1,18,Nott'm Forest,False,1,24,0,0,0,0,0,6.0
336,2,4,Brentford,True,2,68,0,0,0,0,0,6.0
337,1,18,Nott'm Forest,False,3,81,0,0,1,0,0,5.5
337,2,4,Brentford,True,1,45,0,0,0,0,0,5.5
338,1,18,Nott'm Forest,False,5,90,0,0,1,0,0,5.5
338,2,4,Brentford,True,2,90,0,0,0,0,0,5.5
339,1,18,Nott'm Forest,False,1,8,0,0,0,0,0,5.0
339,2,4,Brentford,True,0,0,0,0,0,0,0,5.0
341,1,18,Nott'm Forest,False,0,0,0,0,0,0,0,5.0
341,2,4,Brentford,True,0,0,0,0,0,0,0,5.0
342,1,18,Nott'm Forest,False,0,0,0,0,0,0,0,5.0
342,2,4,Brentford,True,0,0,0,0,0,0,0,5.0
343,1,18,Nott'm Forest,False,0,0,0,0,0,0,0,5.0
343,2,4,Brentford,True,1,22,0,0,0,0,0,5.0
344,1,18,Nott'm Forest,False,0,0,0,0,0,0,0,5.0
344,2,4,Brentford,True,0,0,0,0,0,0,0,5.0
345,1,18,Nott'm Forest,False,0,0,0,0,0,0,0,5.0
345,2,4,Brentford,True,1,45,0,0,0,0,0,5.0
346,1,18,Nott'm Forest,False,1,90,0,0,1,0,0,6.0
346,2,4,Brentford,True,8,90,1,0,0,0,2,6.0
347,1,18,Nott'm Forest,False,0,0,0,0,0,0,0,5.5
347,2,4,Brentford,True,4,21,0,1,0,0,0,5.5
348,1,18,Nott'm Forest,False,0,0,0,0,0,0,0,5.0
348,2,4,Brentford,True,0,0,0,0,0,0,0,5.0
349,1,18,Nott'm Forest,False,0,0,0,0,0,0,0,4.5
349,2,4,Brentford,True,0,0,0,0,0,0,0,4.5
385,1,18,Nott'm Forest,False,9,90,0,0,1,3,2,5.0
385,2,4,Brentford,True,3,90,0,0,0,4,0,5.0
598,1,18,Nott'm Forest,False,0,0,0,0,0,0,0,4.5
598,2,4,Brentford,True,1,56,0,0,0,0,0,4.5
603,1,18,Nott'm Forest,False,0,0,0,0,0,0,0,4.0
603,2,4,Brentford,True,0,0,0,0,0,0,0,4.0
604,1,18,Nott'm Forest,False,0,0,0,0,0,0,0,4.5
604,2,4,Brentford,True,0,0,0,0,0,0,0,4.5
625,2,4,Brentford,True,0,0,0,0,0,0,0,4.0
350,1,17,Newcastle,False,2,90,0,0,0,3,0,5.5
350,2,18,Nott'm Forest,True,0,90,0,0,0,1,0,5.5
351,1,17,Newcastle,False,0,0,0,0,0,0,0,5.0
351,2,18,Nott'm Forest,True,0,0,0,0,0,0,0,5.0
352,1,17,Newcastle,False,0,0,0,0,0,0,0,4.0
352,2,18,Nott'm Forest,True,0,0,0,0,0,0,0,4.0
353,1,17,Newcastle,False,0,0,0,0,0,0,0,4.0
353,2,18,Nott'm Forest,True,0,0,0,0,0,0,0,4.0
354,1,17,Newcastle,False,0,0,0,0,0,0,0,4.0
354,2,18,Nott'm Forest,True,0,0,0,0,0,0,0,4.0
355,1,17,Newcastle,False,0,0,0,0,0,0,0,4.0
355,2,18,Nott'm Forest,True,0,0,0,0,0,0,0,4.0
356,1,17,Newcastle,False,2,90,0,0,0,0,0,6.5
356,2,18,Nott'm Forest,True,1,90,0,0,0,0,0,6.5
357,1,17,Newcastle,False,0,90,0,0,0,0,0,5.5
357,2,18,Nott'm Forest,True,1,70,0,0,0,0,0,5.5
358,1,17,Newcastle,False,0,90,0,0,0,0,0,5.5
358,2,18,Nott'm Forest,True,1,70,0,0,0,0,0,5.5
359,1,17,Newcastle,False,0,0,0,0,0,0,0,5.0
359,2,18,Nott'm Forest,True,0,0,0,0,0,0,0,5.0
360,1,17,Newcastle,False,0,0,0,0,0,0,0,5.0
360,2,18,Nott'm Forest,True,0,0,0,0,0,0,0,5.0
361,1,17,Newcastle,False,0,0,0,0,0,0,0,4.0
361,2,18,Nott'm Forest,True,0,0,0,0,0,0,0,4.0
362,1,17,Newcastle,False,1,69,0,0,0,0,0,5.0
362,2,18,Nott'm Forest,True,3,76,0,0,0,0,0,5.0
363,1,17,Newcastle,False,0,0,0,0,0,0,0,4.0
363,2,18,Nott'm Forest,True,0,0,0,0,0,0,0,4.0
364,1,17,Newcastle,False,0,0,0,0,0,0,0,5.0
364,2,18,Nott'm Forest,True,1,19,0,0,0,0,0,5.0
365,1,17,Newcastle,False,0,0,0,0,0,0,0,4.0
365,2,18,Nott'm Forest,True,0,0,0,0,0,0,0,4.0
366,1,17,Newcastle,False,2,62,0,0,0,0,0,7.5
366,2,18,Nott'm Forest,True,4,90,0,1,0,0,0,7.5
367,1,17,Newcastle,False,12,90,1,0,0,0,3,7.0
367,2,18,Nott'm Forest,True,5,70,0,1,0,0,0,7.0
368,1,17,Newcastle,False,8,90,1,0,0,0,1,7.0
368,2,18,Nott'm Forest,True,4,90,0,0,0,0,0,7.0
369,1,17,Newcastle,False,2,62,0,0,0,0,0,6.0
369,2,18,Nott'm Forest,True,1,19,0,0,0,0,0,6.0
370,1,17,Newcastle,False,0,0,0,0,0,0,0,5.5
370,2,18,Nott'm Forest,True,0,0,0,0,0,0,0,5.5
371,1,17,Newcastle,False,5,77,0,1,0,0,0,6.0
371,2,18,Nott'm Forest,True,1,19,0,0,0,0,0,6.0
372,1,17,Newcastle,False,1,27,0,0,0,0,0,5.5
372,2,18,Nott'm Forest,True,2,76,0,0,0,0,0,5.5
373,1,17,Newcastle,False,0,0,0,0,0,0,0,5.5
373,2,18,Nott'm Forest,True,0,0,0,0,0,0,0,5.5
374,1,17,Newcastle,False,0,0,0,0,0,0,0,5.0
374,2,18,Nott'm Forest,True,0,0,0,0,0,0,0,5.0
375,1,17,Newcastle,False,0,0,0,0,0,0,0,5.0
375,2,18,Nott'm Forest,True,1,13,0,0,0,0,0,5.0
376,1,17,Newcastle,False,0,0,0,0,0,0,0,5.0
376,2,18,Nott'm Forest,True,0,0,0,0,0,0,0,5.0
377,1,17,Newcastle,False,4,27,0,1,0,0,0,6.5
377,2,18,Nott'm Forest,True,6,90,1,0,0,0,0,6.5
378,1,17,Newcastle,False,0,0,0,0,0,0,0,4.5
378,2,18,Nott'm Forest,True,0,0,0,0,0,0,0,4.5
379,1,17,Newcastle,False,2,90,0,0,0,0,0,9.0
379,2,18,Nott'm Forest,True,8,90,1,0,0,0,2,9.0
380,1,17,Newcastle,False,0,0,0,0,0,0,0,7.5
380,2,18,Nott'm Forest,True,0,0,0,0,0,0,0,7.5
381,1,17,Newcastle,False,1,12,0,0,0,0,0,5.0
381,2,18,Nott'm Forest,True,0,0,0,0,0,0,0,5.0
382,1,17,Newcastle,False,0,0,0,0,0,0,0,4.5
382,2,18,Nott'm Forest,True,0,0,0,0,0,0,0,4.5
383,1,17,Newcastle,False,0,0,0,0,0,0,0,5.5
383,2,18,Nott'm Forest,True,0,0,0,0,0,0,0,5.5
579,1,17,Newcastle,False,1,20,0,0,0,0,0,5.5
579,2,18,Nott'm Forest,True,0,13,0,0,0,0,0,5.5
155,1,10,Fulham,False,1,25,0,0,0,0,0,7.0
155,2,5,Brighton,True,0,0,0,0,0,0,0,7.0
237,1,8,Crystal Palace,True,9,90,0,1,1,0,1,6.0
237,2,3,Bournemouth,False,4,90,0,0,0,0,0,6.0
384,1,3,Bournemouth,True,3,90,0,0,0,3,0,5.5
384,2,8,Crystal Palace,False,0,90,0,0,0,1,0,5.5
386,1,3,Bournemouth,True,0,0,0,0,0,0,0,4.5
386,2,8,Crystal Palace,False,0,0,0,0,0,0,0,4.5
387,1,3,Bournemouth,True,2,62,0,0,0,0,0,6.5
387,2,8,Crystal Palace,False,2,88,0,0,0,0,0,6.5
388,1,3,Bournemouth,True,10,90,1,0,0,0,2,6.0
388,2,8,Crystal Palace,False,2,90,0,0,0,0,0,6.0
389,1,3,Bournemouth,True,1,33,0,0,0,0,0,6.0
389,2,8,Crystal Palace,False,0,0,0,0,0,0,0,6.0
390,1,3,Bournemouth,True,2,90,0,0,0,0,0,5.5
390,2,8,Crystal Palace,False,2,90,0,0,0,0,0,5.5
391,1,3,Bournemouth,True,9,90,1,0,0,0,1,5.5
391,2,8,Crystal Palace,False,5,74,0,1,0,0,0,5.5
392,1,3,Bournemouth,True,0,0,0,0,0,0,0,5.5
392,2,8,Crystal Palace,False,0,0,0,0,0,0,0,5.5
393,1,3,Bournemouth,True,2,90,0,0,0,0,0,5.5
393,2,8,Crystal Palace,False,2,88,0,0,0,0,0,5.5
394,1,3,Bournemouth,True,0,0,0,0,0,0,0,5.0
394,2,8,Crystal Palace,False,0,0,0,0,0,0,0,5.0
395,1,3,Bournemouth,True,1,56,0,0,0,0,0,4.5
395,2,8,Crystal Palace,False,0,0,0,0,0,0,0,4.5
396,1,3,Bournemouth,True,0,0,0,0,0,0,0,4.5
396,2,8,Crystal Palace,False,1,1,0,0,0,0,0,4.5
397,1,3,Bournemouth,True,2,90,0,0,0,0,0,8.5
397,2,8,Crystal Palace,False,5,90,0,1,0,0,0,8.5
398,1,3,Bournemouth,True,1,81,0,0,0,0,0,7.0
398,2,8,Crystal Palace,False,9,90,0,2,0,0,1,7.0
399,1,3,Bournemouth,True,8,27,0,2,0,0,1,7.5
399,2,8,Crystal Palace,False,14,81,2,0,0,0,3,7.5
400,1,3,Bournemouth,True,0,0,0,0,0,0,0,7.5
400,2,8,Crystal Palace,False,0,0,0,0,0,0,0,7.5
402,1,3,Bournemouth,True,0,0,0,0,0,0,0,6.5
402,2,8,Crystal Palace,False,0,0,0,0,0,0,0,6.5
404,1,3,Bournemouth,True,0,0,0,0,0,0,0,6.0
404,2,8,Crystal Palace,False,0,0,0,0,0,0,0,6.0
406,1,3,Bournemouth,True,1,27,0,0,0,0,0,5.5
406,2,8,Crystal Palace,False,1,15,0,0,0,0,0,5.5
407,1,3,Bournemouth,True,0,0,0,0,0,0,0,5.0
407,2,8,Crystal Palace,False,0,0,0,0,0,0,0,5.0
408,1,3,Bournemouth,True,0,0,0,0,0,0,0,5.0
408,2,8,Crystal Palace,False,0,0,0,0,0,0,0,5.0
409,1,3,Bournemouth,True,0,0,0,0,0,0,0,4.5
409,2,8,Crystal Palace,False,0,0,0,0,0,0,0,4.5
410,1,3,Bournemouth,True,0,0,0,0,0,0,0,5.0
410,2,8,Crystal Palace,False,0,0,0,0,0,0,0,5.0
411,1,3,Bournemouth,True,2,90,0,0,0,0,0,15.5
411,2,8,Crystal Palace,False,13,90,2,0,0,0,3,15.5
481,1,3,Bournemouth,True,2,62,0,0,0,0,0,6.5
481,2,8,Crystal Palace,False,3,81,0,0,0,0,0,6.4
587,1,3,Bournemouth,True,0,0,0,0,0,0,0,5.0
587,2,8,Crystal Palace,False,0,0,0,0,0,0,0,5.0
616,2,8,Crystal Palace,False,1,8,0,0,0,0,0,5.5
621,2,8,Crystal Palace,False,1,8,0,0,0,0,0,4.5
622,2,8,Crystal Palace,False,1,1,0,0,0,0,0,4.0
43,1,11,Hull City,False,2,66,0,0,0,0,0,6.0
43,2,12,Ipswich Town,True,4,90,0,0,0,0,0,6.0
131,1,2,Aston Villa,True,0,0,0,0,0,0,0,5.0
131,2,12,Ipswich Town,True,0,0,0,0,0,0,0,5.0
162,1,11,Hull City,False,2,66,0,0,0,0,0,5.0
162,2,12,Ipswich Town,True,1,10,0,0,0,0,0,5.0
325,1,11,Hull City,False,0,0,0,0,0,0,0,4.5
325,2,12,Ipswich Town,True,0,0,0,0,0,0,0,4.5
412,1,11,Hull City,False,1,90,0,0,0,2,0,5.0
412,2,12,Ipswich Town,True,2,90,0,0,0,3,0,5.0
413,1,11,Hull City,False,0,0,0,0,0,0,0,4.5
413,2,12,Ipswich Town,True,0,0,0,0,0,0,0,4.5
414,1,11,Hull City,False,0,0,0,0,0,0,0,4.0
414,2,12,Ipswich Town,True,0,0,0,0,0,0,0,4.0
415,1,11,Hull City,False,0,45,0,0,0,0,0,6.0
415,2,12,Ipswich Town,True,1,10,0,0,0,0,0,6.0
416,1,11,Hull City,False,0,0,0,0,0,0,0,5.0
416,2,12,Ipswich Town,True,0,0,0,0,0,0,0,5.0
417,1,11,Hull City,False,1,10,0,0,0,0,0,5.0
417,2,12,Ipswich Town,True,2,73,0,0,0,0,0,5.0
418,1,11,Hull City,False,1,90,0,0,0,0,0,5.0
418,2,12,Ipswich Town,True,4,90,0,1,0,0,0,5.0
419,1,11,Hull City,False,0,0,0,0,0,0,0,5.0
419,2,12,Ipswich Town,True,1,90,0,0,0,0,0,5.0
420,1,11,Hull City,False,0,0,0,0,0,0,0,5.0
420,2,12,Ipswich Town,True,1,16,0,0,0,0,0,5.0
421,1,11,Hull City,False,1,90,0,0,0,0,0,4.5
421,2,12,Ipswich Town,True,0,0,0,0,0,0,0,4.5
422,1,11,Hull City,False,1,79,0,0,0,0,0,4.5
422,2,12,Ipswich Town,True,1,17,0,0,0,0,0,4.5
423,1,11,Hull City,False,1,90,0,0,0,0,0,4.5
423,2,12,Ipswich Town,True,2,72,0,0,0,0,0,4.5
424,1,11,Hull City,False,0,0,0,0,0,0,0,4.0
424,2,12,Ipswich Town,True,0,0,0,0,0,0,0,4.0
425,1,11,Hull City,False,0,0,0,0,0,0,0,4.0
425,2,12,Ipswich Town,True,0,0,0,0,0,0,0,4.0
426,1,11,Hull City,False,2,90,0,0,0,0,0,12.0
426,2,12,Ipswich Town,True,23,90,3,1,0,0,3,12.0
427,1,11,Hull City,False,2,90,0,0,0,0,0,8.0
427,2,12,Ipswich Town,True,11,90,1,1,0,0,2,8.0
428,1,11,Hull City,False,2,79,0,0,0,0,0,8.0
428,2,12,Ipswich Town,True,9,79,0,2,0,0,1,8.0
429,1,11,Hull City,False,1,45,0,0,0,0,0,7.0
429,2,12,Ipswich Town,True,2,79,0,0,0,0,0,7.0
430,1,11,Hull City,False,0,0,0,0,0,0,0,5.5
430,2,12,Ipswich Town,True,0,0,0,0,0,0,0,5.5
431,1,11,Hull City,False,0,0,0,0,0,0,0,6.0
431,2,12,Ipswich Town,True,0,0,0,0,0,0,0,5.9
432,1,11,Hull City,False,1,23,0,0,0,0,0,5.5
432,2,12,Ipswich Town,True,4,79,0,0,0,0,0,5.5
433,1,11,Hull City,False,0,0,0,0,0,0,0,5.0
433,2,12,Ipswich Town,True,0,0,0,0,0,0,0,5.0
434,1,11,Hull City,False,0,0,0,0,0,0,0,5.0
434,2,12,Ipswich Town,True,0,0,0,0,0,0,0,5.0
435,1,11,Hull City,False,1,10,0,0,0,0,0,5.0
435,2,12,Ipswich Town,True,0,0,0,0,0,0,0,5.0
436,1,11,Hull City,False,0,0,0,0,0,0,0,5.0
436,2,12,Ipswich Town,True,0,0,0,0,0,0,0,5.0
437,1,11,Hull City,False,0,0,0,0,0,0,0,4.5
437,2,12,Ipswich Town,True,0,0,0,0,0,0,0,4.5
438,1,11,Hull City,False,0,0,0,0,0,0,0,4.5
438,2,12,Ipswich Town,True,0,0,0,0,0,0,0,4.5
439,1,11,Hull City,False,1,23,0,0,0,0,0,7.0
439,2,12,Ipswich Town,True,1,10,0,0,0,0,0,7.0
440,1,11,Hull City,False,0,0,0,0,0,0,0,5.5
440,2,12,Ipswich Town,True,0,0,0,0,0,0,0,5.5
441,1,11,Hull City,False,0,0,0,0,0,0,0,4.5
441,2,12,Ipswich Town,True,0,0,0,0,0,0,0,4.5
405,1,3,Bournemouth,True,0,0,0,0,0,0,0,5.5
405,2,19,Spurs,False,2,70,0,0,1,0,0,5.5
442,1,14,Liverpool,True,0,0,0,0,0,0,0,5.0
442,2,19,Spurs,False,0,0,0,0,0,0,0,5.0
443,1,14,Liverpool,True,0,0,0,0,0,0,0,4.5
443,2,19,Spurs,False,0,0,0,0,0,0,0,4.5
444,1,14,Liverpool,True,0,0,0,0,0,0,0,4.5
444,2,19,Spurs,False,0,0,0,0,0,0,0,4.5
445,1,14,Liverpool,True,3,90,0,0,0,0,0,5.0
445,2,19,Spurs,False,6,90,0,0,1,0,0,5.0
446,1,14,Liverpool,True,1,1,0,0,0,0,0,5.0
446,2,19,Spurs,False,0,0,0,0,0,0,0,5.0
447,1,14,Liverpool,True,3,90,0,0,0,0,0,5.0
447,2,19,Spurs,False,5,90,0,0,1,0,0,5.0
448,1,14,Liverpool,True,0,0,0,0,0,0,0,5.0
448,2,19,Spurs,False,0,0,0,0,0,0,0,5.0
449,1,14,Liverpool,True,3,90,0,0,0,0,0,5.0
449,2,19,Spurs,False,11,90,0,0,1,0,3,5.0
450,1,14,Liverpool,True,0,0,0,0,0,0,0,5.0
450,2,19,Spurs,False,0,0,0,0,0,0,0,5.0
451,1,14,Liverpool,True,0,0,0,0,0,0,0,4.0
451,2,19,Spurs,False,0,0,0,0,0,0,0,4.0
453,1,14,Liverpool,True,2,90,0,0,0,0,0,6.0
453,2,19,Spurs,False,3,90,0,0,1,0,0,6.0
454,1,14,Liverpool,True,9,75,1,0,0,0,2,6.0
454,2,19,Spurs,False,8,81,1,0,1,0,0,6.0
456,1,14,Liverpool,True,0,34,0,0,0,0,0,5.0
456,2,19,Spurs,False,1,8,0,0,0,0,0,5.0
457,1,14,Liverpool,True,0,14,0,0,0,0,0,6.0
457,2,19,Spurs,False,1,8,0,0,0,0,0,6.0
458,1,14,Liverpool,True,0,0,0,0,0,0,0,5.5
458,2,19,Spurs,False,0,0,0,0,0,0,0,5.5
459,1,14,Liverpool,True,3,75,0,0,0,0,0,5.5
459,2,19,Spurs,False,3,90,0,0,1,0,0,5.5
460,1,14,Liverpool,True,6,34,1,0,0,0,0,5.0
460,2,19,Spurs,False,3,70,0,0,1,0,0,5.0
461,1,14,Liverpool,True,0,0,0,0,0,0,0,6.0
461,2,19,Spurs,False,1,1,0,0,0,0,0,6.0
462,1,14,Liverpool,True,1,55,0,0,0,0,0,5.0
462,2,19,Spurs,False,1,19,0,0,0,0,0,5.0
463,1,14,Liverpool,True,0,0,0,0,0,0,0,6.0
463,2,19,Spurs,False,4,19,0,1,0,0,0,6.0
464,1,14,Liverpool,True,4,90,0,1,0,0,0,6.0
464,2,19,Spurs,False,8,81,1,0,1,0,2,6.0
465,1,14,Liverpool,True,4,55,0,1,0,0,0,6.0
465,2,19,Spurs,False,0,0,0,0,0,0,0,6.0
466,1,14,Liverpool,True,0,0,0,0,0,0,0,4.5
466,2,19,Spurs,False,0,0,0,0,0,0,0,4.5
559,1,14,Liverpool,True,1,14,0,0,0,0,0,5.0
559,2,19,Spurs,False,0,0,0,0,0,0,0,5.0
567,1,14,Liverpool,True,1,90,0,0,0,5,0,5.0
567,2,19,Spurs,False,7,90,0,0,1,4,0,5.0
593,1,14,Liverpool,True,1,90,0,0,0,0,0,4.5
593,2,19,Spurs,False,11,90,0,1,1,0,2,4.5
609,1,14,Liverpool,True,0,0,0,0,0,0,0,4.0
609,2,19,Spurs,False,0,0,0,0,0,0,0,4.0
167,1,10,Fulham,False,0,0,0,0,0,0,0,5.5
167,2,14,Liverpool,False,1,24,0,0,0,0,0,5.5
201,1,9,Everton,False,0,54,0,0,0,0,0,5.5
201,2,15,Man City,True,0,0,0,0,0,0,0,5.5
467,1,13,Leeds,True,2,90,0,0,0,2,0,5.0
467,2,14,Liverpool,False,1,90,0,0,0,2,0,5.0
468,1,13,Leeds,True,0,0,0,0,0,0,0,4.5
468,2,14,Liverpool,False,0,0,0,0,0,0,0,4.5
469,1,13,Leeds,True,2,90,0,0,0,0,0,5.0
469,2,14,Liverpool,False,6,90,0,1,0,0,0,5.0
470,1,13,Leeds,True,0,0,0,0,0,0,0,5.0
470,2,14,Liverpool,False,0,0,0,0,0,0,0,5.0
471,1,13,Leeds,True,2,90,0,0,0,0,0,5.5
471,2,14,Liverpool,False,3,90,0,0,0,0,0,5.5
472,1,13,Leeds,True,4,90,0,0,0,0,0,5.5
472,2,14,Liverpool,False,1,90,0,0,0,0,0,5.5
473,1,13,Leeds,True,5,73,0,0,1,0,0,4.5
473,2,14,Liverpool,False,0,85,0,0,0,0,0,4.5
474,1,13,Leeds,True,1,90,0,0,0,0,0,4.5
474,2,14,Liverpool,False,1,90,0,0,0,0,0,4.5
475,1,13,Leeds,True,0,0,0,0,0,0,0,4.5
475,2,14,Liverpool,False,0,0,0,0,0,0,0,4.5
476,1,13,Leeds,True,0,0,0,0,0,0,0,4.0
476,2,14,Liverpool,False,0,0,0,0,0,0,0,4.0
477,1,13,Leeds,True,0,0,0,0,0,0,0,4.0
477,2,14,Liverpool,False,0,0,0,0,0,0,0,4.0
478,1,13,Leeds,True,1,16,0,0,0,0,0,4.5
478,2,14,Liverpool,False,1,4,0,0,0,0,0,4.5
479,1,13,Leeds,True,0,0,0,0,0,0,0,4.0
479,2,14,Liverpool,False,0,0,0,0,0,0,0,4.0
480,1,13,Leeds,True,2,90,0,0,0,0,0,8.0
480,2,14,Liverpool,False,13,90,1,1,0,0,3,8.0
482,1,13,Leeds,True,0,0,0,0,0,0,0,6.0
482,2,14,Liverpool,False,1,1,0,0,0,0,0,6.0
483,1,13,Leeds,True,3,61,0,0,1,0,0,5.5
483,2,14,Liverpool,False,9,65,1,0,0,0,2,5.5
484,1,13,Leeds,True,0,0,0,0,0,0,0,5.5
484,2,14,Liverpool,False,0,0,0,0,0,0,0,5.5
485,1,13,Leeds,True,0,0,0,0,0,0,0,5.5
485,2,14,Liverpool,False,0,0,0,0,0,0,0,5.5
486,1,13,Leeds,True,3,73,0,0,1,0,0,5.5
486,2,14,Liverpool,False,2,90,0,0,0,0,0,5.5
487,1,13,Leeds,True,0,0,0,0,0,0,0,5.0
487,2,14,Liverpool,False,1,1,0,0,0,0,0,5.0
488,1,13,Leeds,True,2,90,0,0,0,0,0,5.0
488,2,14,Liverpool,False,0,0,0,0,0,0,0,5.0
489,1,13,Leeds,True,0,0,0,0,0,0,0,4.5
489,2,14,Liverpool,False,0,0,0,0,0,0,0,4.5
490,1,13,Leeds,True,1,28,0,0,0,0,0,6.0
490,2,14,Liverpool,False,0,0,0,0,0,0,0,6.0
491,1,13,Leeds,True,2,90,0,0,0,0,0,6.0
491,2,14,Liverpool,False,1,90,0,0,0,0,0,6.0
493,1,13,Leeds,True,1,1,0,0,0,0,0,5.5
493,2,14,Liverpool,False,0,0,0,0,0,0,0,5.5
558,1,13,Leeds,True,1,16,0,0,0,0,0,5.0
558,2,14,Liverpool,False,4,90,0,0,0,0,0,5.0
581,1,13,Leeds,True,0,0,0,0,0,0,0,5.5
581,2,14,Liverpool,False,0,0,0,0,0,0,0,5.5
590,1,13,Leeds,True,0,0,0,0,0,0,0,4.5
590,2,14,Liverpool,False,0,0,0,0,0,0,0,4.5
112,1,4,Brentford,False,1,90,0,0,0,0,0,5.0
112,2,17,Newcastle,True,1,90,0,0,0,0,0,5.0
147,1,10,Fulham,False,0,0,0,0,0,0,0,4.5
147,2,5,Brighton,True,0,0,0,0,0,0,0,4.5
401,1,3,Bournemouth,True,0,0,0,0,0,0,0,7.0
401,2,17,Newcastle,True,2,90,0,0,0,0,0,7.0
403,1,3,Bournemouth,True,0,0,0,0,0,0,0,6.5
403,2,17,Newcastle,True,0,0,0,0,0,0,0,6.5
455,1,4,Brentford,False,2,90,0,0,0,0,0,5.5
455,2,17,Newcastle,True,2,74,0,0,0,0,0,5.5
494,1,4,Brentford,False,0,0,0,0,0,0,0,4.5
494,2,17,Newcastle,True,0,0,0,0,0,0,0,4.5
495,1,4,Brentford,False,0,0,0,0,0,0,0,4.0
495,2,17,Newcastle,True,0,0,0,0,0,0,0,4.0
496,1,4,Brentford,False,2,90,0,0,0,5,0,4.5
496,2,17,Newcastle,True,1,90,0,0,0,0,0,4.5
497,1,4,Brentford,False,0,0,0,0,0,0,0,4.0
497,2,17,Newcastle,True,0,0,0,0,0,0,0,4.0
498,1,4,Brentford,False,3,90,0,0,0,0,0,6.0
498,2,17,Newcastle,True,0,0,0,0,0,0,0,6.0
499,1,4,Brentford,False,0,0,0,0,0,0,0,5.5
499,2,17,Newcastle,True,1,90,0,0,0,0,0,5.5
500,1,4,Brentford,False,0,0,0,0,0,0,0,5.0
500,2,17,Newcastle,True,0,0,0,0,0,0,0,5.0
502,1,4,Brentford,False,3,90,0,0,0,0,0,4.5
502,2,17,Newcastle,True,2,67,0,0,0,0,0,4.5
503,1,4,Brentford,False,0,0,0,0,0,0,0,5.0
503,2,17,Newcastle,True,0,90,0,0,0,0,0,5.0
505,1,4,Brentford,False,0,0,0,0,0,0,0,4.5
505,2,17,Newcastle,True,0,0,0,0,0,0,0,4.5
506,1,4,Brentford,False,1,4,0,0,0,0,0,4.5
506,2,17,Newcastle,True,1,22,0,0,0,0,0,4.5
507,1,4,Brentford,False,0,0,0,0,0,0,0,4.5
507,2,17,Newcastle,True,0,0,0,0,0,0,0,4.5
508,1,4,Brentford,False,0,0,0,0,0,0,0,4.0
508,2,17,Newcastle,True,0,0,0,0,0,0,0,4.0
509,1,4,Brentford,False,0,0,0,0,0,0,0,4.0
509,2,17,Newcastle,True,0,0,0,0,0,0,0,4.0
510,1,4,Brentford,False,0,0,0,0,0,0,0,4.0
510,2,17,Newcastle,True,0,0,0,0,0,0,0,4.0
511,1,4,Brentford,False,0,0,0,0,0,0,0,4.0
511,2,17,Newcastle,True,0,0,0,0,0,0,0,4.0
512,1,4,Brentford,False,0,0,0,0,0,0,0,6.5
512,2,17,Newcastle,True,1,22,0,0,0,0,0,6.5
513,1,4,Brentford,False,0,0,0,0,0,0,0,6.0
513,2,17,Newcastle,True,0,0,0,0,0,0,0,6.0
514,1,4,Brentford,False,2,90,0,0,0,0,0,6.0
514,2,17,Newcastle,True,2,67,0,0,0,0,0,6.0
515,1,4,Brentford,False,1,22,0,0,0,0,0,6.5
515,2,17,Newcastle,True,0,0,0,0,0,0,0,6.5
516,1,4,Brentford,False,1,45,0,0,0,0,0,5.5
516,2,17,Newcastle,True,2,90,0,0,0,0,0,5.5
517,1,4,Brentford,False,0,0,0,0,0,0,0,5.5
517,2,17,Newcastle,True,0,0,0,0,0,0,0,5.5
518,1,4,Brentford,False,0,0,0,0,0,0,0,5.0
518,2,17,Newcastle,True,0,0,0,0,0,0,0,4.9
519,1,4,Brentford,False,0,45,0,0,0,0,0,5.5
519,2,17,Newcastle,True,0,0,0,0,0,0,0,5.5
520,1,4,Brentford,False,1,45,0,0,0,0,0,5.5
520,2,17,Newcastle,True,0,0,0,0,0,0,0,5.5
521,1,4,Brentford,False,0,0,0,0,0,0,0,6.5
521,2,17,Newcastle,True,0,0,0,0,0,0,0,6.5
522,1,4,Brentford,False,2,85,0,0,0,0,0,5.0
522,2,17,Newcastle,True,2,67,0,0,0,0,0,5.0
523,1,4,Brentford,False,2,67,0,0,0,0,0,5.0
523,2,17,Newcastle,True,1,22,0,0,0,0,0,5.0
524,1,4,Brentford,False,0,0,0,0,0,0,0,4.5
524,2,17,Newcastle,True,0,0,0,0,0,0,0,4.5
525,1,4,Brentford,False,1,45,0,0,0,0,0,6.0
525,2,17,Newcastle,True,2,90,0,0,0,0,0,6.0
526,1,4,Brentford,False,1,22,0,0,0,0,0,6.0
526,2,17,Newcastle,True,1,15,0,0,0,0,0,6.0
527,1,4,Brentford,False,2,67,0,0,0,0,0,6.0
527,2,17,Newcastle,True,0,0,0,0,0,0,0,6.0
528,1,4,Brentford,False,0,0,0,0,0,0,0,4.5
528,2,17,Newcastle,True,0,0,0,0,0,0,0,4.5
578,1,10,Fulham,False,0,0,0,0,0,0,0,5.5
578,2,5,Brighton,True,0,0,0,0,0,0,0,5.5
601,1,4,Brentford,False,0,0,0,0,0,0,0,4.5
601,2,17,Newcastle,True,0,0,0,0,0,0,0,4.5
501,1,4,Brentford,False,0,0,0,0,0,0,0,5.0
501,2,17,Newcastle,True,0,0,0,0,0,0,0,5.0
529,1,12,Ipswich Town,False,1,90,0,0,0,1,0,5.0
529,2,10,Fulham,True,6,90,0,0,1,0,0,5.0
530,1,12,Ipswich Town,False,0,0,0,0,0,0,0,4.0
530,2,10,Fulham,True,0,0,0,0,0,0,0,4.0
531,1,12,Ipswich Town,False,0,0,0,0,0,0,0,4.5
531,2,10,Fulham,True,0,0,0,0,0,0,0,4.5
532,1,12,Ipswich Town,False,0,90,0,0,0,0,0,5.0
532,2,10,Fulham,True,8,90,0,0,1,0,0,5.0
533,1,12,Ipswich Town,False,0,0,0,0,0,0,0,5.5
533,2,10,Fulham,True,9,90,0,0,1,0,1,5.5
534,1,12,Ipswich Town,False,2,79,0,0,0,0,0,4.5
534,2,10,Fulham,True,6,90,0,0,1,0,0,4.5
535,1,12,Ipswich Town,False,1,23,0,0,0,0,0,5.0
535,2,10,Fulham,True,0,0,0,0,0,0,0,5.0
536,1,12,Ipswich Town,False,1,90,0,0,0,0,0,4.5
536,2,10,Fulham,True,6,90,0,0,1,0,0,4.5
537,1,12,Ipswich Town,False,0,0,0,0,0,0,0,4.5
537,2,10,Fulham,True,0,0,0,0,0,0,0,4.5
538,1,12,Ipswich Town,False,0,0,0,0,0,0,0,4.0
538,2,10,Fulham,True,0,0,0,0,0,0,0,4.0
539,1,12,Ipswich Town,False,1,66,0,0,0,0,0,4.0
539,2,10,Fulham,True,0,0,0,0,0,0,0,4.0
540,1,12,Ipswich Town,False,0,0,0,0,0,0,0,4.0
540,2,10,Fulham,True,0,0,0,0,0,0,0,4.0
541,1,12,Ipswich Town,False,1,90,0,0,0,0,0,4.5
541,2,10,Fulham,True,6,90,0,0,1,0,0,4.5
542,1,12,Ipswich Town,False,2,79,0,0,0,0,0,6.0
542,2,10,Fulham,True,3,89,0,0,1,0,0,6.0
543,1,12,Ipswich Town,False,1,10,0,0,0,0,0,5.5
543,2,10,Fulham,True,4,18,0,1,0,0,0,5.5
544,1,12,Ipswich Town,False,9,90,0,1,0,0,2,5.5
544,2,10,Fulham,True,6,90,0,0,1,0,3,5.5
545,1,12,Ipswich Town,False,2,90,0,0,0,0,0,5.0
545,2,10,Fulham,True,3,90,0,0,1,0,0,5.0
546,1,12,Ipswich Town,False,0,0,0,0,0,0,0,5.0
546,2,10,Fulham,True,0,0,0,0,0,0,0,5.0
547,1,12,Ipswich Town,False,0,0,0,0,0,0,0,5.0
547,2,10,Fulham,True,1,1,0,0,0,0,0,5.0
548,1,12,Ipswich Town,False,1,10,0,0,0,0,0,5.0
548,2,10,Fulham,True,1,7,0,0,0,0,0,5.0
549,1,12,Ipswich Town,False,1,31,0,0,0,0,0,5.5
549,2,10,Fulham,True,0,0,0,0,0,0,0,5.5
550,1,12,Ipswich Town,False,0,0,0,0,0,0,0,5.0
550,2,10,Fulham,True,0,0,0,0,0,0,0,5.0
551,1,12,Ipswich Town,False,5,58,1,0,0,0,0,5.0
551,2,10,Fulham,True,3,64,0,0,1,0,0,5.0
552,1,12,Ipswich Town,False,2,66,0,0,0,0,0,6.0
552,2,10,Fulham,True,2,63,0,0,1,0,0,6.0
553,1,12,Ipswich Town,False,1,23,0,0,0,0,0,5.5
553,2,10,Fulham,True,8,26,1,0,0,0,3,5.5
612,2,10,Fulham,True,0,0,0,0,0,0,0,4.5
613,2,10,Fulham,True,0,0,0,0,0,0,0,4.5
