id,first_name,second_name,web_name,team,element_type,now_cost,selected_by_percent,transfers_in,transfers_out,total_points,points_per_game,minutes,goals_scored,assists,clean_sheets,goals_conceded,yellow_cards,red_cards,saves,bonus,bps,influence,creativity,threat,ict_index,form,value_form,value_season,corners_and_indirect_freekicks_order,direct_freekicks_order,penalties_order,team_name,position,price,is_corner_taker,is_freekick_taker,is_penalty_taker,is_set_piece_taker
1,David,Raya Martín,Raya,1,1,60,38.3,125877,99411,6,6.0,90,0,0,1,0,0,0,1,0,24,11.8,0.0,0.0,1.2,3.0,0.5,1.0,,,,Arsenal,GK,6.0,0,0,0,0
2,Kepa,Arrizabalaga Revuelta,Arrizabalaga,1,1,50,0.1,401,1525,0,0.0,0,0,0,0,0,0,0,0,0,0,0.0,0.0,0.0,0.0,0.0,0.0,0.0,,,,Arsenal,GK,5.0,0,0,0,0
3,Illan,Meslier,Meslier,1,1,50,0.0,119,537,0,0.0,0,0,0,0,0,0,0,0,0,0,0.0,0.0,0.0,0.0,0.0,0.0,0.0,,,,Arsenal,GK,5.0,0,0,0,0
4,Gabriel,dos Santos Magalhães,Gabriel,1,2,80,28.7,65255,157262,5,5.0,90,0,0,1,0,1,0,0,0,21,6.6,1.8,1.0,0.9,2.5,0.3,0.6,,,,Arsenal,DEF,8.0,0,0,0,0
5,Jurriën,Timber,J.Timber,1,2,65,0.1,486,3532,0,0.0,0,0,0,0,0,0,0,0,0,0,0.0,0.0,0.0,0.0,0.0,0.0,0.0,,,,Arsenal,DEF,6.5,0,0,0,0
6,William,Saliba,Saliba,1,2,60,0.3,1112,7872,0,0.0,0,0,0,0,0,0,0,0,0,0,0.0,0.0,0.0,0.0,0.0,0.0,0.0,,,,Arsenal,DEF,6.0,0,0,0,0
7,Myles,Lewis-Skelly,Lewis-Skelly,1,3,55,0.7,10833,10312,3,3.0,90,0,0,1,0,0,0,0,0,15,11.0,22.9,7.0,4.1,1.5,0.3,0.5,,,,Arsenal,MID,5.5,0,0,0,0
8,Riccardo,Calafiori,Calafiori,1,2,56,41.7,340087,52242,9,9.0,80,0,1,1,0,0,0,0,0,31,26.0,12.2,4.0,4.2,4.5,0.8,1.6,,,,Arsenal,DEF,5.6,0,0,0,0
9,Piero,Hincapié,Hincapie,1,2,54,1.5,4853,43943,1,1.0,9,0,0,0,0,0,0,0,0,3,0.4,0.5,0.0,0.1,0.5,0.1,0.2,,,,Arsenal,DEF,5.4,0,0,0,0
10,Benjamin,White,White,1,2,55,6.9,159427,35453,11,11.0,90,0,1,1,0,0,0,0,2,37,33.2,26.8,13.0,7.3,5.5,1.0,2.0,,,,Arsenal,DEF,5.5,0,0,0,0
11,Cristhian,Mosquera,Mosquera,1,2,55,5.6,17194,54940,6,6.0,90,0,0,1,0,0,0,0,0,27,14.4,0.6,0.0,1.5,3.0,0.5,1.1,,,,Arsenal,DEF,5.5,0,0,0,0
12,Bukayo,Saka,Saka,1,3,95,10.4,94700,44688,9,9.0,67,1,0,1,0,0,0,0,1,36,42.8,26.1,33.0,10.2,4.5,0.5,0.9,2.0,2.0,1.0,Arsenal,MID,9.5,0,0,1,1
13,Declan,Rice,Rice,1,3,75,16.5,38871,183936,3,3.0,67,0,0,1,0,0,0,0,0,10,6.8,6.4,2.0,1.5,1.5,0.2,0.4,1.0,1.0,,Arsenal,MID,7.5,1,1,0,1
14,Eberechi,Eze,Eze,1,3,64,1.7,7106,48647,1,1.0,14,0,0,0,0,0,0,0,0,4,0.0,1.8,1.0,0.1,0.5,0.1,0.2,,3.0,,Arsenal,MID,6.4,0,0,0,0
15,Martin,Ødegaard,Ødegaard,1,3,66,11.9,307564,46014,11,11.0,75,1,0,1,0,0,0,0,3,41,50.6,41.5,31.0,12.3,5.5,0.8,1.7,4.0,,3.0,Arsenal,MID,6.6,0,0,0,0
16,Noni,Madueke,Madueke,1,3,64,0.3,1722,8931,1,1.0,22,0,0,0,0,0,0,0,0,8,9.4,43.1,0.0,5.3,0.5,0.1,0.2,6.0,,,Arsenal,MID,6.4,0,0,0,0
17,Mikel,Merino Zazón,Merino,1,3,59,0.6,3041,17122,1,1.0,14,0,0,0,0,0,0,0,0,5,3.6,1.2,14.0,1.9,0.5,0.1,0.2,,,,Arsenal,MID,5.9,0,0,0,0
18,Gabriel,Martinelli Silva,Martinelli,1,3,64,0.2,1572,7656,0,0.0,0,0,0,0,0,0,0,0,0,0,0.0,0.0,0.0,0.0,0.0,0.0,0.0,,,,Arsenal,MID,6.4,0,0,0,0
19,Martín,Zubimendi Ibáñez,Zubimendi,1,3,54,0.9,2192,22701,1,1.0,22,0,0,0,0,0,0,0,0,3,3.8,2.3,0.0,0.6,0.5,0.1,0.2,,,,Arsenal,MID,5.4,0,0,0,0
20,Max,Dowman,Dowman,1,3,54,0.1,636,2591,0,0.0,0,0,0,0,0,0,0,0,0,0,0.0,0.0,0.0,0.0,0.0,0.0,0.0,,,,Arsenal,MID,5.4,0,0,0,0
22,Ethan,Nwaneri,Nwaneri,1,3,55,0.0,103,364,0,0.0,0,0,0,0,0,0,0,0,0,0,0.0,0.0,0.0,0.0,0.0,0.0,0.0,,,,Arsenal,MID,5.5,0,0,0,0
23,Fábio,Ferreira Vieira,Fábio Vieira,1,3,55,0.0,113,243,0,0.0,0,0,0,0,0,0,0,0,0,0,0.0,0.0,0.0,0.0,0.0,0.0,0.0,,,,Arsenal,MID,5.5,0,0,0,0
24,Reiss,Nelson,Nelson,1,3,55,0.0,68,239,0,0.0,0,0,0,0,0,0,0,0,0,0,0.0,0.0,0.0,0.0,0.0,0.0,0.0,,,,Arsenal,MID,5.5,0,0,0,0
25,Viktor,Gyökeres,Gyökeres,1,4,74,6.5,10191,253116,0,0.0,0,0,0,0,0,0,0,0,0,0,0.0,0.0,0.0,0.0,0.0,0.0,0.0,,,2.0,Arsenal,FWD,7.4,0,0,0,0
26,Kai,Havertz,Havertz,1,4,75,7.5,198851,49571,6,6.0,90,1,0,1,0,0,0,0,0,34,37.2,13.2,25.0,7.5,3.0,0.4,0.8,,,,Arsenal,FWD,7.5,0,0,0,0
27,Gabriel,Fernando de Jesus,G.Jesus,1,4,60,0.3,2586,8032,0,0.0,0,0,0,0,0,0,0,0,0,0,0.0,0.0,0.0,0.0,0.0,0.0,0.0,,,,Arsenal,FWD,6.0,0,0,0,0
31,Ezri,Konsa Ngoyo,Konsa,1,2,45,10.6,64029,249945,0,0.0,0,0,0,0,0,0,0,0,0,0,0.0,0.0,0.0,0.0,0.0,0.0,0.0,,,,Arsenal,DEF,4.5,0,0,0,0
452,Bruno,Guimarães Rodriguez Moura,Bruno G.,1,3,69,2.6,1048,137715,0,0.0,0,0,0,0,0,0,0,0,0,0,0.0,0.0,0.0,0.0,0.0,0.0,0.0,5.0,,4.0,Arsenal,MID,6.9,0,0,0,0
557,Christos,Tzolis,Tzolis,1,3,65,26.0,263266,72030,6,6.0,75,0,1,1,0,0,0,0,0,30,17.0,39.8,30.0,8.7,3.0,0.5,0.9,3.0,,,Arsenal,MID,6.5,0,0,0,0
28,Emiliano,Martínez Romero,Martinez,2,1,50,4.1,22240,62613,0,0.0,0,0,0,0,0,0,0,0,0,0,0.0,0.0,0.0,0.0,0.0,0.0,0.0,,,,Aston Villa,GK,5.0,0,0,0,0
29,Marco,Bizot,M.Bizot,2,1,45,0.1,1141,1035,1,1.0,90,0,0,0,4,0,0,3,0,1,28.2,0.0,0.0,2.8,0.5,0.1,0.2,,,,Aston Villa,GK,4.5,0,0,0,0
30,Lucas,Digne,Digne,2,2,45,0.1,0,5403,0,0.0,0,0,0,0,0,0,0,0,0,0,0.0,0.0,0.0,0.0,0.0,0.0,0.0,,,,Aston Villa,DEF,4.5,0,0,0,0
32,Matty,Cash,Cash,2,2,45,7.5,29833,114355,-1,-1.0,90,0,0,0,4,1,0,0,0,-8,12.0,1.1,0.0,1.3,-0.5,-0.1,-0.2,1.0,,,Aston Villa,DEF,4.5,1,0,0,1
33,Tyrone,Mings,Mings,2,2,45,0.4,3647,3862,1,1.0,16,0,0,0,0,0,0,0,0,5,2.0,0.0,0.0,0.2,0.5,0.1,0.2,,,,Aston Villa,DEF,4.5,0,0,0,0
34,Pau,Torres,Pau,2,2,45,0.4,2059,5490,0,0.0,73,0,0,0,4,0,0,0,0,-14,0.0,0.7,0.0,0.0,0.0,0.0,0.0,,,,Aston Villa,DEF,4.5,0,0,0,0
35,Lamare,Bogarde,Bogarde,2,3,50,0.1,744,1119,1,1.0,16,0,0,0,0,0,0,0,0,3,2.2,0.5,0.0,0.3,0.5,0.1,0.2,,,,Aston Villa,MID,5.0,0,0,0,0
36,Ian,Maatsen,Maatsen,2,2,45,0.7,2963,9641,0,0.0,81,0,0,0,4,0,0,0,0,-9,9.2,0.8,3.0,1.3,0.0,0.0,0.0,,,,Aston Villa,DEF,4.5,0,0,0,0
37,Victor,Lindelöf,Lindelöf,2,2,45,0.3,1987,4341,-2,-2.0,90,0,0,0,4,0,0,0,0,-13,1.8,0.1,0.0,0.2,-1.0,-0.2,-0.4,,,,Aston Villa,DEF,4.5,0,0,0,0
38,Andrés,García,A.García,2,2,40,1.7,9048,15527,0,0.0,0,0,0,0,0,0,0,0,0,0,0.0,0.0,0.0,0.0,0.0,0.0,0.0,,,,Aston Villa,DEF,4.0,0,0,0,0
39,Kosta,Nedeljkovic,Nedeljkovic,2,2,40,0.2,0,7920,0,0.0,0,0,0,0,0,0,0,0,0,0,0.0,0.0,0.0,0.0,0.0,0.0,0.0,,,,Aston Villa,DEF,4.0,0,0,0,0
41,Emiliano,Buendía Stati,Buendía,2,3,60,1.2,6359,24482,2,2.0,85,0,0,0,4,0,0,0,0,4,0.0,16.3,8.0,2.2,1.0,0.2,0.3,3.0,1.0,1.0,Aston Villa,MID,6.0,0,1,1,1
44,Leon,Bailey,Bailey,2,3,55,0.1,1214,3017,0,0.0,0,0,0,0,0,0,0,0,0,0,0.0,0.0,0.0,0.0,0.0,0.0,0.0,,,,Aston Villa,MID,5.5,0,0,0,0
45,John,McGinn,McGinn,2,3,55,2.7,9384,49329,1,1.0,81,0,0,0,4,1,0,0,0,8,1.6,2.4,1.0,0.5,0.5,0.1,0.2,2.0,,,Aston Villa,MID,5.5,0,0,0,0
46,Ross,Barkley,Barkley,2,3,50,0.2,2328,3126,2,2.0,73,0,0,0,4,0,0,0,0,11,9.4,21.4,7.0,3.8,1.0,0.2,0.4,4.0,,,Aston Villa,MID,5.0,0,0,0,0
47,Boubacar,Kamara,Kamara,2,3,50,0.3,3048,5435,2,2.0,90,0,0,0,4,0,0,0,0,9,11.2,2.8,0.0,1.4,1.0,0.2,0.4,,,,Aston Villa,MID,5.0,0,0,0,0
48,Amadou,Onana,Onana,2,3,50,0.0,187,622,0,0.0,0,0,0,0,0,0,0,0,0,0,0.0,0.0,0.0,0.0,0.0,0.0,0.0,,,,Aston Villa,MID,5.0,0,0,0,0
49,Samuel,Iling-Junior,Iling Jr,2,3,50,0.0,0,128,0,0.0,0,0,0,0,0,0,0,0,0,0,0.0,0.0,0.0,0.0,0.0,0.0,0.0,,,,Aston Villa,MID,5.0,0,0,0,0
50,Bradley,Burrowes,Burrowes,2,3,45,0.7,4517,7700,0,0.0,0,0,0,0,0,0,0,0,0,0,0.0,0.0,0.0,0.0,0.0,0.0,0.0,,,,Aston Villa,MID,4.5,0,0,0,0
51,George,Hemmings,George Hemmings,2,3,45,0.7,11199,6473,2,2.0,90,0,0,0,4,0,0,0,0,12,10.6,11.6,2.0,2.4,1.0,0.2,0.4,,,,Aston Villa,MID,4.5,0,0,0,0
52,Alysson Edward Franco,da Rocha dos Santos,Alysson,2,3,50,0.0,417,696,1,1.0,8,0,0,0,0,0,0,0,0,5,4.0,0.0,0.0,0.4,0.5,0.1,0.2,,,,Aston Villa,MID,5.0,0,0,0,0
53,Johan,Manzambi,Manzambi,2,3,60,0.2,307,9825,0,0.0,0,0,0,0,0,0,0,0,0,0,0.0,0.0,0.0,0.0,0.0,0.0,0.0,,,,Aston Villa,MID,6.0,0,0,0,0
54,Joao,Gomes,Gomes,2,3,55,0.0,161,2086,-2,-2.0,39,0,0,0,4,0,1,0,0,-2,1.0,11.0,0.0,1.2,-1.0,-0.2,-0.4,,,,Aston Villa,MID,5.5,0,0,0,0
55,Ollie,Watkins,Watkins,2,4,79,7.1,11807,308007,0,0.0,0,0,0,0,0,0,0,0,0,0,0.0,0.0,0.0,0.0,0.0,0.0,0.0,,,2.0,Aston Villa,FWD,7.9,0,0,0,0
56,Tammy,Abraham,Abraham,2,4,55,0.1,672,3105,0,0.0,0,0,0,0,0,0,0,0,0,0,0.0,0.0,0.0,0.0,0.0,0.0,0.0,,,,Aston Villa,FWD,5.5,0,0,0,0
160,Alejandro,Garnacho Ferreyra,Garnacho,2,3,60,0.5,2417,11970,1,1.0,4,0,0,0,0,0,0,0,0,2,0.0,0.0,0.0,0.0,0.5,0.1,0.2,,,,Aston Villa,MID,6.0,0,0,0,0
166,Nicolas,Jackson,N.Jackson,2,4,65,0.5,15294,9567,0,0.0,0,0,0,0,0,0,0,0,0,0,0.0,0.0,0.0,0.0,0.0,0.0,0.0,,,,Aston Villa,FWD,6.5,0,0,0,0
582,Brian,Madjo,Madjo,2,4,55,0.4,1320,10379,0,0.0,0,0,0,0,0,0,0,0,0,0,0.0,0.0,0.0,0.0,0.0,0.0,0.0,,,,Aston Villa,FWD,5.5,0,0,0,0
596,Matteo,Ruggeri,Ruggeri,2,2,45,0.1,990,1218,1,1.0,8,0,0,0,0,0,0,0,0,3,4.0,0.0,0.0,0.4,0.5,0.1,0.2,,,,Aston Villa,DEF,4.5,0,0,0,0
597,Zion,Suzuki,Suzuki,2,1,50,0.8,5376,7641,0,0.0,0,0,0,0,0,0,0,0,0,0,0.0,0.0,0.0,0.0,0.0,0.0,0.0,,,,Aston Villa,GK,5.0,0,0,0,0
606,Triston,Rowe,Rowe,2,2,40,0.1,2238,406,0,0.0,0,0,0,0,0,0,0,0,0,0,0.0,0.0,0.0,0.0,0.0,0.0,0.0,,,,Aston Villa,DEF,4.0,0,0,0,0
607,Luka,Lynch,Lynch,2,3,45,0.1,4205,1084,0,0.0,0,0,0,0,0,0,0,0,0,0,0.0,0.0,0.0,0.0,0.0,0.0,0.0,,,,Aston Villa,MID,4.5,0,0,0,0
611,Aaron,Wan-Bissaka,Wan-Bissaka,2,2,45,0.1,2423,311,0,0.0,0,0,0,0,0,0,0,0,0,0,0.0,0.0,0.0,0.0,0.0,0.0,0.0,,,,Aston Villa,DEF,4.5,0,0,0,0
618,Leon,Goretzka,Goretzka,2,3,60,0.0,916,70,0,0.0,0,0,0,0,0,0,0,0,0,0,0.0,0.0,0.0,0.0,0.0,0.0,0.0,,,,Aston Villa,MID,6.0,0,0,0,0
57,Đorđe,Petrović,Petrović,3,1,45,3.3,29337,16550,5,2.5,180,0,0,0,3,0,0,9,0,33,36.8,0.0,0.0,3.7,2.5,0.6,1.1,,,,Bournemouth,GK,4.5,0,0,0,0
58,Fraser,Forster,Forster,3,1,40,3.2,12543,12230,0,0.0,0,0,0,0,0,0,0,0,0,0,0.0,0.0,0.0,0.0,0.0,0.0,0.0,,,,Bournemouth,GK,4.0,0,0,0,0
59,Will,Dennis,Dennis,3,1,40,0.2,1133,2130,0,0.0,0,0,0,0,0,0,0,0,0,0,0.0,0.0,0.0,0.0,0.0,0.0,0.0,,,,Bournemouth,GK,4.0,0,0,0,0
60,James,Hill,Hill,3,2,55,0.9,10140,7847,5,2.5,180,0,0,0,3,0,0,0,0,19,11.6,0.3,0.0,1.2,2.5,0.5,0.9,,,,Bournemouth,DEF,5.5,0,0,0,0
61,Adrien,Truffert,Truffert,3,2,55,4.2,22668,29631,5,2.5,180,0,0,0,3,0,0,0,2,27,15.4,1.3,0.0,1.7,2.5,0.5,0.9,,,,Bournemouth,DEF,5.5,0,0,0,0
62,Bafodé,Diakité,Diakité,3,2,50,0.2,3059,2776,0,0.0,0,0,0,0,0,0,0,0,0,0,0.0,0.0,0.0,0.0,0.0,0.0,0.0,,,,Bournemouth,DEF,5.0,0,0,0,0
63,Veljko,Milosavljevic,Milosavljević,3,2,50,0.0,88,332,0,0.0,0,0,0,0,0,0,0,0,0,0,0.0,0.0,0.0,0.0,0.0,0.0,0.0,,,,Bournemouth,DEF,5.0,0,0,0,0
64,Adam,Smith,Smith,3,2,45,0.1,3084,1189,2,1.0,180,0,0,0,3,1,0,0,0,9,7.0,0.6,0.0,0.8,1.0,0.2,0.4,,,,Bournemouth,DEF,4.5,0,0,0,0
65,Julián,Araujo Zúñiga,J.Araujo,3,2,45,0.0,106,585,0,0.0,0,0,0,0,0,0,0,0,0,0,0.0,0.0,0.0,0.0,0.0,0.0,0.0,,,,Bournemouth,DEF,4.5,0,0,0,0
66,Julio,Soler Barreto,Soler,3,2,40,0.2,641,2719,0,0.0,0,0,0,0,0,0,0,0,0,0,0.0,0.0,0.0,0.0,0.0,0.0,0.0,,,,Bournemouth,DEF,4.0,0,0,0,0
67,Rayan Vitor,Simplício Rocha,Rayan,3,3,65,2.7,25645,28687,4,2.0,178,0,0,0,2,0,0,0,0,13,6.2,11.3,17.0,3.5,2.0,0.3,0.6,,,,Bournemouth,MID,6.5,0,0,0,0
68,Marcus,Tavernier,Tavernier,3,3,60,2.6,94320,16292,13,6.5,180,1,0,0,3,1,0,0,3,52,40.0,17.2,18.0,7.5,6.5,1.1,2.2,1.0,1.0,3.0,Bournemouth,MID,6.0,1,1,0,1
69,Alex,Scott,Scott,3,3,60,1.5,13739,15008,14,7.0,176,1,0,1,2,1,0,0,3,56,11.4,4.8,0.0,1.6,7.0,1.2,2.3,2.0,4.0,,Bournemouth,MID,6.0,0,0,0,0
70,Justin,Kluivert,Kluivert,3,3,60,1.2,18037,12044,6,3.0,154,0,0,2,0,0,0,0,0,27,11.0,14.3,17.0,4.2,3.0,0.5,1.0,3.0,2.0,2.0,Bournemouth,MID,6.0,0,0,0,0
71,Lewis,Cook,Cook,3,3,50,0.2,4001,2036,6,3.0,143,0,0,2,0,0,0,0,0,21,4.6,2.1,0.0,0.7,3.0,0.6,1.2,5.0,,,Bournemouth,MID,5.0,0,0,0,0
72,Ben,Gannon-Doak,Gannon-Doak,3,3,50,0.1,436,1008,1,1.0,1,0,0,0,1,0,0,0,0,3,0.2,0.1,2.0,0.2,0.5,0.1,0.2,,,,Bournemouth,MID,5.0,0,0,0,0
73,Tyler,Adams,Adams,3,3,50,0.2,3861,3458,2,1.0,36,0,0,0,3,0,0,0,0,8,3.6,0.6,0.0,0.4,1.0,0.2,0.4,,,,Bournemouth,MID,5.0,0,0,0,0
74,David,Brooks,Brooks,3,3,50,0.1,755,810,1,1.0,9,0,0,0,1,0,0,0,0,3,0.0,0.0,0.0,0.0,0.5,0.1,0.2,4.0,3.0,,Bournemouth,MID,5.0,0,0,0,0
75,Ryan,Christie,Christie,3,3,50,0.0,706,265,1,1.0,3,0,0,0,1,0,0,0,0,5,0.0,0.0,0.0,0.0,0.5,0.1,0.2,6.0,,,Bournemouth,MID,5.0,0,0,0,0
76,Alex,Tóth,Tóth.A,3,3,50,0.0,121,184,1,1.0,15,0,0,0,2,0,0,0,0,5,2.8,0.6,0.0,0.3,0.5,0.1,0.2,,,,Bournemouth,MID,5.0,0,0,0,0
77,Amine,Adli,Adli,3,3,50,0.0,61,1092,0,0.0,0,0,0,0,0,0,0,0,0,0,0.0,0.0,0.0,0.0,0.0,0.0,0.0,,,,Bournemouth,MID,5.0,0,0,0,0
78,Junior,Kroupi,Kroupi.Jr,3,3,75,0.3,520,15186,0,0.0,0,0,0,0,0,0,0,0,0,0,0.0,0.0,0.0,0.0,0.0,0.0,0.0,,,1.0,Bournemouth,MID,7.5,0,0,1,1
79,Francisco Evanilson,de Lima Barbosa,Evanilson,3,4,60,3.1,84493,23065,9,4.5,154,0,2,2,0,1,0,0,0,28,19.4,11.9,2.0,3.3,4.5,0.8,1.5,,,,Bournemouth,FWD,6.0,0,0,0,0
80,Enes,Ünal,Enes Ünal,3,4,55,0.0,0,1183,0,0.0,0,0,0,0,0,0,0,0,0,0,0.0,0.0,0.0,0.0,0.0,0.0,0.0,,,,Bournemouth,FWD,5.5,0,0,0,0
81,Álvaro,Rodríguez,Rodríguez,3,4,60,0.1,1249,1413,1,1.0,9,0,0,0,1,0,0,0,0,4,0.0,0.0,0.0,0.0,0.5,0.1,0.2,,,,Bournemouth,FWD,6.0,0,0,0,0
566,António João,Pereira de Albuquerque Tavares da Silva,Silva,3,2,50,0.4,7998,2603,6,3.0,180,0,0,0,3,1,0,0,0,16,31.4,0.3,0.0,3.2,3.0,0.6,1.2,,,,Bournemouth,DEF,5.0,0,0,0,0
573,Juanlu,Sánchez,Sanchez,3,2,45,0.2,510,1722,0,0.0,0,0,0,0,0,0,0,0,0,0,0.0,0.0,0.0,0.0,0.0,0.0,0.0,,,,Bournemouth,DEF,4.5,0,0,0,0
608,Daniel,Jebbison,Jebbison,3,4,50,0.1,3114,626,1,1.0,15,0,0,0,2,0,0,0,0,6,3.4,0.8,17.0,2.1,0.5,0.1,0.2,,,,Bournemouth,FWD,5.0,0,0,0,0
615,Michele,Di Gregorio,Di Gregorio,3,1,45,0.0,459,83,0,0.0,0,0,0,0,0,0,0,0,0,0,0.0,0.0,0.0,0.0,0.0,0.0,0.0,,,,Bournemouth,GK,4.5,0,0,0,0
82,Caoimhín,Kelleher,Kelleher,4,1,50,6.6,85076,23273,7,7.0,90,0,0,1,0,0,0,4,0,34,31.4,0.0,0.0,3.1,3.5,0.7,1.4,,,,Brentford,GK,5.0,0,0,0,0
83,Hákon Rafn,Valdimarsson,Valdimarsson,4,1,45,0.1,738,996,0,0.0,0,0,0,0,0,0,0,0,0,0,0.0,0.0,0.0,0.0,0.0,0.0,0.0,,,,Brentford,GK,4.5,0,0,0,0
84,Nathan,Collins,Collins,4,2,55,2.1,28105,10960,6,6.0,90,0,0,1,0,0,0,0,0,21,11.6,21.5,17.0,5.0,3.0,0.5,1.1,,,,Brentford,DEF,5.5,0,0,0,0
85,Sepp,van den Berg,Van den Berg,4,2,50,0.1,165,4592,0,0.0,0,0,0,0,0,0,0,0,0,0,0.0,0.0,0.0,0.0,0.0,0.0,0.0,,,,Brentford,DEF,5.0,0,0,0,0
86,Keane,Lewis-Potter,Lewis-Potter,4,3,55,1.2,58427,8245,10,10.0,90,1,0,1,0,0,0,0,2,37,47.2,15.9,19.0,8.2,5.0,0.9,1.8,,1.0,,Brentford,MID,5.5,0,1,0,1
87,Kristoffer,Ajer,Ajer,4,2,45,4.2,80957,17193,8,8.0,90,0,0,1,0,0,0,0,0,29,20.0,0.9,35.0,5.6,4.0,0.9,1.8,,,,Brentford,DEF,4.5,0,0,0,0
88,Michael,Kayode,Kayode,4,2,46,8.2,332941,25378,13,13.0,75,1,0,1,0,0,0,0,1,36,33.8,1.5,46.0,8.1,6.5,1.4,2.8,,,,Brentford,DEF,4.6,0,0,0,0
89,Rico,Henry,Henry,4,2,45,0.2,618,2323,0,0.0,0,0,0,0,0,0,0,0,0,0,0.0,0.0,0.0,0.0,0.0,0.0,0.0,,,,Brentford,DEF,4.5,0,0,0,0
90,Aaron,Hickey,Hickey,4,2,45,0.1,728,625,1,1.0,14,0,0,0,0,0,0,0,0,2,0.0,0.3,0.0,0.0,0.5,0.1,0.2,,,,Brentford,DEF,4.5,0,0,0,0
92,Kim,Ji-soo,Ji-soo,4,2,45,0.0,135,227,0,0.0,0,0,0,0,0,0,0,0,0,0,0.0,0.0,0.0,0.0,0.0,0.0,0.0,,,,Brentford,DEF,4.5,0,0,0,0
93,Jannik,Schuster,Schuster,4,2,45,0.2,157,1311,0,0.0,0,0,0,0,0,0,0,0,0,0,0.0,0.0,0.0,0.0,0.0,0.0,0.0,,,,Brentford,DEF,4.5,0,0,0,0
94,Kevin,Schade,Schade,4,3,60,3.4,28038,31167,3,3.0,90,0,0,1,0,0,0,0,0,17,14.4,11.8,59.0,8.5,1.5,0.2,0.5,,,2.0,Brentford,MID,6.0,0,0,0,0
95,Dango,Ouattara,O.Dango,4,3,65,1.1,8123,12952,3,3.0,66,0,0,1,0,0,0,0,0,6,1.0,30.8,15.0,4.7,1.5,0.2,0.5,2.0,,,Brentford,MID,6.5,0,0,0,0
96,Mikkel,Damsgaard,Damsgaard,4,3,55,0.5,2675,8362,1,1.0,14,0,0,0,0,0,0,0,0,6,7.6,26.3,0.0,3.4,0.5,0.1,0.2,3.0,3.0,,Brentford,MID,5.5,0,0,0,0
97,Mathias,Jensen,Jensen,4,3,55,0.2,4240,1572,6,6.0,66,0,1,1,0,0,0,0,0,22,12.6,46.2,13.0,7.2,3.0,0.5,1.1,1.0,2.0,3.0,Brentford,MID,5.5,1,0,0,1
98,Vitaly,Janelt,Janelt,4,3,50,0.5,39939,5297,9,9.0,90,1,0,1,0,1,0,0,0,35,53.2,38.8,24.0,11.6,4.5,0.9,1.8,4.0,,,Brentford,MID,5.0,0,0,0,0
99,Antoni,Milambo,Milambo,4,3,50,0.0,34,54,0,0.0,0,0,0,0,0,0,0,0,0,0,0.0,0.0,0.0,0.0,0.0,0.0,0.0,,,,Brentford,MID,5.0,0,0,0,0
100,Fábio,Freitas Gouveia Carvalho,Carvalho,4,3,50,0.0,232,290,0,0.0,0,0,0,0,0,0,0,0,0,0,0.0,0.0,0.0,0.0,0.0,0.0,0.0,,,,Brentford,MID,5.0,0,0,0,0
102,Yehor,Yarmoliuk,Yarmoliuk,4,3,50,1.1,882,14805,1,1.0,23,0,0,0,0,0,0,0,0,7,2.2,0.8,3.0,0.6,0.5,0.1,0.2,,,,Brentford,MID,5.0,0,0,0,0
103,Josh,Dasilva,Dasilva,4,3,50,0.0,187,416,0,0.0,0,0,0,0,0,0,0,0,0,0,0.0,0.0,0.0,0.0,0.0,0.0,0.0,,,,Brentford,MID,5.0,0,0,0,0
105,Jaidon,Anthony,Anthony,4,3,60,0.2,2228,2724,1,1.0,23,0,0,0,0,0,0,0,0,9,10.6,34.9,1.0,4.7,0.5,0.1,0.2,,,,Brentford,MID,6.0,0,0,0,0
106,Igor Thiago,Nascimento Rodrigues,Thiago,4,4,80,16.2,100601,169536,0,0.0,82,0,0,1,0,0,0,0,0,-3,2.2,4.0,8.0,1.4,0.0,0.0,0.0,,,1.0,Brentford,FWD,8.0,0,0,1,1
107,Kaye,Furo,Furo,4,4,45,0.9,10338,9630,0,0.0,0,0,0,0,0,0,0,0,0,0,0.0,0.0,0.0,0.0,0.0,0.0,0.0,,,,Brentford,FWD,4.5,0,0,0,0
108,Callum,Wilson,Wilson,4,4,55,0.4,5129,5478,1,1.0,7,0,0,0,0,0,0,0,0,4,2.2,10.3,5.0,1.8,0.5,0.1,0.2,,,,Brentford,FWD,5.5,0,0,0,0
565,Mamadou,Sangaré,M.Sangaré,4,3,56,9.7,491337,30526,14,14.0,75,0,2,1,0,0,0,0,3,41,31.6,21.8,21.0,7.4,7.0,1.3,2.5,,,,Brentford,MID,5.6,0,0,0,0
620,El Hadji Malick,Diouf,Diouf,4,2,45,0.0,3195,378,0,0.0,0,0,0,0,0,0,0,0,0,0,0.0,0.0,0.0,0.0,0.0,0.0,0.0,,,,Brentford,DEF,4.5,0,0,0,0
109,Bart,Verbruggen,Verbruggen,5,1,45,21.5,108371,55439,6,6.0,90,0,0,1,0,0,0,0,0,25,6.6,0.0,0.0,0.7,3.0,0.7,1.3,,,,Brighton,GK,4.5,0,0,0,0
111,Jason,Steele,Steele,5,1,40,4.0,14698,15980,0,0.0,0,0,0,0,0,0,0,0,0,0,0.0,0.0,0.0,0.0,0.0,0.0,0.0,,,,Brighton,GK,4.0,0,0,0,0
113,Ferdi,Kadıoğlu,F.Kadıoğlu,5,2,44,2.2,3682,54540,0,0.0,0,0,0,0,0,0,0,0,0,0,0.0,0.0,0.0,0.0,0.0,0.0,0.0,3.0,,,Brighton,DEF,4.4,0,0,0,0
114,Olivier,Boscagli,Boscagli,5,2,45,0.3,5242,1871,6,6.0,90,0,0,1,0,0,0,0,0,29,15.2,7.3,6.0,2.9,3.0,0.7,1.3,,,,Brighton,DEF,4.5,0,0,0,0
115,Maxim,De Cuyper,De Cuyper,5,2,46,9.8,590862,25042,17,17.0,77,1,1,1,0,0,0,0,2,46,40.6,45.3,43.0,12.9,8.5,1.8,3.7,2.0,4.0,,Brighton,DEF,4.6,0,0,0,0
116,Lewis,Dunk,Dunk,5,2,45,1.2,16336,6051,6,6.0,90,0,0,1,0,0,0,0,0,24,13.4,6.4,0.0,2.0,3.0,0.7,1.3,,3.0,,Brighton,DEF,4.5,0,0,0,0
117,Diego,Coppola,Coppola,5,2,45,0.0,229,245,0,0.0,0,0,0,0,0,0,0,0,0,0,0.0,0.0,0.0,0.0,0.0,0.0,0.0,,,,Brighton,DEF,4.5,0,0,0,0
118,Igor Julio,dos Santos de Paulo,Igor,5,2,45,0.1,565,961,0,0.0,0,0,0,0,0,0,0,0,0,0,0.0,0.0,0.0,0.0,0.0,0.0,0.0,,,,Brighton,DEF,4.5,0,0,0,0
119,João Pedro,Loureiro da Costa,Costinha,5,2,45,0.0,320,267,1,1.0,26,0,0,0,0,0,0,0,0,7,8.2,1.9,18.0,2.8,0.5,0.1,0.2,,,,Brighton,DEF,4.5,0,0,0,0
120,Michael,Svoboda,Svoboda,5,2,50,0.1,883,769,0,0.0,0,0,0,0,0,0,0,0,0,0,0.0,0.0,0.0,0.0,0.0,0.0,0.0,,,,Brighton,DEF,5.0,0,0,0,0
121,Mitoma,Kaoru,Mitoma,5,3,60,0.0,184,1415,0,0.0,0,0,0,0,0,0,0,0,0,0,0.0,0.0,0.0,0.0,0.0,0.0,0.0,,,,Brighton,MID,6.0,0,0,0,0
122,Yankuba,Minteh,Minteh,5,3,59,0.1,155,3907,0,0.0,0,0,0,0,0,0,0,0,0,0,0.0,0.0,0.0,0.0,0.0,0.0,0.0,5.0,,,Brighton,MID,5.9,0,0,0,0
123,Jack,Hinshelwood,Hinshelwood,5,3,60,2.1,141858,58600,16,16.0,63,2,0,1,0,0,0,0,3,54,72.8,13.4,59.0,14.5,8.0,1.3,2.7,,,,Brighton,MID,6.0,0,0,0,0
124,Pascal,Groß,Groß,5,3,55,12.6,30819,119282,2,2.0,90,0,0,1,0,1,0,0,0,18,21.0,56.9,8.0,8.6,1.0,0.2,0.4,1.0,1.0,1.0,Brighton,MID,5.5,1,1,1,1
125,Georginio,Rutter,Georginio,5,4,55,1.0,25344,17932,5,5.0,90,0,1,1,0,0,0,0,0,22,19.8,11.4,15.0,4.6,2.5,0.5,0.9,,,,Brighton,FWD,5.5,0,0,0,0
126,Matt,O'Riley,O'Riley,5,3,55,0.1,804,1549,0,0.0,0,0,0,0,0,0,0,0,0,0,0.0,0.0,0.0,0.0,0.0,0.0,0.0,,,3.0,Brighton,MID,5.5,0,0,0,0
127,Diego,Gómez Amarilla,Gomez,5,3,50,3.9,31236,20890,6,6.0,85,0,1,1,0,0,0,0,0,27,33.0,25.1,41.0,9.9,3.0,0.6,1.2,,5.0,,Brighton,MID,5.0,0,0,0,0
128,Facundo,Buonanotte,Buonanotte,5,3,50,0.0,0,191,0,0.0,0,0,0,0,0,0,0,0,0,0,0.0,0.0,0.0,0.0,0.0,0.0,0.0,,,,Brighton,MID,5.0,0,0,0,0
129,Yasin,Ayari,Ayari,5,3,55,0.6,4104,8710,2,2.0,63,0,0,1,0,1,0,0,0,8,0.0,15.0,6.0,1.7,1.0,0.2,0.4,4.0,2.0,,Brighton,MID,5.5,0,0,0,0
130,Mats,Wieffer,Wieffer,5,2,50,0.5,15882,3600,7,7.0,77,0,0,1,0,0,0,0,1,32,16.6,26.3,6.0,4.9,3.5,0.7,1.4,,,,Brighton,DEF,5.0,0,0,0,0
132,Harry,Howell,Howell,5,3,45,0.1,0,1719,0,0.0,0,0,0,0,0,0,0,0,0,0,0.0,0.0,0.0,0.0,0.0,0.0,0.0,,,,Brighton,MID,4.5,0,0,0,0
133,Tom,Watson,Watson,5,3,50,0.0,0,61,0,0.0,0,0,0,0,0,0,0,0,0,0,0.0,0.0,0.0,0.0,0.0,0.0,0.0,,,,Brighton,MID,5.0,0,0,0,0
134,Nehemiah,Oriola,Oriola,5,3,45,0.3,2082,3129,0,0.0,0,0,0,0,0,0,0,0,0,0,0.0,0.0,0.0,0.0,0.0,0.0,0.0,,,,Brighton,MID,4.5,0,0,0,0
135,Zadok,Yohanna,Yohanna,5,3,50,0.1,432,1017,1,1.0,12,0,0,0,0,0,0,0,0,3,0.2,1.3,0.0,0.2,0.5,0.1,0.2,,,,Brighton,MID,5.0,0,0,0,0
137,Stefanos,Tzimas,Tzimas,5,4,55,0.0,91,286,0,0.0,0,0,0,0,0,0,0,0,0,0,0.0,0.0,0.0,0.0,0.0,0.0,0.0,,,,Brighton,FWD,5.5,0,0,0,0
138,Charalampos,Kostoulas,Kostoulas,5,4,55,0.2,1921,2458,1,1.0,26,0,0,0,0,0,0,0,0,-1,0.0,0.4,10.0,0.9,0.5,0.1,0.2,,,,Brighton,FWD,5.5,0,0,0,0
139,Evan,Ferguson,Ferguson,5,4,50,0.0,424,750,0,0.0,0,0,0,0,0,0,0,0,0,0,0.0,0.0,0.0,0.0,0.0,0.0,0.0,,,,Brighton,FWD,5.0,0,0,0,0
328,Pascal,Struijk,Struijk,5,2,50,0.2,1646,2825,0,0.0,0,0,0,0,0,0,0,0,0,0,0.0,0.0,0.0,0.0,0.0,0.0,0.0,,,,Brighton,DEF,5.0,0,0,0,0
504,Luka,Vušković,Vuskovic,5,2,50,2.5,25322,14532,6,6.0,90,0,0,1,0,0,0,0,0,19,12.4,4.5,12.0,2.9,3.0,0.6,1.2,,,,Brighton,DEF,5.0,0,0,0,0
594,Promise,David,David,5,4,60,0.3,3131,4701,0,0.0,0,0,0,0,0,0,0,0,0,0,0.0,0.0,0.0,0.0,0.0,0.0,0.0,,,2.0,Brighton,FWD,6.0,0,0,0,0
600,Ibrahim,Osman,Osman,5,3,50,0.0,250,166,1,1.0,12,0,0,0,0,0,0,0,0,7,4.2,15.4,4.0,2.4,0.5,0.1,0.2,,,,Brighton,MID,5.0,0,0,0,0
605,Malick,Yalcouyé,Yalcouyé,5,3,45,0.1,5264,1238,1,1.0,4,0,0,0,0,0,0,0,0,3,0.6,2.7,0.0,0.3,0.5,0.1,0.2,,,,Brighton,MID,4.5,0,0,0,0
614,Jaouen,Hadjam,Hadjam,5,2,45,0.0,1503,91,0,0.0,0,0,0,0,0,0,0,0,0,0,0.0,0.0,0.0,0.0,0.0,0.0,0.0,,,,Brighton,DEF,4.5,0,0,0,0
40,Morgan,Rogers,Rogers,6,3,75,26.1,279611,99567,8,8.0,81,1,0,0,2,0,0,0,1,37,48.8,53.5,29.0,13.1,4.0,0.5,1.1,4.0,,,Chelsea,MID,7.5,0,0,0,0
101,Jordan,Henderson,Henderson,6,3,50,0.0,260,807,0,0.0,0,0,0,0,0,0,0,0,0,0,0.0,0.0,0.0,0.0,0.0,0.0,0.0,,,,Chelsea,MID,5.0,0,0,0,0
136,Danny,Welbeck,Welbeck,6,4,60,1.0,5016,24454,0,0.0,0,0,0,0,0,0,0,0,0,0,0.0,0.0,0.0,0.0,0.0,0.0,0.0,,,,Chelsea,FWD,6.0,0,0,0,0
140,Robert,Lynch Sánchez,Sánchez,6,1,50,2.1,9663,31784,2,2.0,90,0,0,0,2,0,0,4,0,6,21.4,0.0,0.0,2.1,1.0,0.2,0.4,,,,Chelsea,GK,5.0,0,0,0,0
141,Filip,Jörgensen,Jörgensen,6,1,50,0.0,0,544,0,0.0,0,0,0,0,0,0,0,0,0,0,0.0,0.0,0.0,0.0,0.0,0.0,0.0,,,,Chelsea,GK,5.0,0,0,0,0
142,Reece,James,James,6,2,55,9.9,70021,93707,0,0.0,90,0,0,0,2,1,0,0,0,5,23.4,16.8,19.0,5.9,0.0,0.0,0.0,1.0,1.0,,Chelsea,DEF,5.5,1,1,0,1
143,Trevoh,Chalobah,Chalobah,6,2,55,0.1,0,8798,0,0.0,0,0,0,0,0,0,0,0,0,0,0.0,0.0,0.0,0.0,0.0,0.0,0.0,,,,Chelsea,DEF,5.5,0,0,0,0
144,Malo,Gusto,Gusto,6,2,50,1.2,14981,12644,1,1.0,75,0,0,0,2,0,0,0,0,2,7.2,9.8,6.0,2.3,0.5,0.1,0.2,,,,Chelsea,DEF,5.0,0,0,0,0
145,Wesley,Fofana,Fofana,6,2,50,0.0,1068,341,0,0.0,0,0,0,0,0,0,0,0,0,0,0.0,0.0,0.0,0.0,0.0,0.0,0.0,,,,Chelsea,DEF,5.0,0,0,0,0
146,Benoît,Badiashile Mukinayi,B.Badiashile,6,2,45,0.0,232,992,0,0.0,0,0,0,0,0,0,0,0,0,0,0.0,0.0,0.0,0.0,0.0,0.0,0.0,,,,Chelsea,DEF,4.5,0,0,0,0
147,Tosin,Adarabioyo,Tosin,6,2,45,0.2,295,2316,0,0.0,0,0,0,0,0,0,0,0,0,0,0.0,0.0,0.0,0.0,0.0,0.0,0.0,,,,Chelsea,DEF,4.5,0,0,0,0
148,Jorrel,Hato,Hato,6,2,45,0.5,4878,5126,1,1.0,64,0,0,0,2,0,0,0,0,5,8.4,12.3,11.0,3.2,0.5,0.1,0.2,,,,Chelsea,DEF,4.5,0,0,0,0
149,Levi,Samuels Colwill,Colwill,6,2,50,1.5,11811,20382,0,0.0,90,0,0,0,2,1,0,0,0,6,6.0,1.6,7.0,1.5,0.0,0.0,0.0,,,,Chelsea,DEF,5.0,0,0,0,0
150,Mamadou,Sarr,M.Sarr,6,2,45,0.1,429,1766,0,0.0,0,0,0,0,0,0,0,0,0,0,0.0,0.0,0.0,0.0,0.0,0.0,0.0,,,,Chelsea,DEF,4.5,0,0,0,0
151,Josh,Acheampong,Acheampong,6,2,45,0.4,9484,3752,3,3.0,90,0,0,0,2,0,0,0,0,13,33.2,2.2,2.0,3.7,1.5,0.3,0.7,,,,Chelsea,DEF,4.5,0,0,0,0
152,Marco,Palestra,Palestra,6,2,55,2.0,5127,79861,0,0.0,0,0,0,0,0,0,0,0,0,0,0.0,0.0,0.0,0.0,0.0,0.0,0.0,,,,Chelsea,DEF,5.5,0,0,0,0
154,Cole,Palmer,Palmer,6,3,96,17.0,436602,42444,13,13.0,82,1,1,0,2,0,0,0,3,60,65.2,41.3,54.0,16.1,6.5,0.7,1.4,,3.0,1.0,Chelsea,MID,9.6,0,0,1,1
155,Enzo,Fernández,Enzo,6,3,70,4.2,16317,103670,1,1.0,25,0,0,0,0,0,0,0,0,6,3.4,12.0,0.0,1.5,0.5,0.1,0.1,3.0,2.0,2.0,Chelsea,MID,7.0,0,0,0,0
156,Pedro,Lomba Neto,Neto,6,3,65,1.2,6334,26538,1,1.0,14,0,0,0,0,0,0,0,0,9,5.2,4.1,4.0,1.3,0.5,0.1,0.2,2.0,4.0,,Chelsea,MID,6.5,0,0,0,0
157,Estêvão,Almeida de Oliveira Gonçalves,Estêvão,6,3,65,1.1,6475,27181,1,1.0,7,0,0,0,0,0,0,0,0,3,0.2,0.4,0.0,0.1,0.5,0.1,0.2,5.0,,3.0,Chelsea,MID,6.5,0,0,0,0
158,Jamie,Bynoe-Gittens,Gittens,6,3,60,0.0,322,866,0,0.0,0,0,0,0,0,0,0,0,0,0,0.0,0.0,0.0,0.0,0.0,0.0,0.0,,,,Chelsea,MID,6.0,0,0,0,0
159,Moisés,Caicedo Corozo,Caicedo,6,3,55,2.7,9927,113150,0,0.0,0,0,0,0,0,0,0,0,0,0,0.0,0.0,0.0,0.0,0.0,0.0,0.0,,,,Chelsea,MID,5.5,0,0,0,0
161,Roméo,Lavia,Lavia,6,3,50,0.1,1376,1056,1,1.0,64,0,0,0,2,1,0,0,0,8,13.6,21.9,33.0,6.9,0.5,0.1,0.2,,,,Chelsea,MID,5.0,0,0,0,0
163,Dário,Luís Essugo,D.Essugo,6,3,45,0.2,1530,3254,0,0.0,0,0,0,0,0,0,0,0,0,0,0.0,0.0,0.0,0.0,0.0,0.0,0.0,,,,Chelsea,MID,4.5,0,0,0,0
164,Geovany,Quenda,Quenda,6,3,55,0.0,278,959,1,1.0,8,0,0,0,0,0,0,0,0,2,1.2,0.3,2.0,0.4,0.5,0.1,0.2,,,,Chelsea,MID,5.5,0,0,0,0
165,João Pedro,Junqueira de Jesus,João Pedro,6,4,76,68.5,442938,41969,11,11.0,90,1,1,0,2,0,0,0,2,45,51.2,23.0,37.0,11.1,5.5,0.7,1.4,,,,Chelsea,FWD,7.6,0,0,0,0
168,Marc,Guiu Paz,Marc Guiu,6,4,50,0.4,2668,7081,0,0.0,0,0,0,0,0,0,0,0,0,0,0.0,0.0,0.0,0.0,0.0,0.0,0.0,,,,Chelsea,FWD,5.0,0,0,0,0
169,Shumaira,Mheuka,Mheuka,6,4,45,0.4,3663,5030,0,0.0,0,0,0,0,0,0,0,0,0,0,0.0,0.0,0.0,0.0,0.0,0.0,0.0,,,,Chelsea,FWD,4.5,0,0,0,0
170,Emmanuel,Emegha,Emegha,6,4,50,0.1,1770,2747,0,0.0,0,0,0,0,0,0,0,0,0,0,0.0,0.0,0.0,0.0,0.0,0.0,0.0,,,,Chelsea,FWD,5.0,0,0,0,0
200,Maxence,Lacroix,Lacroix,6,2,60,9.5,72489,53631,6,6.0,90,0,1,0,2,0,0,0,0,25,44.2,11.2,2.0,5.7,3.0,0.5,1.0,,,,Chelsea,DEF,6.0,0,0,0,0
560,Mike,Penders,Penders,6,1,45,0.1,470,893,0,0.0,0,0,0,0,0,0,0,0,0,0,0.0,0.0,0.0,0.0,0.0,0.0,0.0,,,,Chelsea,GK,4.5,0,0,0,0
561,Aaron,Anselmino,Anselmino,6,2,45,0.0,146,470,0,0.0,0,0,0,0,0,0,0,0,0,0,0.0,0.0,0.0,0.0,0.0,0.0,0.0,,,,Chelsea,DEF,4.5,0,0,0,0
568,Valentín,Barco,Barco,6,3,55,0.1,801,1882,0,0.0,0,0,0,0,0,0,0,0,0,0,0.0,0.0,0.0,0.0,0.0,0.0,0.0,,,,Chelsea,MID,5.5,0,0,0,0
578,Mykhailo,Mudryk,Mudryk,6,3,55,0.0,277,1129,0,0.0,0,0,0,0,0,0,0,0,0,0,0.0,0.0,0.0,0.0,0.0,0.0,0.0,,,,Chelsea,MID,5.5,0,0,0,0
583,Pep,Chavarría,Chavarria,6,2,50,0.2,1218,2871,1,1.0,25,0,0,0,0,0,0,0,0,3,2.4,0.2,2.0,0.5,0.5,0.1,0.2,,,,Chelsea,DEF,5.0,0,0,0,0
91,Ethan,Pinnock,Pinnock,7,2,45,0.1,709,1117,1,1.0,12,0,0,0,1,0,0,0,0,-1,0.0,0.0,0.0,0.0,0.5,0.1,0.2,,,,Coventry City,DEF,4.5,0,0,0,0
104,Frank,Onyeka,Onyeka,7,3,50,0.2,2538,1989,2,2.0,90,0,0,0,3,0,0,0,0,8,3.6,1.6,0.0,0.5,1.0,0.2,0.4,,,,Coventry City,MID,5.0,0,0,0,0
110,Carl,Rushworth,Rushworth,7,1,45,1.2,12323,6838,3,1.5,180,0,0,0,4,0,0,3,0,10,14.2,0.0,0.0,1.4,1.5,0.3,0.7,,,,Coventry City,GK,4.5,0,0,0,0
171,Oliver,Dovin,Dovin,7,1,40,1.5,3616,7307,0,0.0,0,0,0,0,0,0,0,0,0,0,0.0,0.0,0.0,0.0,0.0,0.0,0.0,,,,Coventry City,GK,4.0,0,0,0,0
172,Ben,Wilson,Wilson,7,1,45,0.5,254,3908,0,0.0,0,0,0,0,0,0,0,0,0,0,0.0,0.0,0.0,0.0,0.0,0.0,0.0,,,,Coventry City,GK,4.5,0,0,0,0
173,Bobby,Thomas,Thomas,7,2,40,7.9,45093,29093,11,5.5,167,0,0,1,3,0,0,0,2,39,23.2,11.2,1.0,3.5,5.5,1.4,2.8,,,,Coventry City,DEF,4.0,0,0,0,0
174,Liam,Kitching,Kitching,7,2,40,0.6,600,5361,0,0.0,0,0,0,0,0,0,0,0,0,0,0.0,0.0,0.0,0.0,0.0,0.0,0.0,,,,Coventry City,DEF,4.0,0,0,0,0
175,Milan,van Ewijk,van Ewijk,7,2,40,12.9,39555,61990,3,1.5,180,0,0,0,4,0,0,0,0,7,10.6,2.0,2.0,1.5,1.5,0.4,0.8,,,,Coventry City,DEF,4.0,0,0,0,0
176,Jay,Dasilva,Dasilva,7,2,40,0.8,3455,4640,3,1.5,180,0,0,0,4,0,0,0,0,11,13.8,3.8,0.0,1.8,1.5,0.4,0.8,,,,Coventry City,DEF,4.0,0,0,0,0
177,Kaine,Kesler-Hayden,Kesler-Hayden,7,2,40,0.1,181,977,0,0.0,0,0,0,0,0,0,0,0,0,0,0.0,0.0,0.0,0.0,0.0,0.0,0.0,,,,Coventry City,DEF,4.0,0,0,0,0
178,Jake,Bidwell,Bidwell,7,2,40,0.1,540,852,0,0.0,0,0,0,0,0,0,0,0,0,0,0.0,0.0,0.0,0.0,0.0,0.0,0.0,,,,Coventry City,DEF,4.0,0,0,0,0
179,Joel,Latibeaudiere,Latibeaudiere,7,2,40,0.0,192,461,0,0.0,0,0,0,0,0,0,0,0,0,0,0.0,0.0,0.0,0.0,0.0,0.0,0.0,,,,Coventry City,DEF,4.0,0,0,0,0
180,Luke,Woolfenden,Woolfenden,7,2,40,0.2,998,2843,0,0.0,0,0,0,0,0,0,0,0,0,0,0.0,0.0,0.0,0.0,0.0,0.0,0.0,,,,Coventry City,DEF,4.0,0,0,0,0
181,Miguel,Brau,Brau,7,2,40,0.0,275,536,0,0.0,0,0,0,0,0,0,0,0,0,0,0.0,0.0,0.0,0.0,0.0,0.0,0.0,,,,Coventry City,DEF,4.0,0,0,0,0
182,Aurèle,Amenda,Amenda,7,2,40,0.8,3576,5418,2,1.0,180,0,0,0,4,1,0,0,0,4,28.8,0.8,0.0,3.0,1.0,0.2,0.5,,,,Coventry City,DEF,4.0,0,0,0,0
183,Jack,Rudoni,Rudoni,7,3,50,0.1,1389,1567,4,2.0,90,0,0,1,0,0,0,0,0,15,5.6,3.8,17.0,2.6,2.0,0.4,0.8,4.0,1.0,,Coventry City,MID,5.0,0,1,0,1
184,Matt,Grimes,Grimes,7,3,50,0.2,2392,2006,4,2.0,180,0,0,0,4,0,0,0,0,28,13.4,3.7,0.0,1.7,2.0,0.4,0.8,1.0,,3.0,Coventry City,MID,5.0,1,0,0,1
185,Tatsuhiro,Sakamoto,Sakamoto,7,3,50,0.1,164,1629,1,1.0,31,0,0,0,1,0,0,0,0,8,0.0,0.0,0.0,0.0,0.5,0.1,0.2,,,,Coventry City,MID,5.0,0,0,0,0
186,Ephron,Mason-Clark,Mason-Clark,7,3,55,0.1,551,1782,1,1.0,57,0,0,0,0,0,0,0,0,4,0.0,0.0,0.0,0.0,0.5,0.1,0.2,,,,Coventry City,MID,5.5,0,0,0,0
187,Josh,Eccles,Eccles,7,3,50,0.0,82,351,0,0.0,0,0,0,0,0,0,0,0,0,0,0.0,0.0,0.0,0.0,0.0,0.0,0.0,,,,Coventry City,MID,5.0,0,0,0,0
188,Victor,Torp,Torp,7,3,55,0.2,568,2170,2,1.0,47,0,0,0,1,0,0,0,0,10,6.8,16.4,0.0,2.3,1.0,0.2,0.4,2.0,2.0,2.0,Coventry City,MID,5.5,0,0,0,0
189,George,Shepherd,Shepherd,7,3,45,0.3,1189,3578,0,0.0,0,0,0,0,0,0,0,0,0,0,0.0,0.0,0.0,0.0,0.0,0.0,0.0,,,,Coventry City,MID,4.5,0,0,0,0
190,Loum,Tchaouna,Tchaouna,7,3,55,0.2,2800,1750,3,1.5,139,0,0,0,3,0,0,0,0,18,1.8,6.0,3.0,1.1,1.5,0.3,0.5,,,,Coventry City,MID,5.5,0,0,0,0
191,Raphael,Borges Rodrigues,Borges Rodrigues,7,3,45,0.2,895,2143,0,0.0,0,0,0,0,0,0,0,0,0,0,0.0,0.0,0.0,0.0,0.0,0.0,0.0,,,,Coventry City,MID,4.5,0,0,0,0
192,Kai,Andrews,Andrews,7,3,45,0.6,2718,10565,0,0.0,0,0,0,0,0,0,0,0,0,0,0.0,0.0,0.0,0.0,0.0,0.0,0.0,,,,Coventry City,MID,4.5,0,0,0,0
193,Haji,Wright,Wright,7,4,55,0.1,125,6056,0,0.0,0,0,0,0,0,0,0,0,0,0,0.0,0.0,0.0,0.0,0.0,0.0,0.0,,,1.0,Coventry City,FWD,5.5,0,0,1,1
194,Brandon,Thomas-Asante,Thomas-Asante,7,4,50,0.8,16883,9577,3,1.5,101,0,0,0,4,0,0,0,0,14,4.6,1.1,0.0,0.6,1.5,0.3,0.6,,,4.0,Coventry City,FWD,5.0,0,0,0,0
195,Ellis,Simms,Simms,7,4,50,1.0,22310,11970,2,2.0,69,0,0,0,3,0,0,0,0,7,2.6,12.3,2.0,1.7,1.0,0.2,0.4,,,,Coventry City,FWD,5.0,0,0,0,0
196,Jahnoah,Markelo,Markelo,7,4,50,0.0,0,646,0,0.0,0,0,0,0,0,0,0,0,0,0,0.0,0.0,0.0,0.0,0.0,0.0,0.0,,,,Coventry City,FWD,5.0,0,0,0,0
197,Norman,Bassette,Bassette,7,4,45,0.0,0,902,0,0.0,0,0,0,0,0,0,0,0,0,0,0.0,0.0,0.0,0.0,0.0,0.0,0.0,,,,Coventry City,FWD,4.5,0,0,0,0
492,Taiwo,Awoniyi,Awoniyi,7,4,55,0.8,9373,11029,3,1.5,110,0,0,0,1,0,0,0,0,10,0.0,1.4,0.0,0.1,1.5,0.3,0.5,,,5.0,Coventry City,FWD,5.5,0,0,0,0
575,Caleb,Yirenkyi,Yirenkyi,7,3,50,0.2,1108,3045,4,2.0,131,0,0,1,3,1,0,0,0,19,0.0,3.1,0.0,0.0,2.0,0.4,0.8,,,,Coventry City,MID,5.0,0,0,0,0
584,Gustavo,Hamer,Hamer,7,3,55,0.1,434,1689,2,1.0,27,0,0,0,1,0,0,0,0,5,0.4,0.3,0.0,0.1,1.0,0.2,0.4,3.0,,,Coventry City,MID,5.5,0,0,0,0
599,Sidiki,Cherif,Cherif,7,4,50,0.1,2052,1644,0,0.0,0,0,0,0,0,0,0,0,0,0,0.0,0.0,0.0,0.0,0.0,0.0,0.0,,,,Coventry City,FWD,5.0,0,0,0,0
623,Dan,Bentley,Bentley,7,1,40,0.0,41,1,0,0.0,0,0,0,0,0,0,0,0,0,0,0.0,0.0,0.0,0.0,0.0,0.0,0.0,,,,Coventry City,GK,4.0,0,0,0,0
42,Evann,Guessand,Guessand,8,3,55,0.0,602,809,2,1.0,54,0,0,0,1,0,0,0,0,6,3.2,1.8,7.0,1.2,1.0,0.2,0.4,,,,Crystal Palace,MID,5.5,0,0,0,0
153,Axel,Disasi,Disasi,8,2,45,0.1,716,980,1,1.0,16,0,0,0,1,0,0,0,0,-2,0.0,0.0,0.0,0.0,0.5,0.1,0.2,,,,Crystal Palace,DEF,4.5,0,0,0,0
198,Dean,Henderson,Henderson,8,1,50,1.8,7478,15901,3,1.5,180,0,0,0,6,0,0,7,0,18,28.2,0.0,0.0,2.8,1.5,0.3,0.6,,,,Crystal Palace,GK,5.0,0,0,0,0
199,Walter,Benítez,Benitez,8,1,45,0.1,541,1539,0,0.0,0,0,0,0,0,0,0,0,0,0,0.0,0.0,0.0,0.0,0.0,0.0,0.0,,,,Crystal Palace,GK,4.5,0,0,0,0
201,Daniel,Muñoz Mejía,Muñoz,8,2,55,7.9,17910,159694,0,0.0,54,0,0,0,2,0,0,0,0,-4,1.2,1.8,21.0,2.4,0.0,0.0,0.0,,,,Crystal Palace,DEF,5.5,0,0,0,0
202,Chris,Richards,Richards,8,2,50,0.7,4886,7936,3,1.5,180,0,0,0,6,0,0,0,0,9,42.6,0.7,0.0,4.3,1.5,0.3,0.6,,,,Crystal Palace,DEF,5.0,0,0,0,0
203,Jaydee,Canvot,Canvot,8,2,50,0.3,1037,4741,1,0.5,180,0,0,0,6,0,0,0,0,8,27.4,5.7,5.0,3.8,0.5,0.1,0.2,,,,Crystal Palace,DEF,5.0,0,0,0,0
204,Tyrick,Mitchell,Mitchell,8,2,45,5.4,7105,58558,1,0.5,180,0,0,0,6,0,0,0,0,1,11.6,13.8,2.0,2.7,0.5,0.1,0.2,,,,Crystal Palace,DEF,4.5,0,0,0,0
205,Borna,Sosa,Sosa,8,2,45,0.0,144,403,0,0.0,0,0,0,0,0,0,0,0,0,0,0.0,0.0,0.0,0.0,0.0,0.0,0.0,,,,Crystal Palace,DEF,4.5,0,0,0,0
206,Chadi,Riad Dnanou,Chadi Riad,8,2,44,0.0,358,3216,1,1.0,72,0,0,0,2,0,0,0,0,7,12.6,1.3,0.0,1.4,0.5,0.1,0.2,,,,Crystal Palace,DEF,4.4,0,0,0,0
207,Oscar,Mingueza,Mingueza,8,2,45,0.1,244,1441,1,1.0,15,0,0,0,1,0,0,0,0,1,0.0,0.0,0.0,0.0,0.5,0.1,0.2,,,,Crystal Palace,DEF,4.5,0,0,0,0
208,Ismaïla,Sarr,Sarr,8,3,64,2.1,2159,229741,0,0.0,0,0,0,0,0,0,0,0,0,0,0.0,0.0,0.0,0.0,0.0,0.0,0.0,,,2.0,Crystal Palace,MID,6.4,0,0,0,0
210,Adam,Wharton,Wharton,8,3,55,0.9,8640,9540,6,3.0,180,0,0,0,6,0,0,0,0,41,16.8,30.9,0.0,4.8,3.0,0.5,1.1,2.0,,,Crystal Palace,MID,5.5,0,0,0,0
211,Yéremy,Pino Santos,Yeremy,8,3,55,0.2,1246,2769,6,3.0,102,0,1,0,3,0,0,0,0,31,2.0,6.3,6.0,1.4,3.0,0.5,1.1,1.0,1.0,,Crystal Palace,MID,5.5,1,1,0,1
212,Will,Hughes,Hughes,8,3,45,10.6,24563,106290,0,0.0,0,0,0,0,0,0,0,0,0,0,0.0,0.0,0.0,0.0,0.0,0.0,0.0,4.0,,,Crystal Palace,MID,4.5,0,0,0,0
213,Jefferson,Lerma Solís,Lerma,8,3,50,0.1,238,1708,0,0.0,0,0,0,0,0,0,0,0,0,0,0.0,0.0,0.0,0.0,0.0,0.0,0.0,,,,Crystal Palace,MID,5.0,0,0,0,0
214,Daichi,Kamada,Kamada,8,3,50,0.3,2690,3633,5,2.5,180,0,0,0,6,1,0,0,0,46,20.4,29.3,0.0,5.0,2.5,0.5,1.0,3.0,,,Crystal Palace,MID,5.0,0,0,0,0
215,Justin,Devenny,Devenny,8,3,50,0.0,82,202,0,0.0,0,0,0,0,0,0,0,0,0,0,0.0,0.0,0.0,0.0,0.0,0.0,0.0,,2.0,3.0,Crystal Palace,MID,5.0,0,0,0,0
216,Romain,Esse,Esse,8,3,50,0.0,253,700,0,0.0,0,0,0,0,0,0,0,0,0,0,0.0,0.0,0.0,0.0,0.0,0.0,0.0,,,,Crystal Palace,MID,5.0,0,0,0,0
217,Matheus,França de Oliveira,M.França,8,3,49,0.0,208,891,0,0.0,0,0,0,0,0,0,0,0,0,0,0.0,0.0,0.0,0.0,0.0,0.0,0.0,,,,Crystal Palace,MID,4.9,0,0,0,0
218,Cheick,Doucouré,Doucouré,8,3,50,0.1,298,1269,0,0.0,0,0,0,0,0,0,0,0,0,0,0.0,0.0,0.0,0.0,0.0,0.0,0.0,,,,Crystal Palace,MID,5.0,0,0,0,0
219,Jesurun,Rak-Sakyi,J.Rak-Sakyi,8,3,50,0.0,44,102,0,0.0,0,0,0,0,0,0,0,0,0,0,0.0,0.0,0.0,0.0,0.0,0.0,0.0,,,,Crystal Palace,MID,5.0,0,0,0,0
220,Rio,Cardines,Cardines,8,2,45,0.0,0,71,0,0.0,0,0,0,0,0,0,0,0,0,0,0.0,0.0,0.0,0.0,0.0,0.0,0.0,,,,Crystal Palace,DEF,4.5,0,0,0,0
221,Joél,Drakes-Thomas,Drakes-Thomas,8,3,45,0.1,493,1152,0,0.0,0,0,0,0,0,0,0,0,0,0,0.0,0.0,0.0,0.0,0.0,0.0,0.0,,,,Crystal Palace,MID,4.5,0,0,0,0
222,Jørgen,Strand Larsen,Strand Larsen,8,4,60,0.5,3026,8876,3,1.5,89,0,0,0,3,0,0,0,0,16,1.0,3.5,17.0,2.2,1.5,0.2,0.5,,,,Crystal Palace,FWD,6.0,0,0,0,0
223,Jean-Philippe,Mateta,Mateta,8,4,65,4.5,24717,132073,2,2.0,62,0,0,0,2,0,0,0,0,-3,1.4,12.3,11.0,2.5,1.0,0.2,0.3,,,1.0,Crystal Palace,FWD,6.5,0,0,1,1
224,Eddie,Nketiah,Nketiah,8,4,55,0.5,4866,6727,3,1.5,122,0,0,0,5,0,0,0,0,20,10.4,24.5,23.0,5.8,1.5,0.3,0.5,,,,Crystal Palace,FWD,5.5,0,0,0,0
225,Christantus,Uche,Uche,8,4,50,0.0,0,0,0,0.0,0,0,0,0,0,0,0,0,0,0,0.0,0.0,0.0,0.0,0.0,0.0,0.0,,,,Crystal Palace,FWD,5.0,0,0,0,0
241,Dwight,McNeil,McNeil,8,3,55,0.2,582,2169,3,1.5,84,0,0,0,3,0,0,0,0,13,9.6,4.7,2.0,1.6,1.5,0.3,0.5,,,,Crystal Palace,MID,5.5,0,0,0,0
555,Remi,Matthews,Matthews,8,1,40,1.9,7869,7266,0,0.0,0,0,0,0,0,0,0,0,0,0,0.0,0.0,0.0,0.0,0.0,0.0,0.0,,,,Crystal Palace,GK,4.0,0,0,0,0
577,Takehiro,Tomiyasu,Tomiyasu,8,2,45,0.3,1057,3030,2,1.0,91,0,0,0,3,0,0,0,0,0,2.4,2.4,0.0,0.5,1.0,0.2,0.4,,,,Crystal Palace,DEF,4.5,0,0,0,0
588,Anan,Khalaili,Khalaili,8,2,50,0.1,862,963,3,1.5,109,0,0,0,3,1,0,0,0,21,24.0,26.5,4.0,5.5,1.5,0.3,0.6,,,,Crystal Palace,DEF,5.0,0,0,0,0
595,Zavier,Gozo,Gozo,8,3,50,0.0,130,197,1,1.0,22,0,0,0,1,0,0,0,0,3,0.0,0.0,0.0,0.0,0.5,0.1,0.2,,,,Crystal Palace,MID,5.0,0,0,0,0
21,Christian,Nørgaard,Nørgaard,9,3,50,0.1,120,3199,0,0.0,0,0,0,0,0,0,0,0,0,0,0.0,0.0,0.0,0.0,0.0,0.0,0.0,,,,Everton,MID,5.0,0,0,0,0
209,Brennan,Johnson,Johnson,9,3,60,0.2,873,2984,2,1.0,34,0,0,0,0,0,0,0,0,4,4.0,0.3,0.0,0.4,1.0,0.2,0.3,,,,Everton,MID,6.0,0,0,0,0
226,Jordan,Pickford,Pickford,9,1,55,8.9,72697,34267,10,5.0,180,0,0,1,1,0,0,8,0,56,31.8,0.0,0.0,3.2,5.0,0.9,1.8,,,,Everton,GK,5.5,0,0,0,0
227,Mark,Travers,Travers,9,1,50,0.0,327,473,0,0.0,0,0,0,0,0,0,0,0,0,0,0.0,0.0,0.0,0.0,0.0,0.0,0.0,,,,Everton,GK,5.0,0,0,0,0
228,Tom,King,King,9,1,45,0.0,281,446,0,0.0,0,0,0,0,0,0,0,0,0,0,0.0,0.0,0.0,0.0,0.0,0.0,0.0,,,,Everton,GK,4.5,0,0,0,0
229,James,Tarkowski,Tarkowski,9,2,60,8.7,57373,44907,18,9.0,180,1,0,1,1,0,0,0,2,52,15.2,0.8,4.0,2.0,9.0,1.5,3.0,,,,Everton,DEF,6.0,0,0,0,0
230,Jarrad,Branthwaite,Branthwaite,9,2,55,1.8,21391,10724,10,5.0,180,0,0,1,1,0,0,0,0,33,18.6,0.8,6.0,2.5,5.0,0.9,1.8,,,,Everton,DEF,5.5,0,0,0,0
231,Michael,Keane,Keane,9,2,50,1.3,3574,28762,0,0.0,0,0,0,0,0,0,0,0,0,0,0.0,0.0,0.0,0.0,0.0,0.0,0.0,,,,Everton,DEF,5.0,0,0,0,0
232,Jake,O'Brien,O'Brien,9,2,50,0.4,1541,8717,0,0.0,0,0,0,0,0,0,0,0,0,0,0.0,0.0,0.0,0.0,0.0,0.0,0.0,,,,Everton,DEF,5.0,0,0,0,0
233,Vitalii,Mykolenko,Mykolenko,9,2,45,1.7,25587,10655,10,5.0,180,0,0,1,1,0,0,0,0,33,12.8,13.8,2.0,2.9,5.0,1.1,2.2,,,,Everton,DEF,4.5,0,0,0,0
234,Nathan,Patterson,Patterson,9,2,45,0.0,241,410,0,0.0,0,0,0,0,0,0,0,0,0,0,0.0,0.0,0.0,0.0,0.0,0.0,0.0,,,,Everton,DEF,4.5,0,0,0,0
235,Adam,Aznou,Aznou,9,2,40,0.2,1187,1924,0,0.0,0,0,0,0,0,0,0,0,0,0,0.0,0.0,0.0,0.0,0.0,0.0,0.0,,,,Everton,DEF,4.0,0,0,0,0
236,Kiernan,Dewsbury-Hall,Dewsbury-Hall,9,3,65,4.7,142679,35395,13,6.5,180,1,0,1,1,0,0,0,3,64,42.8,28.3,27.0,9.8,6.5,1.0,2.0,2.0,,,Everton,MID,6.5,0,0,0,0
237,Iliman,Ndiaye,Ndiaye,9,3,60,15.9,137789,81814,13,6.5,180,0,1,1,1,0,0,0,1,52,40.8,39.8,48.0,12.9,6.5,1.1,2.2,,,1.0,Everton,MID,6.0,0,0,1,1
239,James,Garner,Garner,9,3,60,0.1,1968,2051,2,1.0,72,0,0,0,1,1,0,0,0,15,4.8,11.8,2.0,1.9,1.0,0.2,0.3,1.0,1.0,3.0,Everton,MID,6.0,1,1,0,1
240,Tim,Iroegbunam,Iroegbunam,9,3,50,0.0,28,383,1,1.0,3,0,0,0,0,0,0,0,0,2,0.0,0.0,0.0,0.0,0.5,0.1,0.2,,,,Everton,MID,5.0,0,0,0,0
242,Tyrique,George,George,9,3,55,0.3,2547,2965,5,2.5,144,0,0,1,1,0,0,0,0,25,7.0,23.4,25.0,5.5,2.5,0.5,0.9,,,,Everton,MID,5.5,0,0,0,0
243,Carlos,Alcaraz Durán,Alcaraz,9,3,50,0.1,867,1355,1,0.5,4,0,0,0,0,1,0,0,0,5,5.0,0.3,17.0,2.2,0.5,0.1,0.2,,,,Everton,MID,5.0,0,0,0,0
244,Harrison,Armstrong,Armstrong,9,3,50,0.3,15779,3070,10,5.0,176,0,1,1,1,0,0,0,0,39,28.8,14.7,4.0,4.8,5.0,1.0,2.0,,,,Everton,MID,5.0,0,0,0,0
245,Tyler,Dibling,Dibling,9,3,55,0.0,232,834,0,0.0,0,0,0,0,0,0,0,0,0,0,0.0,0.0,0.0,0.0,0.0,0.0,0.0,,,,Everton,MID,5.5,0,0,0,0
246,Merlin,Röhl,Röhl,9,3,50,0.1,594,745,5,2.5,176,0,0,1,1,0,0,0,0,25,13.8,13.0,2.0,2.9,2.5,0.5,1.0,,,,Everton,MID,5.0,0,0,0,0
247,Hayden,Hackney,Hackney,9,3,55,0.2,886,3988,4,2.0,106,0,0,1,0,0,0,0,0,19,8.6,12.2,5.0,2.6,2.0,0.4,0.7,3.0,,,Everton,MID,5.5,0,0,0,0
248,Norberto Bercique,Gomes Betuncal,Beto,9,4,55,2.2,8915,48764,2,1.0,31,0,0,0,0,0,0,0,0,5,0.0,0.0,2.0,0.2,1.0,0.2,0.4,,,4.0,Everton,FWD,5.5,0,0,0,0
249,Thierno,Barry,Barry,9,4,55,3.7,174970,30099,10,5.0,147,1,0,1,1,0,0,0,2,43,38.0,19.0,41.0,9.8,5.0,0.9,1.8,,,2.0,Everton,FWD,5.5,0,0,0,0
250,Bernd,Leno,Leno,10,1,45,3.0,14544,13389,2,2.0,90,0,0,0,3,0,0,3,0,11,29.6,0.0,0.0,3.0,1.0,0.2,0.4,,,,Fulham,GK,4.5,0,0,0,0
251,Benjamin,Lecomte,Lecomte,10,1,40,1.2,2080,4631,0,0.0,0,0,0,0,0,0,0,0,0,0,0.0,0.0,0.0,0.0,0.0,0.0,0.0,,,,Fulham,GK,4.0,0,0,0,0
252,Alfie,McNally,McNally,10,1,40,0.2,1280,730,0,0.0,0,0,0,0,0,0,0,0,0,0,0.0,0.0,0.0,0.0,0.0,0.0,0.0,,,,Fulham,GK,4.0,0,0,0,0
253,Joachim,Andersen,Andersen,10,2,50,0.1,3025,797,0,0.0,0,0,0,0,0,0,0,0,0,0,0.0,0.0,0.0,0.0,0.0,0.0,0.0,,,,Fulham,DEF,5.0,0,0,0,0
254,Antonee,Robinson,Robinson,10,2,45,1.7,12604,10746,1,1.0,81,0,0,0,3,0,0,0,0,4,21.6,25.2,3.0,5.0,0.5,0.1,0.2,,,2.0,Fulham,DEF,4.5,0,0,0,0
255,Jorge,Cuenca Barreno,J.Cuenca,10,2,45,0.0,879,313,3,3.0,90,0,0,0,3,0,0,0,0,7,32.8,21.3,0.0,5.4,1.5,0.3,0.7,,,,Fulham,DEF,4.5,0,0,0,0
256,Kenny,Tete,Tete,10,2,45,0.3,381,2267,0,0.0,0,0,0,0,0,0,0,0,0,0,0.0,0.0,0.0,0.0,0.0,0.0,0.0,,,,Fulham,DEF,4.5,0,0,0,0
257,Calvin,Bassey,Bassey,10,2,45,0.8,7561,6798,0,0.0,90,0,0,0,3,1,0,0,0,1,13.8,3.8,2.0,2.0,0.0,0.0,0.0,,,,Fulham,DEF,4.5,0,0,0,0
258,Timothy,Castagne,Castagne,10,2,45,0.5,13698,3014,6,6.0,90,0,2,0,3,1,0,0,0,21,38.0,27.8,23.0,8.9,3.0,0.7,1.3,,,,Fulham,DEF,4.5,0,0,0,0
261,Alex,Iwobi,Iwobi,10,3,55,1.0,6960,10932,2,2.0,90,0,0,0,3,0,0,0,0,17,12.4,11.3,0.0,2.4,1.0,0.2,0.4,1.0,1.0,3.0,Fulham,MID,5.5,1,1,0,1
262,Emile,Smith Rowe,Smith Rowe,10,3,55,0.4,1644,5370,0,0.0,0,0,0,0,0,0,0,0,0,0,0.0,0.0,0.0,0.0,0.0,0.0,0.0,,,,Fulham,MID,5.5,0,0,0,0
263,Kevin,Santos Lopes de Macedo,Kevin,10,3,55,0.1,480,988,1,1.0,17,0,0,0,0,0,0,0,0,2,5.2,1.9,0.0,0.7,0.5,0.1,0.2,3.0,,,Fulham,MID,5.5,0,0,0,0
264,Oscar,Bobb,Bobb,10,3,55,0.3,5147,3614,2,2.0,66,0,0,0,3,0,0,0,0,10,9.8,13.8,6.0,3.0,1.0,0.2,0.4,2.0,,,Fulham,MID,5.5,0,0,0,0
265,Sander,Berge,Berge,10,3,50,0.4,1704,3845,2,2.0,72,0,0,0,3,0,0,0,0,14,13.6,23.1,7.0,4.4,1.0,0.2,0.4,,,,Fulham,MID,5.0,0,0,0,0
266,Tom,Cairney,Cairney,10,3,50,0.0,13,127,0,0.0,0,0,0,0,0,0,0,0,0,0,0.0,0.0,0.0,0.0,0.0,0.0,0.0,,,,Fulham,MID,5.0,0,0,0,0
268,Josh,King,King,10,3,55,0.6,38300,5092,7,7.0,90,1,0,0,3,0,0,0,0,34,41.6,15.6,41.0,9.8,3.5,0.6,1.3,,,,Fulham,MID,5.5,0,0,0,0
269,Ryan,Sessegnon,Sessegnon,10,2,45,0.4,1091,3355,1,1.0,17,0,0,0,0,0,0,0,0,7,6.6,0.5,19.0,2.6,0.5,0.1,0.2,,,,Fulham,DEF,4.5,0,0,0,0
270,Harrison,Reed,Reed,10,3,45,1.4,6638,16322,0,0.0,0,0,0,0,0,0,0,0,0,0,0.0,0.0,0.0,0.0,0.0,0.0,0.0,,,,Fulham,MID,4.5,0,0,0,0
271,Rodrigo,Muniz Carvalho,Muniz,10,4,55,0.5,3377,7861,1,1.0,8,0,0,0,0,0,0,0,0,6,6.0,11.5,7.0,2.5,0.5,0.1,0.2,,,,Fulham,FWD,5.5,0,0,0,0
272,Jonah,Kusi-Asare,Kusi-Asare,10,4,45,6.9,29352,50461,0,0.0,0,0,0,0,0,0,0,0,0,0,0.0,0.0,0.0,0.0,0.0,0.0,0.0,,,,Fulham,FWD,4.5,0,0,0,0
569,Gonzalo,García,Gonzalo,10,4,60,4.4,187550,21902,6,6.0,90,1,0,0,3,0,0,0,0,33,37.2,4.3,40.0,8.2,3.0,0.5,1.0,,,1.0,Fulham,FWD,6.0,0,0,1,1
570,César,Palacios,Palacios,10,3,55,0.2,1063,2087,2,2.0,72,0,0,0,3,0,0,0,0,10,2.8,7.3,8.0,1.8,1.0,0.2,0.4,,,,Fulham,MID,5.5,0,0,0,0
580,Shea,Charles,Charles,10,3,50,0.1,411,943,1,1.0,23,0,0,0,0,0,0,0,0,5,3.4,1.3,0.0,0.5,0.5,0.1,0.2,,,,Fulham,MID,5.0,0,0,0,0
610,Luc,De Fougerolles,De Fougerolles,10,2,40,0.1,3365,730,0,0.0,0,0,0,0,0,0,0,0,0,0,0.0,0.0,0.0,0.0,0.0,0.0,0.0,,,,Fulham,DEF,4.0,0,0,0,0
273,Dillon,Phillips,Phillips,11,1,40,1.5,3900,8074,0,0.0,0,0,0,0,0,0,0,0,0,0,0.0,0.0,0.0,0.0,0.0,0.0,0.0,,,,Hull City,GK,4.0,0,0,0,0
274,Jack,Butland,Butland,11,1,45,0.1,142,1959,0,0.0,0,0,0,0,0,0,0,0,0,0,0.0,0.0,0.0,0.0,0.0,0.0,0.0,,,,Hull City,GK,4.5,0,0,0,0
275,Harvey,Cartwright,Cartwright,11,1,40,0.0,0,126,0,0.0,0,0,0,0,0,0,0,0,0,0,0.0,0.0,0.0,0.0,0.0,0.0,0.0,,,,Hull City,GK,4.0,0,0,0,0
276,Thimothée,Lo-Tutala,Lo-Tutala,11,1,40,0.0,0,436,0,0.0,0,0,0,0,0,0,0,0,0,0,0.0,0.0,0.0,0.0,0.0,0.0,0.0,,,,Hull City,GK,4.0,0,0,0,0
277,John,Egan,Egan,11,2,40,2.1,55571,12720,17,8.5,180,0,0,2,0,0,0,0,1,52,43.4,0.1,2.0,4.6,8.5,2.1,4.2,,,,Hull City,DEF,4.0,0,0,0,0
278,Charlie,Hughes,Hughes,11,2,40,0.1,110,2563,0,0.0,0,0,0,0,0,0,0,0,0,0,0.0,0.0,0.0,0.0,0.0,0.0,0.0,,,,Hull City,DEF,4.0,0,0,0,0
279,Semi,Ajayi,Ajayi,11,2,40,2.5,115064,17977,20,10.0,153,1,0,2,0,0,0,0,2,63,44.2,0.2,35.0,7.9,10.0,2.5,5.0,,,,Hull City,DEF,4.0,0,0,0,0
280,Lewie,Coyle,Coyle,11,2,40,0.6,3168,5763,6,3.0,114,0,0,1,0,1,0,0,0,25,5.8,11.3,0.0,1.7,3.0,0.8,1.5,,,,Hull City,DEF,4.0,0,0,0,0
281,Cody,Drameh,Drameh,11,2,40,0.1,1212,502,2,1.0,65,0,0,0,0,0,0,0,0,8,2.2,0.0,1.0,0.3,1.0,0.2,0.5,,,,Hull City,DEF,4.0,0,0,0,0
282,Ryan,Giles,Giles,11,2,40,0.9,14207,4768,12,6.0,174,0,0,2,0,0,0,0,0,47,13.8,18.8,4.0,3.7,6.0,1.5,3.0,1.0,1.0,,Hull City,DEF,4.0,1,1,0,1
283,Matty,Jacob,Jacob,11,2,40,0.0,73,249,0,0.0,0,0,0,0,0,0,0,0,0,0,0.0,0.0,0.0,0.0,0.0,0.0,0.0,,,,Hull City,DEF,4.0,0,0,0,0
284,Cathal,McCarthy,McCarthy,11,2,40,0.1,747,1076,0,0.0,0,0,0,0,0,0,0,0,0,0,0.0,0.0,0.0,0.0,0.0,0.0,0.0,,,,Hull City,DEF,4.0,0,0,0,0
285,Paddy,McNair,McNair,11,2,40,0.1,724,856,1,1.0,26,0,0,0,0,0,0,0,0,3,4.2,0.0,0.0,0.4,0.5,0.1,0.2,,,,Hull City,DEF,4.0,0,0,0,0
286,Mohamed,Belloumi,Belloumi,11,3,50,0.7,16243,4715,9,4.5,172,0,1,2,0,0,0,0,0,31,10.6,2.2,7.0,2.0,4.5,0.9,1.8,3.0,2.0,,Hull City,MID,5.0,0,0,0,0
287,Liam,Millar,Millar,11,3,50,0.1,618,1101,6,3.0,50,1,0,0,0,1,0,0,0,26,2.0,0.3,2.0,0.4,3.0,0.6,1.2,,,,Hull City,MID,5.0,0,0,0,0
288,Kieran,Dowell,Dowell,11,3,45,0.4,2147,4897,0,0.0,0,0,0,0,0,0,0,0,0,0,0.0,0.0,0.0,0.0,0.0,0.0,0.0,,,,Hull City,MID,4.5,0,0,0,0
289,Matt,Crooks,Crooks,11,3,45,0.7,11602,7366,2,2.0,90,0,0,1,0,1,0,0,0,9,19.0,2.4,0.0,2.1,1.0,0.2,0.4,,,,Hull City,MID,4.5,0,0,0,0
290,Regan,Slater,Slater,11,3,45,4.1,110894,27423,8,4.0,180,0,1,2,0,1,0,0,0,26,18.4,19.3,0.0,3.8,4.0,0.9,1.8,2.0,,,Hull City,MID,4.5,0,0,0,0
291,Eliot,Matazo,Matazo,11,3,45,0.0,77,115,0,0.0,0,0,0,0,0,0,0,0,0,0,0.0,0.0,0.0,0.0,0.0,0.0,0.0,,,,Hull City,MID,4.5,0,0,0,0
292,Abdülkadir,Ömür,Ömür,11,3,50,0.0,235,454,0,0.0,0,0,0,0,0,0,0,0,0,0,0.0,0.0,0.0,0.0,0.0,0.0,0.0,,,,Hull City,MID,5.0,0,0,0,0
293,Abu,Kamara,Kamara,11,3,50,0.0,0,214,0,0.0,0,0,0,0,0,0,0,0,0,0,0.0,0.0,0.0,0.0,0.0,0.0,0.0,,,,Hull City,MID,5.0,0,0,0,0
294,Óscar,Zambrano,Zambrano,11,3,45,0.1,631,2480,0,0.0,0,0,0,0,0,0,0,0,0,0,0.0,0.0,0.0,0.0,0.0,0.0,0.0,,,,Hull City,MID,4.5,0,0,0,0
295,Oli,McBurnie,McBurnie,11,4,55,2.2,88372,20910,6,3.0,180,0,1,2,0,1,0,0,0,28,17.2,21.1,52.0,9.0,3.0,0.5,1.1,,,1.0,Hull City,FWD,5.5,0,0,1,1
296,David,Akintola,Akintola,11,3,50,0.0,1103,1137,0,0.0,0,0,0,0,0,0,0,0,0,0,0.0,0.0,0.0,0.0,0.0,0.0,0.0,,,,Hull City,MID,5.0,0,0,0,0
297,Darko,Gyabi,Gyabi,11,3,45,0.0,75,608,0,0.0,0,0,0,0,0,0,0,0,0,0,0.0,0.0,0.0,0.0,0.0,0.0,0.0,,,,Hull City,MID,4.5,0,0,0,0
298,Enis,Destan,Destan,11,4,45,0.3,0,9890,0,0.0,0,0,0,0,0,0,0,0,0,0,0.0,0.0,0.0,0.0,0.0,0.0,0.0,,,,Hull City,FWD,4.5,0,0,0,0
299,Mason,Burstow,Burstow,11,4,45,0.1,0,1368,0,0.0,0,0,0,0,0,0,0,0,0,0,0.0,0.0,0.0,0.0,0.0,0.0,0.0,,,,Hull City,FWD,4.5,0,0,0,0
340,Joe,Gelhardt,Gelhardt,11,3,50,0.0,55,319,0,0.0,0,0,0,0,0,0,0,0,0,0,0.0,0.0,0.0,0.0,0.0,0.0,0.0,,,,Hull City,MID,5.0,0,0,0,0
556,Matt,Targett,Targett,11,2,40,2.2,6188,17924,1,1.0,5,0,0,0,0,0,0,0,0,3,0.4,0.0,0.0,0.0,0.5,0.1,0.2,,,,Hull City,DEF,4.0,0,0,0,0
563,Hidemasa,Morita,Morita,11,3,50,0.0,161,359,1,1.0,45,0,0,0,0,0,0,0,0,6,0.0,0.0,0.0,0.0,0.5,0.1,0.2,,,,Hull City,MID,5.0,0,0,0,0
572,Konstantinos,Tzolakis,Tzolakis,11,1,45,3.5,127168,14956,20,10.0,180,0,0,2,0,0,0,8,6,73,34.6,0.0,0.0,3.5,10.0,2.2,4.4,,,,Hull City,GK,4.5,0,0,0,0
574,Jens,Hjertø-Dahl,Hjertø-Dahl,11,3,50,0.1,359,1125,0,0.0,0,0,0,0,0,0,0,0,0,0,0.0,0.0,0.0,0.0,0.0,0.0,0.0,,,,Hull City,MID,5.0,0,0,0,0
576,Elliot,Stroud,Stroud,11,3,50,0.1,1568,749,3,1.5,128,0,0,1,0,1,0,0,0,9,8.4,4.8,0.0,1.3,1.5,0.3,0.6,,,,Hull City,MID,5.0,0,0,0,0
585,Lucas,Herrington,Herrington,11,2,40,0.6,3086,4060,2,1.0,57,0,0,0,0,0,0,0,0,7,8.0,0.0,0.0,0.8,1.0,0.2,0.5,,,,Hull City,DEF,4.0,0,0,0,0
586,Nobel,Mendy,Mendy,11,2,40,4.8,216639,25701,16,8.0,121,1,0,1,0,0,0,0,1,44,51.8,0.6,33.0,8.5,8.0,2.0,4.0,,,,Hull City,DEF,4.0,0,0,0,0
589,Lucas,Gourna-Douath,Gourna-Douath,11,3,50,0.0,159,358,1,1.0,45,0,0,0,0,0,0,0,0,7,0.0,0.0,0.0,0.0,0.5,0.1,0.2,,,,Hull City,MID,5.0,0,0,0,0
617,Mohamed-Ali,Cho,Cho,11,3,50,0.0,111,18,1,1.0,7,0,0,0,0,0,0,0,0,3,0.0,0.0,0.0,0.0,1.0,0.2,0.2,,,,Hull City,MID,5.0,0,0,0,0
259,Issa,Diop,Diop,12,2,40,16.8,31041,81166,2,2.0,90,0,0,0,1,0,0,0,0,7,7.2,0.8,2.0,1.0,1.0,0.2,0.5,,,,Ipswich Town,DEF,4.0,0,0,0,0
267,Saša,Lukić,Lukić,12,3,50,0.1,1308,1493,5,5.0,90,0,1,0,1,0,0,0,0,22,23.4,14.8,2.0,4.0,2.5,0.5,1.0,4.0,,,Ipswich Town,MID,5.0,0,0,0,0
300,Christian,Walton,Walton,12,1,45,0.5,248,4964,0,0.0,0,0,0,0,0,0,0,0,0,0,0.0,0.0,0.0,0.0,0.0,0.0,0.0,,,,Ipswich Town,GK,4.5,0,0,0,0
301,Alex,Palmer,Palmer,12,1,40,4.4,10347,19880,0,0.0,0,0,0,0,0,0,0,0,0,0,0.0,0.0,0.0,0.0,0.0,0.0,0.0,,,,Ipswich Town,GK,4.0,0,0,0,0
302,David,Button,Button,12,1,40,0.5,2891,2145,0,0.0,0,0,0,0,0,0,0,0,0,0,0.0,0.0,0.0,0.0,0.0,0.0,0.0,,,,Ipswich Town,GK,4.0,0,0,0,0
303,Cédric,Kipré,Kipré,12,2,40,0.6,400,5336,0,0.0,0,0,0,0,0,0,0,0,0,0,0.0,0.0,0.0,0.0,0.0,0.0,0.0,,,,Ipswich Town,DEF,4.0,0,0,0,0
304,Dara,O'Shea,O'Shea,12,2,40,3.4,19279,16610,4,4.0,90,0,0,0,1,0,0,0,0,16,48.0,24.5,2.0,7.5,2.0,0.5,1.0,,,,Ipswich Town,DEF,4.0,0,0,0,0
305,Leif,Davis,Davis,12,2,40,4.8,8685,25151,2,2.0,90,0,0,0,1,0,0,0,0,10,15.2,2.3,0.0,1.8,1.0,0.2,0.5,2.0,2.0,,Ipswich Town,DEF,4.0,0,0,0,0
306,Jacob,Greaves,Greaves,12,2,40,1.4,1895,6791,2,2.0,90,0,0,0,1,0,0,0,0,12,16.4,1.3,0.0,1.8,1.0,0.2,0.5,,,,Ipswich Town,DEF,4.0,0,0,0,0
307,Ben,Johnson,Johnson,12,2,40,0.1,508,1157,0,0.0,0,0,0,0,0,0,0,0,0,0,0.0,0.0,0.0,0.0,0.0,0.0,0.0,,,,Ipswich Town,DEF,4.0,0,0,0,0
308,Darnell,Furlong,Furlong,12,2,40,0.6,316,4869,0,0.0,0,0,0,0,0,0,0,0,0,0,0.0,0.0,0.0,0.0,0.0,0.0,0.0,,,,Ipswich Town,DEF,4.0,0,0,0,0
309,Marcelino,Núñez,Núñez,12,3,50,0.1,1396,1559,4,4.0,79,0,0,0,1,0,0,0,0,26,13.0,7.3,4.0,2.4,2.0,0.4,0.8,1.0,1.0,,Ipswich Town,MID,5.0,1,1,0,1
310,Azor,Matusiwa,Matusiwa,12,3,50,0.0,9,121,0,0.0,0,0,0,0,0,0,0,0,0,0,0.0,0.0,0.0,0.0,0.0,0.0,0.0,,,,Ipswich Town,MID,5.0,0,0,0,0
311,Wes,Burns,Burns,12,3,50,0.0,0,199,0,0.0,0,0,0,0,0,0,0,0,0,0,0.0,0.0,0.0,0.0,0.0,0.0,0.0,,,,Ipswich Town,MID,5.0,0,0,0,0
312,Jack,Taylor,Taylor,12,3,45,0.0,138,1008,0,0.0,0,0,0,0,0,0,0,0,0,0,0.0,0.0,0.0,0.0,0.0,0.0,0.0,,,,Ipswich Town,MID,4.5,0,0,0,0
313,Jack,Clarke,Clarke,12,3,55,0.3,3554,2823,7,7.0,19,1,0,0,0,0,0,0,1,27,33.6,0.6,18.0,5.2,3.5,0.6,1.3,3.0,3.0,1.0,Ipswich Town,MID,5.5,0,0,1,1
314,Chiedozie,Ogbene,Ogbene,12,3,50,0.0,46,266,0,0.0,0,0,0,0,0,0,0,0,0,0,0.0,0.0,0.0,0.0,0.0,0.0,0.0,,,,Ipswich Town,MID,5.0,0,0,0,0
315,Abdul,Fatawu,Fatawu,12,3,55,0.2,633,3130,2,2.0,65,0,0,0,1,0,0,0,0,22,18.6,28.4,8.0,5.5,1.0,0.2,0.4,,,,Ipswich Town,MID,5.5,0,0,0,0
316,Emersonn,Correia da Silva,Emersonn,12,4,55,2.0,84257,21030,9,9.0,65,1,0,0,1,0,0,0,3,41,45.6,26.3,40.0,11.2,4.5,0.8,1.6,,,2.0,Ipswich Town,FWD,5.5,0,0,0,0
317,George,Hirst,Hirst,12,4,50,0.2,0,9420,0,0.0,0,0,0,0,0,0,0,0,0,0,0.0,0.0,0.0,0.0,0.0,0.0,0.0,,,,Ipswich Town,FWD,5.0,0,0,0,0
318,Jaden,Philogene,Philogene,12,3,55,0.1,108,4546,0,0.0,0,0,0,0,0,0,0,0,0,0,0.0,0.0,0.0,0.0,0.0,0.0,0.0,5.0,,3.0,Ipswich Town,MID,5.5,0,0,0,0
319,Sam,Szmodics,Szmodics,12,3,50,0.0,0,452,0,0.0,0,0,0,0,0,0,0,0,0,0,0.0,0.0,0.0,0.0,0.0,0.0,0.0,,,,Ipswich Town,MID,5.0,0,0,0,0
320,Chuba,Akpom,Akpom,12,4,50,0.5,5629,7145,1,1.0,24,0,0,0,0,0,0,0,0,3,1.4,0.0,2.0,0.3,0.5,0.1,0.2,,,,Ipswich Town,FWD,5.0,0,0,0,0
321,Sindre,Walle Egeli,Walle Egeli,12,4,45,2.6,52189,27597,1,1.0,10,0,0,0,0,0,0,0,0,3,0.0,0.1,0.0,0.0,0.5,0.1,0.2,,,,Ipswich Town,FWD,4.5,0,0,0,0
322,Ali,Al-Hamadi,Al-Hamadi,12,4,50,0.1,755,3883,0,0.0,0,0,0,0,0,0,0,0,0,0,0.0,0.0,0.0,0.0,0.0,0.0,0.0,,,,Ipswich Town,FWD,5.0,0,0,0,0
323,Kasey,McAteer,McAteer,12,3,45,1.3,6708,13155,1,1.0,24,0,0,0,0,0,0,0,0,4,1.2,1.3,0.0,0.3,0.5,0.1,0.2,,,,Ipswich Town,MID,4.5,0,0,0,0
324,Anis,Mehmeti,Mehmeti,12,3,50,0.0,54,763,0,0.0,0,0,0,0,0,0,0,0,0,0,0.0,0.0,0.0,0.0,0.0,0.0,0.0,,,,Ipswich Town,MID,5.0,0,0,0,0
554,Kayne,van Oevelen,Van Oevelen,12,1,45,0.0,54,801,0,0.0,0,0,0,0,0,0,0,0,0,0,0.0,0.0,0.0,0.0,0.0,0.0,0.0,,,,Ipswich Town,GK,4.5,0,0,0,0
562,Daizen,Maeda,Maeda,12,3,55,0.4,812,4524,2,2.0,79,0,0,0,1,0,0,0,0,7,12.6,1.4,7.0,2.1,1.0,0.2,0.4,,,,Ipswich Town,MID,5.5,0,0,0,0
564,Kjell,Scherpen,Scherpen,12,1,45,0.6,1468,4191,2,2.0,90,0,0,0,1,0,0,2,0,12,14.4,0.0,0.0,1.4,1.0,0.2,0.4,,,,Ipswich Town,GK,4.5,0,0,0,0
571,Florentino Ibrain,Morris Luís,Florentino,12,3,50,0.1,224,2499,0,0.0,0,0,0,0,0,0,0,0,0,0,0.0,0.0,0.0,0.0,0.0,0.0,0.0,,,,Ipswich Town,MID,5.0,0,0,0,0
591,Julio,Enciso,Enciso,12,3,55,0.5,19440,5084,5,5.0,70,0,1,0,1,0,0,0,0,24,21.6,14.0,18.0,5.4,2.5,0.5,0.9,,,,Ipswich Town,MID,5.5,0,0,0,0
592,Abdoul,Ouattara,Ouattara,12,2,40,1.0,3129,6453,1,1.0,10,0,0,0,0,0,0,0,0,4,5.2,10.0,0.0,1.5,0.5,0.1,0.2,,,,Ipswich Town,DEF,4.0,0,0,0,0
602,Cameron,Humphreys,Humphreys,12,3,45,0.0,1547,427,0,0.0,0,0,0,0,0,0,0,0,0,0,0.0,0.0,0.0,0.0,0.0,0.0,0.0,,,,Ipswich Town,MID,4.5,0,0,0,0
619,Exequiel,Palacios,Palacios,12,3,50,0.0,412,31,0,0.0,0,0,0,0,0,0,0,0,0,0,0.0,0.0,0.0,0.0,0.0,0.0,0.0,,,,Ipswich Town,MID,5.0,0,0,0,0
260,Harry,Wilson,Wilson,13,3,65,5.5,16220,68844,3,3.0,65,0,0,1,0,0,0,0,0,8,6.2,15.3,4.0,2.6,1.5,0.2,0.5,2.0,,,Leeds,MID,6.5,0,0,0,0
326,Lucas Estella,Perri,Perri,13,1,45,0.5,380,5817,0,0.0,0,0,0,0,0,0,0,0,0,0,0.0,0.0,0.0,0.0,0.0,0.0,0.0,,,,Leeds,GK,4.5,0,0,0,0
327,Jaka,Bijol,Bijol,13,2,50,1.0,48939,9450,10,10.0,90,0,0,1,0,0,0,0,2,28,23.6,0.4,15.0,3.9,5.0,1.0,2.0,,,,Leeds,DEF,5.0,0,0,0,0
329,Joe,Rodon,Rodon,13,2,45,3.6,24739,15155,6,6.0,90,0,0,1,0,0,0,0,0,21,14.4,14.4,5.0,3.4,3.0,0.7,1.3,,,,Leeds,DEF,4.5,0,0,0,0
330,Jayden,Bogle,Bogle,13,2,45,0.5,6428,3504,6,6.0,90,0,0,1,0,0,0,0,0,24,7.0,1.1,0.0,0.8,3.0,0.7,1.3,,,,Leeds,DEF,4.5,0,0,0,0
331,Gabriel,Gudmundsson,Gudmundsson,13,2,45,0.0,77,1052,0,0.0,0,0,0,0,0,0,0,0,0,0,0.0,0.0,0.0,0.0,0.0,0.0,0.0,,,,Leeds,DEF,4.5,0,0,0,0
332,James,Justin,Justin,13,2,45,1.3,49368,10955,10,10.0,90,0,0,1,0,0,0,0,2,28,24.6,2.3,2.0,2.9,5.0,1.1,2.2,,,,Leeds,DEF,4.5,0,0,0,0
333,Sebastiaan,Bornauw,Bornauw,13,2,45,0.0,0,177,0,0.0,0,0,0,0,0,0,0,0,0,0,0.0,0.0,0.0,0.0,0.0,0.0,0.0,,,,Leeds,DEF,4.5,0,0,0,0
334,Tarik,Muharemović,Muharemović,13,2,50,3.3,24640,15265,6,6.0,90,0,0,1,0,0,0,0,0,25,15.6,0.6,17.0,3.3,3.0,0.6,1.2,,,,Leeds,DEF,5.0,0,0,0,0
335,Anton,Stach,Stach,13,3,60,2.8,91154,18070,13,13.0,90,1,0,1,0,0,0,0,3,37,47.8,2.3,16.0,6.6,6.5,1.1,2.2,1.0,1.0,,Leeds,MID,6.0,1,1,0,1
336,Noah,Okafor,Okafor,13,3,60,0.4,1533,10360,1,1.0,24,0,0,0,0,0,0,0,0,10,10.0,14.0,4.0,2.8,0.5,0.1,0.2,,,,Leeds,MID,6.0,0,0,0,0
337,Brenden,Aaronson,Aaronson,13,3,55,0.8,2970,9685,3,3.0,81,0,0,1,0,0,0,0,0,16,8.0,1.1,7.0,1.6,1.5,0.3,0.5,,3.0,,Leeds,MID,5.5,0,0,0,0
338,Ethan,Ampadu,Ampadu,13,3,55,1.3,5170,11048,5,5.0,90,0,0,1,0,0,0,0,0,18,18.6,23.3,0.0,4.2,2.5,0.5,0.9,,,,Leeds,MID,5.5,0,0,0,0
339,Sean,Longstaff,Longstaff,13,3,50,0.1,667,1845,1,1.0,8,0,0,0,0,0,0,0,0,3,0.0,0.2,0.0,0.0,0.5,0.1,0.2,3.0,2.0,,Leeds,MID,5.0,0,0,0,0
341,Wilfried,Gnonto,Gnonto,13,3,50,0.0,24,741,0,0.0,0,0,0,0,0,0,0,0,0,0,0.0,0.0,0.0,0.0,0.0,0.0,0.0,,,,Leeds,MID,5.0,0,0,0,0
342,Jack,Harrison,Harrison,13,3,50,0.0,0,38,0,0.0,0,0,0,0,0,0,0,0,0,0,0.0,0.0,0.0,0.0,0.0,0.0,0.0,,,,Leeds,MID,5.0,0,0,0,0
343,Daniel,James,James,13,3,50,0.1,1131,1957,0,0.0,0,0,0,0,0,0,0,0,0,0,0.0,0.0,0.0,0.0,0.0,0.0,0.0,,,,Leeds,MID,5.0,0,0,0,0
344,Ilia,Gruev,Gruev,13,3,50,0.0,11,138,0,0.0,0,0,0,0,0,0,0,0,0,0,0.0,0.0,0.0,0.0,0.0,0.0,0.0,,,,Leeds,MID,5.0,0,0,0,0
345,Tanaka,Ao,Tanaka,13,3,50,0.2,1092,4734,0,0.0,0,0,0,0,0,0,0,0,0,0,0.0,0.0,0.0,0.0,0.0,0.0,0.0,4.0,,,Leeds,MID,5.0,0,0,0,0
346,Dominic,Calvert-Lewin,Calvert-Lewin,13,4,60,27.9,97146,232322,1,1.0,90,0,0,1,0,1,0,0,0,-2,0.0,0.8,11.0,0.7,0.5,0.1,0.2,,,1.0,Leeds,FWD,6.0,0,0,1,1
347,Lukas,Nmecha,Nmecha,13,4,55,0.5,2348,10537,0,0.0,0,0,0,0,0,0,0,0,0,0,0.0,0.0,0.0,0.0,0.0,0.0,0.0,,,2.0,Leeds,FWD,5.5,0,0,0,0
348,Joël,Piroe,Piroe,13,4,50,0.1,0,5909,0,0.0,0,0,0,0,0,0,0,0,0,0,0.0,0.0,0.0,0.0,0.0,0.0,0.0,,,3.0,Leeds,FWD,5.0,0,0,0,0
349,Mateo,Joseph Fernández-Regatillo,Mateo Joseph,13,4,45,0.1,437,1202,0,0.0,0,0,0,0,0,0,0,0,0,0,0.0,0.0,0.0,0.0,0.0,0.0,0.0,,,,Leeds,FWD,4.5,0,0,0,0
385,James,Trafford,Trafford,13,1,50,4.6,73243,18452,9,9.0,90,0,0,1,0,0,0,3,2,28,19.4,0.0,0.0,1.9,4.5,0.9,1.8,,,,Leeds,GK,5.0,0,0,0,0
598,Nico,Elvedi,Elvedi,13,2,45,0.0,395,309,0,0.0,0,0,0,0,0,0,0,0,0,0,0.0,0.0,0.0,0.0,0.0,0.0,0.0,,,,Leeds,DEF,4.5,0,0,0,0
603,Jayden,Lienou,Lienou,13,2,40,0.1,1697,432,0,0.0,0,0,0,0,0,0,0,0,0,0,0.0,0.0,0.0,0.0,0.0,0.0,0.0,,,,Leeds,DEF,4.0,0,0,0,0
604,Alfie,Cresswell,Cresswell,13,3,45,0.1,3733,899,0,0.0,0,0,0,0,0,0,0,0,0,0,0.0,0.0,0.0,0.0,0.0,0.0,0.0,,,,Leeds,MID,4.5,0,0,0,0
350,Alisson,Becker,A.Becker,14,1,55,3.8,30174,27701,2,1.0,180,0,0,0,4,1,0,4,0,2,17.8,0.0,0.0,1.8,1.0,0.2,0.4,,,,Liverpool,GK,5.5,0,0,0,0
351,Giorgi,Mamardashvili,Mamardashvili,14,1,50,0.2,790,2504,0,0.0,0,0,0,0,0,0,0,0,0,0,0.0,0.0,0.0,0.0,0.0,0.0,0.0,,,,Liverpool,GK,5.0,0,0,0,0
352,Freddie,Woodman,Woodman,14,1,40,1.1,4196,6425,0,0.0,0,0,0,0,0,0,0,0,0,0,0.0,0.0,0.0,0.0,0.0,0.0,0.0,,,,Liverpool,GK,4.0,0,0,0,0
353,Armin,Pecsi,Pecsi,14,1,40,0.0,0,487,0,0.0,0,0,0,0,0,0,0,0,0,0,0.0,0.0,0.0,0.0,0.0,0.0,0.0,,,,Liverpool,GK,4.0,0,0,0,0
354,Vitezslav,Jaros,Jaros,14,1,40,0.0,220,213,0,0.0,0,0,0,0,0,0,0,0,0,0,0.0,0.0,0.0,0.0,0.0,0.0,0.0,,,,Liverpool,GK,4.0,0,0,0,0
355,Harvey,Davies,Davies,14,1,40,0.1,833,843,0,0.0,0,0,0,0,0,0,0,0,0,0,0.0,0.0,0.0,0.0,0.0,0.0,0.0,,,,Liverpool,GK,4.0,0,0,0,0
356,Virgil,van Dijk,Virgil,14,2,65,19.4,85014,109737,3,1.5,180,0,0,0,4,1,0,0,0,13,25.6,1.6,24.0,5.1,1.5,0.2,0.5,,,,Liverpool,DEF,6.5,0,0,0,0
357,Jeremie,Frimpong,Frimpong,14,2,55,3.4,27913,43539,1,0.5,160,0,0,0,4,1,0,0,0,12,13.6,37.8,10.0,6.1,0.5,0.1,0.2,,,,Liverpool,DEF,5.5,0,0,0,0
358,Milos,Kerkez,Kerkez,14,2,55,3.4,17449,43616,1,0.5,160,0,0,0,4,1,0,0,0,12,18.0,13.8,12.0,4.4,0.5,0.1,0.2,,,,Liverpool,DEF,5.5,0,0,0,0
359,Joe,Gomez,Gomez,14,2,50,0.0,96,470,0,0.0,0,0,0,0,0,0,0,0,0,0,0.0,0.0,0.0,0.0,0.0,0.0,0.0,,,,Liverpool,DEF,5.0,0,0,0,0
360,Conor,Bradley,Bradley,14,2,50,0.0,102,244,0,0.0,0,0,0,0,0,0,0,0,0,0,0.0,0.0,0.0,0.0,0.0,0.0,0.0,,,,Liverpool,DEF,5.0,0,0,0,0
361,Wellity,Lucky,Lucky,14,2,40,0.1,797,1326,0,0.0,0,0,0,0,0,0,0,0,0,0,0.0,0.0,0.0,0.0,0.0,0.0,0.0,,,,Liverpool,DEF,4.0,0,0,0,0
362,Jeremy,Jacquet,Jacquet,14,2,50,2.4,29784,22276,4,2.0,145,0,0,0,4,0,0,0,0,22,12.4,11.9,0.0,2.4,2.0,0.4,0.8,,,,Liverpool,DEF,5.0,0,0,0,0
363,Giovanni,Leoni,Leoni,14,2,40,0.0,229,615,0,0.0,0,0,0,0,0,0,0,0,0,0,0.0,0.0,0.0,0.0,0.0,0.0,0.0,,,,Liverpool,DEF,4.0,0,0,0,0
364,Kostas,Tsimikas,Tsimikas,14,2,50,0.1,398,1132,1,1.0,19,0,0,0,0,0,0,0,0,4,0.0,0.0,0.0,0.0,0.5,0.1,0.2,,,,Liverpool,DEF,5.0,0,0,0,0
365,Calvin,Ramsay,Ramsay,14,2,40,0.2,638,5132,0,0.0,0,0,0,0,0,0,0,0,0,0,0.0,0.0,0.0,0.0,0.0,0.0,0.0,,,,Liverpool,DEF,4.0,0,0,0,0
366,Florian,Wirtz,Wirtz,14,3,75,11.0,30191,153798,6,3.0,152,0,1,0,4,1,0,0,0,39,9.8,17.9,29.0,5.7,3.0,0.4,0.8,3.0,2.0,4.0,Liverpool,MID,7.5,0,0,0,0
367,Cody,Gakpo,Gakpo,14,3,70,6.9,232191,37601,17,8.5,160,1,1,0,4,0,0,0,3,54,44.0,34.0,37.0,11.5,8.5,1.2,2.4,2.0,,3.0,Liverpool,MID,7.0,0,0,0,0
368,Dominik,Szoboszlai,Szoboszlai,14,3,70,43.2,275675,103180,12,6.0,180,1,0,0,4,0,0,0,1,53,50.4,47.1,21.0,11.9,6.0,0.9,1.7,1.0,1.0,1.0,Liverpool,MID,7.0,1,1,1,1
369,Rio,Ngumoha,Ngumoha,14,3,60,1.0,6235,19660,3,1.5,81,0,0,0,2,0,0,0,0,14,2.4,6.0,5.0,1.3,1.5,0.2,0.5,,,,Liverpool,MID,6.0,0,0,0,0
370,Federico,Chiesa,Chiesa,14,3,55,0.1,595,4705,0,0.0,0,0,0,0,0,0,0,0,0,0,0.0,0.0,0.0,0.0,0.0,0.0,0.0,,,,Liverpool,MID,5.5,0,0,0,0
371,Ryan,Gravenberch,Gravenberch,14,3,60,1.9,17077,21198,6,3.0,96,0,1,0,2,0,0,0,0,33,24.4,16.0,4.0,4.4,3.0,0.5,1.0,,,,Liverpool,MID,6.0,0,0,0,0
372,Alexis,Mac Allister,Mac Allister,14,3,55,1.6,8313,25108,3,1.5,103,0,0,0,2,0,0,0,0,19,5.8,1.4,0.0,0.7,1.5,0.3,0.5,,,5.0,Liverpool,MID,5.5,0,0,0,0
373,Curtis,Jones,C.Jones,14,3,55,0.0,34,1338,0,0.0,0,0,0,0,0,0,0,0,0,0,0.0,0.0,0.0,0.0,0.0,0.0,0.0,,,,Liverpool,MID,5.5,0,0,0,0
374,Endo,Wataru,Endo,14,3,50,0.1,624,1197,0,0.0,0,0,0,0,0,0,0,0,0,0,0.0,0.0,0.0,0.0,0.0,0.0,0.0,,,,Liverpool,MID,5.0,0,0,0,0
375,Trey,Nyoni,Nyoni,14,3,50,0.0,187,782,1,1.0,13,0,0,0,0,0,0,0,0,3,0.0,0.0,0.0,0.0,0.5,0.1,0.2,,,,Liverpool,MID,5.0,0,0,0,0
376,Stefan,Bajčetić Maquieira,Bajcetic,14,3,50,0.0,11,40,0,0.0,0,0,0,0,0,0,0,0,0,0,0.0,0.0,0.0,0.0,0.0,0.0,0.0,,,,Liverpool,MID,5.0,0,0,0,0
377,Victor,Munoz,Munoz,14,3,65,0.7,14601,7290,10,5.0,117,1,1,0,2,1,0,0,0,39,4.0,8.9,14.0,2.7,5.0,0.8,1.5,,,,Liverpool,MID,6.5,0,0,0,0
378,James,McConnell,McConnell,14,3,45,0.3,1085,3362,0,0.0,0,0,0,0,0,0,0,0,0,0,0.0,0.0,0.0,0.0,0.0,0.0,0.0,,,,Liverpool,MID,4.5,0,0,0,0
379,Alexander,Isak,Isak,14,4,90,16.2,85631,131750,10,5.0,180,1,0,0,4,0,0,0,2,36,11.4,14.6,66.0,9.2,5.0,0.6,1.1,,,2.0,Liverpool,FWD,9.0,0,0,0,0
380,Hugo,Ekitiké,Ekitiké,14,4,75,0.1,840,4537,0,0.0,0,0,0,0,0,0,0,0,0,0,0.0,0.0,0.0,0.0,0.0,0.0,0.0,,,,Liverpool,FWD,7.5,0,0,0,0
381,Lewis,Koumas,Koumas,14,3,50,0.0,191,274,1,1.0,12,0,0,0,0,0,0,0,0,4,1.2,0.5,7.0,0.9,0.5,0.1,0.2,,,,Liverpool,MID,5.0,0,0,0,0
382,Jayden,Danns,Danns,14,4,45,0.0,390,659,0,0.0,0,0,0,0,0,0,0,0,0,0,0.0,0.0,0.0,0.0,0.0,0.0,0.0,,,,Liverpool,FWD,4.5,0,0,0,0
383,Harvey,Elliott,Elliott,14,3,55,0.1,503,1507,0,0.0,0,0,0,0,0,0,0,0,0,0,0.0,0.0,0.0,0.0,0.0,0.0,0.0,,,,Liverpool,MID,5.5,0,0,0,0
579,Ronald,Araujo,Araujo,14,2,55,2.6,26601,46987,1,0.5,33,0,0,0,0,1,0,0,0,2,13.2,1.2,0.0,1.4,0.5,0.1,0.2,,,,Liverpool,DEF,5.5,0,0,0,0
238,Jack,Grealish,Grealish,15,3,65,0.2,1380,3385,1,1.0,8,0,0,0,0,0,0,0,0,2,1.0,0.6,0.0,0.2,0.5,0.1,0.2,,,,Man City,MID,6.5,0,0,0,0
384,Gianluigi,Donnarumma,Donnarumma,15,1,55,8.2,38964,65798,3,1.5,180,0,0,0,2,0,0,4,0,17,26.8,0.0,0.0,2.7,1.5,0.3,0.5,,,,Man City,GK,5.5,0,0,0,0
386,Marcus,Bettinelli,Bettinelli,15,1,45,0.0,156,294,0,0.0,0,0,0,0,0,0,0,0,0,0,0.0,0.0,0.0,0.0,0.0,0.0,0.0,,,,Man City,GK,4.5,0,0,0,0
387,Nico,O'Reilly,O'Reilly,15,2,65,20.5,79969,149447,4,2.0,150,0,0,0,2,0,0,0,0,16,8.8,30.4,11.0,5.0,2.0,0.3,0.6,,,,Man City,DEF,6.5,0,0,0,0
388,Marc,Guéhi,Guéhi,15,2,60,19.5,202328,65319,12,6.0,180,1,0,0,2,0,0,0,2,43,43.6,17.5,28.0,8.9,6.0,1.0,2.0,,,,Man City,DEF,6.0,0,0,0,0
389,Matheus,Nunes,Matheus N.,15,2,60,1.3,3052,25200,1,1.0,33,0,0,0,0,0,0,0,0,4,3.8,1.5,4.0,0.9,0.5,0.1,0.2,,,4.0,Man City,DEF,6.0,0,0,0,0
390,Rúben,dos Santos Gato Alves Dias,Rúben,15,2,55,1.8,11310,16190,4,2.0,180,0,0,0,2,0,0,0,0,30,24.4,17.9,2.0,4.4,2.0,0.4,0.7,,,,Man City,DEF,5.5,0,0,0,0
391,Joško,Gvardiol,Gvardiol,15,2,55,15.1,337085,42763,14,7.0,164,1,1,0,2,0,0,0,1,46,47.6,13.3,17.0,7.8,7.0,1.3,2.5,,,,Man City,DEF,5.5,0,0,0,0
392,Rayan,Aït-Nouri,Aït-Nouri,15,2,54,0.7,2895,22336,0,0.0,0,0,0,0,0,0,0,0,0,0,0.0,0.0,0.0,0.0,0.0,0.0,0.0,,,,Man City,DEF,5.4,0,0,0,0
393,Abdukodir,Khusanov,Khusanov,15,2,55,1.7,6968,18215,4,2.0,178,0,0,0,2,0,0,0,0,31,17.0,3.4,0.0,2.0,2.0,0.4,0.7,,,,Man City,DEF,5.5,0,0,0,0
394,Max,Alleyne,Alleyne,15,2,50,0.0,0,387,0,0.0,0,0,0,0,0,0,0,0,0,0,0.0,0.0,0.0,0.0,0.0,0.0,0.0,,,,Man City,DEF,5.0,0,0,0,0
395,Rico,Lewis,Lewis,15,2,45,0.2,3858,3668,1,1.0,56,0,0,0,1,0,0,0,0,-1,3.8,3.8,39.0,4.7,0.5,0.1,0.2,,,,Man City,DEF,4.5,0,0,0,0
396,Vitor,de Oliveira Nunes dos Reis,Vitor Reis,15,2,45,0.0,116,291,1,1.0,1,0,0,0,0,0,0,0,0,3,0.0,0.0,0.0,0.0,0.5,0.1,0.2,,,,Man City,DEF,4.5,0,0,0,0
397,Antoine,Semenyo,Semenyo,15,3,85,23.2,59312,245758,7,3.5,180,0,1,0,2,0,0,0,0,49,5.8,8.9,31.0,4.6,3.5,0.4,0.8,,,2.0,Man City,MID,8.5,0,0,0,0
398,Phil,Foden,Foden,15,3,70,4.2,40655,54593,10,5.0,171,0,2,0,2,1,0,0,1,53,10.4,49.6,15.0,7.5,5.0,0.7,1.4,3.0,2.0,,Man City,MID,7.0,0,0,0,0
399,Rayan,Cherki,Cherki,15,3,76,15.0,571526,45194,22,11.0,108,2,2,0,1,1,0,0,4,88,39.2,48.8,4.0,9.2,11.0,1.4,2.9,1.0,1.0,,Man City,MID,7.6,1,1,0,1
400,Jérémy,Doku,Doku,15,3,74,1.2,595,77442,0,0.0,0,0,0,0,0,0,0,0,0,0,0.0,0.0,0.0,0.0,0.0,0.0,0.0,,,3.0,Man City,MID,7.4,0,0,0,0
402,Rodrigo 'Rodri',Hernandez Cascante,Rodrigo,15,3,65,0.0,0,865,0,0.0,0,0,0,0,0,0,0,0,0,0,0.0,0.0,0.0,0.0,0.0,0.0,0.0,,,,Man City,MID,6.5,0,0,0,0
404,Tijjani,Reijnders,Reijnders,15,3,60,0.1,0,6040,0,0.0,0,0,0,0,0,0,0,0,0,0,0.0,0.0,0.0,0.0,0.0,0.0,0.0,,,,Man City,MID,6.0,0,0,0,0
406,Mateo,Kovačić,Kovačić,15,3,55,0.1,967,1661,2,1.0,42,0,0,0,0,0,0,0,0,12,2.2,2.1,0.0,0.4,1.0,0.2,0.4,,,,Man City,MID,5.5,0,0,0,0
407,Claudio,Echeverri,Echeverri,15,3,50,0.0,121,373,0,0.0,0,0,0,0,0,0,0,0,0,0,0.0,0.0,0.0,0.0,0.0,0.0,0.0,,,,Man City,MID,5.0,0,0,0,0
408,Kalvin,Phillips,Phillips,15,3,50,0.0,0,332,0,0.0,0,0,0,0,0,0,0,0,0,0,0.0,0.0,0.0,0.0,0.0,0.0,0.0,,,,Man City,MID,5.0,0,0,0,0
409,Divine,Mukasa,Mukasa,15,3,45,0.2,1040,3082,0,0.0,0,0,0,0,0,0,0,0,0,0,0.0,0.0,0.0,0.0,0.0,0.0,0.0,,,,Man City,MID,4.5,0,0,0,0
410,Jeremy,Monga,Monga,15,3,50,0.0,97,350,0,0.0,0,0,0,0,0,0,0,0,0,0,0.0,0.0,0.0,0.0,0.0,0.0,0.0,,,,Man City,MID,5.0,0,0,0,0
411,Erling,Haaland,Haaland,15,4,155,68.6,134194,106793,15,7.5,180,2,0,0,2,0,0,0,3,66,3.8,5.2,50.0,5.9,7.5,0.5,1.0,,,1.0,Man City,FWD,15.5,0,0,1,1
481,Elliot,Anderson,Anderson,15,3,64,5.9,14340,174027,5,2.5,143,0,0,0,2,1,0,0,0,39,7.2,20.8,0.0,2.8,2.5,0.4,0.8,2.0,,,Man City,MID,6.4,0,0,0,0
587,Gerónimo,Rulli,Rulli,15,1,50,0.0,113,282,0,0.0,0,0,0,0,0,0,0,0,0,0,0.0,0.0,0.0,0.0,0.0,0.0,0.0,,,,Man City,GK,5.0,0,0,0,0
616,Ayyoub,Bouaddi,Bouaddi,15,3,55,0.1,5342,757,1,1.0,8,0,0,0,0,0,0,0,0,3,0.0,0.0,0.0,0.0,1.0,0.2,0.2,,,,Man City,MID,5.5,0,0,0,0
621,Ryan,McAidoo,McAidoo,15,3,45,0.0,765,97,1,1.0,8,0,0,0,0,0,0,0,0,3,0.0,0.0,0.0,0.0,1.0,0.2,0.2,,,,Man City,MID,4.5,0,0,0,0
622,Kaden,Braithwaite,Braithwaite,15,2,40,0.0,640,94,1,1.0,1,0,0,0,0,0,0,0,0,3,0.0,0.0,0.0,0.0,1.0,0.2,0.2,,,,Man City,DEF,4.0,0,0,0,0
43,Youri,Tielemans,Tielemans,16,3,60,2.3,14489,41078,2,2.0,66,0,0,0,2,0,0,0,0,13,5.0,11.3,4.0,2.0,1.0,0.2,0.3,,,3.0,Man Utd,MID,6.0,0,0,0,0
131,Carlos,Baleba,Baleba,16,3,50,0.2,2668,5292,0,0.0,0,0,0,0,0,0,0,0,0,0,0.0,0.0,0.0,0.0,0.0,0.0,0.0,,,,Man Utd,MID,5.0,0,0,0,0
162,Andrey,Nascimento dos Santos,Andrey Santos,16,3,50,1.0,8921,17483,2,2.0,66,0,0,0,2,0,0,0,0,17,11.4,4.2,2.0,1.8,1.0,0.2,0.4,,,,Man Utd,MID,5.0,0,0,0,0
325,Karl,Darlow,Darlow,16,1,45,0.0,294,317,0,0.0,0,0,0,0,0,0,0,0,0,0,0.0,0.0,0.0,0.0,0.0,0.0,0.0,,,,Man Utd,GK,4.5,0,0,0,0
412,Senne,Lammens,Lammens,16,1,50,15.4,38272,104226,1,1.0,90,0,0,0,2,0,0,2,0,7,20.2,0.0,0.0,2.0,0.5,0.1,0.2,,,,Man Utd,GK,5.0,0,0,0,0
413,Altay,Bayındır,Bayindir,16,1,45,0.0,0,641,0,0.0,0,0,0,0,0,0,0,0,0,0,0.0,0.0,0.0,0.0,0.0,0.0,0.0,,,,Man Utd,GK,4.5,0,0,0,0
414,Tom,Heaton,Heaton,16,1,40,0.1,277,1152,0,0.0,0,0,0,0,0,0,0,0,0,0,0.0,0.0,0.0,0.0,0.0,0.0,0.0,,,,Man Utd,GK,4.0,0,0,0,0
415,Patrick,Dorgu,Dorgu,16,3,59,1.1,5536,32084,0,0.0,45,0,0,0,2,1,0,0,0,-11,0.0,1.2,16.0,0.7,0.0,0.0,0.0,,,,Man Utd,MID,5.9,0,0,0,0
416,Matthijs,de Ligt,De Ligt,16,2,50,0.0,139,594,0,0.0,0,0,0,0,0,0,0,0,0,0,0.0,0.0,0.0,0.0,0.0,0.0,0.0,,,,Man Utd,DEF,5.0,0,0,0,0
417,Diogo,Dalot Teixeira,Dalot,16,2,50,2.4,9009,37148,1,1.0,10,0,0,0,0,0,0,0,0,6,7.6,11.3,0.0,1.9,0.5,0.1,0.2,,,,Man Utd,DEF,5.0,0,0,0,0
418,Harry,Maguire,Maguire,16,2,50,16.6,57036,138107,1,1.0,90,0,0,0,2,0,0,0,0,15,25.4,28.6,19.0,7.3,0.5,0.1,0.2,,,,Man Utd,DEF,5.0,0,0,0,0
419,Lisandro,Martínez,Martinez,16,2,50,1.3,7537,21423,0,0.0,0,0,0,0,0,0,0,0,0,0,0.0,0.0,0.0,0.0,0.0,0.0,0.0,,,,Man Utd,DEF,5.0,0,0,0,0
420,Leny,Yoro,Yoro,16,2,50,0.6,1751,11810,0,0.0,0,0,0,0,0,0,0,0,0,0,0.0,0.0,0.0,0.0,0.0,0.0,0.0,,,,Man Utd,DEF,5.0,0,0,0,0
421,Ayden,Heaven,Heaven,16,2,45,0.4,3399,4732,1,1.0,90,0,0,0,2,0,0,0,0,5,6.8,2.6,11.0,2.0,0.5,0.1,0.2,,,,Man Utd,DEF,4.5,0,0,0,0
422,Noussair,Mazraoui,Mazraoui,16,2,45,0.7,6468,6923,1,1.0,79,0,0,0,2,0,0,0,0,8,17.4,29.4,9.0,5.6,0.5,0.1,0.2,,,,Man Utd,DEF,4.5,0,0,0,0
423,Luke,Shaw,Shaw,16,2,45,19.2,46716,139916,1,1.0,90,0,0,0,2,0,0,0,0,13,25.2,59.2,6.0,9.0,0.5,0.1,0.2,3.0,,,Man Utd,DEF,4.5,0,0,0,0
424,Harry,Amass,Amass,16,2,40,0.2,1065,2228,0,0.0,0,0,0,0,0,0,0,0,0,0,0.0,0.0,0.0,0.0,0.0,0.0,0.0,,,,Man Utd,DEF,4.0,0,0,0,0
425,Tyler,Fredricson,Fredricson,16,2,40,0.0,0,751,0,0.0,0,0,0,0,0,0,0,0,0,0,0.0,0.0,0.0,0.0,0.0,0.0,0.0,,,,Man Utd,DEF,4.0,0,0,0,0
426,Bruno,Borges Fernandes,B.Fernandes,16,3,120,46.9,51856,321569,2,2.0,90,0,0,0,2,0,0,0,0,18,20.2,55.4,17.0,9.3,1.0,0.1,0.2,1.0,1.0,1.0,Man Utd,MID,12.0,1,1,1,1
427,Bryan,Mbeumo,Mbeumo,16,3,80,34.2,88255,339643,2,2.0,90,0,0,0,2,0,0,0,0,12,9.6,28.1,49.0,8.7,1.0,0.1,0.2,2.0,2.0,2.0,Man Utd,MID,8.0,0,0,0,0
428,Matheus,Santos Carneiro da Cunha,Cunha,16,3,80,9.1,28733,117046,2,2.0,79,0,0,0,2,0,0,0,0,14,5.4,28.2,35.0,6.9,1.0,0.1,0.2,,,,Man Utd,MID,8.0,0,0,0,0
429,Marcus,Rashford,Rashford,16,3,70,1.6,16205,26250,1,1.0,45,0,0,0,0,0,0,0,0,9,11.6,48.6,4.0,6.4,0.5,0.1,0.1,,,,Man Utd,MID,7.0,0,0,0,0
430,Mason,Mount,Mount,16,3,55,0.0,42,772,0,0.0,0,0,0,0,0,0,0,0,0,0,0.0,0.0,0.0,0.0,0.0,0.0,0.0,,3.0,,Man Utd,MID,5.5,0,0,0,0
431,Amad,Diallo,Amad,16,3,59,0.9,1632,67832,0,0.0,0,0,0,0,0,0,0,0,0,0,0.0,0.0,0.0,0.0,0.0,0.0,0.0,4.0,,,Man Utd,MID,5.9,0,0,0,0
432,Kobbie,Mainoo,Mainoo,16,3,55,0.9,4221,15593,1,1.0,23,0,0,0,0,0,0,0,0,7,2.8,2.5,2.0,0.7,0.5,0.1,0.2,,,,Man Utd,MID,5.5,0,0,0,0
433,Manuel,Ugarte Ribeiro,Ugarte,16,3,50,0.0,32,101,0,0.0,0,0,0,0,0,0,0,0,0,0,0.0,0.0,0.0,0.0,0.0,0.0,0.0,,,,Man Utd,MID,5.0,0,0,0,0
434,Jack,Fletcher,J.Fletcher,16,3,50,0.0,57,196,0,0.0,0,0,0,0,0,0,0,0,0,0,0.0,0.0,0.0,0.0,0.0,0.0,0.0,,,,Man Utd,MID,5.0,0,0,0,0
435,Shea,Lacey,Lacey,16,3,50,0.1,398,706,1,1.0,10,0,0,0,0,0,0,0,0,3,0.2,0.6,0.0,0.1,0.5,0.1,0.2,,,,Man Utd,MID,5.0,0,0,0,0
436,Toby,Collyer,Collyer,16,3,50,0.0,83,251,0,0.0,0,0,0,0,0,0,0,0,0,0,0.0,0.0,0.0,0.0,0.0,0.0,0.0,,,,Man Utd,MID,5.0,0,0,0,0
437,Bendito,Mantato,Bendito Mantato,16,3,45,0.2,1170,2711,0,0.0,0,0,0,0,0,0,0,0,0,0,0.0,0.0,0.0,0.0,0.0,0.0,0.0,,,,Man Utd,MID,4.5,0,0,0,0
438,Tyler,Fletcher,Fletcher,16,3,45,0.3,1587,4507,0,0.0,0,0,0,0,0,0,0,0,0,0,0.0,0.0,0.0,0.0,0.0,0.0,0.0,,,,Man Utd,MID,4.5,0,0,0,0
439,Benjamin,Sesko,Šeško,16,4,70,1.9,34199,18549,1,1.0,23,0,0,0,0,0,0,0,0,2,0.0,0.5,9.0,0.9,0.5,0.1,0.1,,,,Man Utd,FWD,7.0,0,0,0,0
440,Joshua,Zirkzee,Zirkzee,16,4,54,0.5,2811,14479,0,0.0,0,0,0,0,0,0,0,0,0,0,0.0,0.0,0.0,0.0,0.0,0.0,0.0,,,,Man Utd,FWD,5.4,0,0,0,0
441,Chido,Obi,Obi,16,4,45,1.1,8241,13249,0,0.0,0,0,0,0,0,0,0,0,0,0,0.0,0.0,0.0,0.0,0.0,0.0,0.0,,,,Man Utd,FWD,4.5,0,0,0,0
405,Nico,González Iglesias,N.Gonzalez,17,3,55,0.2,3716,2079,2,2.0,70,0,0,1,0,1,0,0,0,9,0.0,0.0,0.0,0.0,1.0,0.2,0.4,,,,Newcastle,MID,5.5,0,0,0,0
442,Nick,Pope,Pope,17,1,50,1.2,3212,14328,0,0.0,0,0,0,0,0,0,0,0,0,0,0.0,0.0,0.0,0.0,0.0,0.0,0.0,,,,Newcastle,GK,5.0,0,0,0,0
443,Mark,Gillespie,Gillespie,17,1,45,0.0,183,274,0,0.0,0,0,0,0,0,0,0,0,0,0,0.0,0.0,0.0,0.0,0.0,0.0,0.0,,,,Newcastle,GK,4.5,0,0,0,0
444,Ewen,Jaouen,Jaouen,17,1,45,0.0,151,412,0,0.0,0,0,0,0,0,0,0,0,0,0,0.0,0.0,0.0,0.0,0.0,0.0,0.0,,,,Newcastle,GK,4.5,0,0,0,0
445,Malick,Thiaw,Thiaw,17,2,50,1.8,26377,13623,9,4.5,180,0,0,1,2,0,0,0,0,24,37.8,0.2,0.0,3.8,4.5,0.9,1.8,,,,Newcastle,DEF,5.0,0,0,0,0
446,Fabian,Schär,Schär,17,2,50,0.3,2161,2398,1,1.0,1,0,0,0,1,0,0,0,0,-1,0.0,0.0,0.0,0.0,0.5,0.1,0.2,,2.0,,Newcastle,DEF,5.0,0,0,0,0
447,Sven,Botman,Botman,17,2,50,0.5,10511,3893,8,4.0,180,0,0,1,2,1,0,0,0,26,32.4,0.3,0.0,3.3,4.0,0.8,1.6,,,,Newcastle,DEF,5.0,0,0,0,0
448,Dan,Burn,Burn,17,2,50,1.5,6335,85418,0,0.0,0,0,0,0,0,0,0,0,0,0,0.0,0.0,0.0,0.0,0.0,0.0,0.0,,,,Newcastle,DEF,5.0,0,0,0,0
449,Lewis,Hall,Hall,17,2,50,4.3,72209,22468,14,7.0,180,0,0,1,2,0,0,0,3,60,22.0,15.2,0.0,3.7,7.0,1.4,2.8,1.0,1.0,,Newcastle,DEF,5.0,1,1,0,1
450,Tino,Livramento,Livramento,17,2,50,0.0,100,1395,0,0.0,0,0,0,0,0,0,0,0,0,0,0.0,0.0,0.0,0.0,0.0,0.0,0.0,,,,Newcastle,DEF,5.0,0,0,0,0
451,Alex,Murphy,A.Murphy,17,2,40,0.1,0,3650,0,0.0,0,0,0,0,0,0,0,0,0,0,0.0,0.0,0.0,0.0,0.0,0.0,0.0,,,,Newcastle,DEF,4.0,0,0,0,0
453,Harvey,Barnes,Barnes,17,3,60,1.1,17673,12698,5,2.5,180,0,0,1,2,0,0,0,0,19,5.2,2.4,9.0,1.7,2.5,0.4,0.8,,,,Newcastle,MID,6.0,0,0,0,0
454,Anthony,Elanga,Elanga,17,3,60,2.7,141659,14805,17,8.5,156,2,0,1,1,0,0,0,2,63,37.4,3.5,28.0,6.9,8.5,1.4,2.8,4.0,,,Newcastle,MID,6.0,0,0,0,0
456,Jacob,Ramsey,J.Ramsey,17,3,50,0.3,1697,5438,1,0.5,42,0,0,0,1,1,0,0,0,4,7.8,1.3,4.0,1.3,0.5,0.1,0.2,,,,Newcastle,MID,5.0,0,0,0,0
457,Jacob,Murphy,J.Murphy,17,3,60,0.2,870,3147,1,0.5,22,0,0,0,1,1,0,0,0,2,0.0,0.1,2.0,0.1,0.5,0.1,0.2,2.0,,,Newcastle,MID,6.0,0,0,0,0
458,Joelinton Cássio,Apolinário de Lira,Joelinton,17,3,55,0.0,56,1179,0,0.0,0,0,0,0,0,0,0,0,0,0,0.0,0.0,0.0,0.0,0.0,0.0,0.0,,,,Newcastle,MID,5.5,0,0,0,0
459,Lewis,Miley,L.Miley,17,3,55,0.1,1646,681,6,3.0,165,0,0,1,1,1,0,0,0,33,15.6,21.4,3.0,4.0,3.0,0.5,1.1,3.0,,,Newcastle,MID,5.5,0,0,0,0
460,Joe,Willock,Willock,17,3,50,0.3,10927,2398,9,4.5,104,1,0,1,1,0,0,0,0,28,38.4,13.9,9.0,6.1,4.5,0.9,1.8,,,,Newcastle,MID,5.0,0,0,0,0
461,Bazoumana,Touré,Touré,17,3,60,0.2,622,5477,1,1.0,1,0,0,0,0,0,0,0,0,3,0.0,0.0,0.0,0.0,0.5,0.1,0.2,,,,Newcastle,MID,6.0,0,0,0,0
462,Sean,Steur,Steur,17,3,50,0.1,885,1301,2,1.0,74,0,0,0,1,0,0,0,0,7,0.4,1.2,0.0,0.2,1.0,0.2,0.4,,,,Newcastle,MID,5.0,0,0,0,0
463,Nick,Woltemade,Woltemade,17,4,60,1.5,8761,35203,4,4.0,19,0,1,0,0,0,0,0,0,17,0.0,0.0,0.0,0.0,2.0,0.3,0.7,,,1.0,Newcastle,FWD,6.0,0,0,1,1
464,Yoane,Wissa,Wissa,17,4,60,4.2,219010,29403,11,5.5,171,1,1,1,1,1,0,0,1,44,20.0,16.3,28.0,6.4,5.5,0.9,1.8,,,3.0,Newcastle,FWD,6.0,0,0,0,0
465,William,Osula,Osula,17,4,60,0.8,20477,35003,4,4.0,55,0,1,0,1,0,0,0,0,18,28.2,13.7,8.0,5.0,2.0,0.3,0.7,,,2.0,Newcastle,FWD,6.0,0,0,0,0
466,Sean,Neave,Neave,17,4,45,0.8,8238,9361,0,0.0,0,0,0,0,0,0,0,0,0,0,0.0,0.0,0.0,0.0,0.0,0.0,0.0,,,,Newcastle,FWD,4.5,0,0,0,0
559,Aladji,Bamba,Bamba,17,3,50,0.1,830,1974,1,1.0,14,0,0,0,1,0,0,0,0,5,4.0,0.0,0.0,0.4,0.5,0.1,0.2,,,,Newcastle,MID,5.0,0,0,0,0
567,Lukás,Hornícek,Horníček,17,1,50,0.7,8347,4963,8,4.0,180,0,0,1,2,1,0,9,0,43,41.2,0.0,0.0,4.1,4.0,0.8,1.6,,,,Newcastle,GK,5.0,0,0,0,0
593,Amar,Dedic,Dedić,17,2,45,0.5,20526,2817,12,6.0,180,0,1,1,2,0,0,0,2,37,16.4,1.2,5.0,2.3,6.0,1.3,2.7,,,,Newcastle,DEF,4.5,0,0,0,0
609,Leo,Shahar,Shahar,17,2,40,0.1,5314,926,0,0.0,0,0,0,0,0,0,0,0,0,0,0.0,0.0,0.0,0.0,0.0,0.0,0.0,,,,Newcastle,DEF,4.0,0,0,0,0
167,Liam,Delap,Delap,18,4,55,0.5,12675,8884,1,1.0,24,0,0,0,1,0,0,0,0,9,0.0,0.0,0.0,0.0,0.5,0.1,0.2,,,3.0,Nott'm Forest,FWD,5.5,0,0,0,0
467,Matz,Sels,Sels,18,1,50,1.5,4162,13195,3,1.5,180,0,0,0,3,0,0,4,0,17,14.2,0.0,0.0,1.4,1.5,0.3,0.6,,,,Nott'm Forest,GK,5.0,0,0,0,0
468,John Victor,Maciel Furtado,John,18,1,45,0.1,207,531,0,0.0,0,0,0,0,0,0,0,0,0,0,0.0,0.0,0.0,0.0,0.0,0.0,0.0,,,,Nott'm Forest,GK,4.5,0,0,0,0
469,Neco,Williams,N.Williams,18,2,50,8.8,18715,93150,8,4.0,180,0,1,0,3,0,0,0,0,29,15.2,5.8,6.0,2.7,4.0,0.8,1.6,2.0,2.0,,Nott'm Forest,DEF,5.0,0,0,0,0
470,Felipe,Rodrigues da Silva,Morato,18,2,50,0.0,266,786,0,0.0,0,0,0,0,0,0,0,0,0,0,0.0,0.0,0.0,0.0,0.0,0.0,0.0,,,,Nott'm Forest,DEF,5.0,0,0,0,0
471,Nikola,Milenković,Milenković,18,2,55,1.8,3265,18724,5,2.5,180,0,0,0,3,0,0,0,0,7,7.6,0.6,14.0,2.2,2.5,0.5,0.9,,,,Nott'm Forest,DEF,5.5,0,0,0,0
472,Murillo,Costa dos Santos,Murillo,18,2,55,1.6,9959,13672,5,2.5,180,0,0,0,3,0,0,0,0,17,32.2,25.9,0.0,5.8,2.5,0.5,0.9,,3.0,,Nott'm Forest,DEF,5.5,0,0,0,0
473,Ola,Aina,Aina,18,2,45,3.5,20884,27586,5,2.5,158,0,0,1,2,2,0,0,0,26,16.0,35.6,11.0,6.3,2.5,0.6,1.1,,,,Nott'm Forest,DEF,4.5,0,0,0,0
474,Jair,Paula da Cunha Filho,Jair Cunha,18,2,45,0.2,379,1752,2,1.0,180,0,0,0,3,1,0,0,0,11,20.8,1.3,0.0,2.2,1.0,0.2,0.4,,,,Nott'm Forest,DEF,4.5,0,0,0,0
475,Nicolò,Savona,Savona,18,2,45,0.0,117,54,0,0.0,0,0,0,0,0,0,0,0,0,0,0.0,0.0,0.0,0.0,0.0,0.0,0.0,,,,Nott'm Forest,DEF,4.5,0,0,0,0
476,Omar,Richards,O.Richards,18,2,40,0.2,607,2279,0,0.0,0,0,0,0,0,0,0,0,0,0,0.0,0.0,0.0,0.0,0.0,0.0,0.0,,,,Nott'm Forest,DEF,4.0,0,0,0,0
477,Zach,Abbott,Abbott,18,2,40,0.2,1197,2522,0,0.0,0,0,0,0,0,0,0,0,0,0,0.0,0.0,0.0,0.0,0.0,0.0,0.0,,,,Nott'm Forest,DEF,4.0,0,0,0,0
478,Luca,Netz,Netz,18,2,45,0.0,136,354,2,1.0,20,0,0,0,1,0,0,0,0,3,0.0,0.9,0.0,0.1,1.0,0.2,0.4,,,,Nott'm Forest,DEF,4.5,0,0,0,0
479,Tyler,Bindon,Bindon,18,2,40,0.2,431,1618,0,0.0,0,0,0,0,0,0,0,0,0,0,0.0,0.0,0.0,0.0,0.0,0.0,0.0,,,,Nott'm Forest,DEF,4.0,0,0,0,0
480,Morgan,Gibbs-White,Gibbs-White,18,3,79,8.4,28219,304784,15,7.5,180,1,1,0,3,0,0,0,3,46,0.0,9.3,16.0,2.4,7.5,0.9,1.9,,1.0,1.0,Nott'm Forest,MID,7.9,0,1,1,1
482,Callum,Hudson-Odoi,Hudson-Odoi,18,3,59,0.2,972,6193,1,1.0,1,0,0,0,0,0,0,0,0,2,0.0,0.0,0.0,0.0,0.5,0.1,0.2,,4.0,,Nott'm Forest,MID,5.9,0,0,0,0
483,Dan,Ndoye,Ndoye,18,3,55,0.5,5906,6113,12,6.0,126,1,0,1,1,0,0,0,2,35,1.4,2.5,0.0,0.4,6.0,1.1,2.2,,,,Nott'm Forest,MID,5.5,0,0,0,0
484,Omari,Hutchinson,Hutchinson,18,3,55,0.2,272,2593,0,0.0,0,0,0,0,0,0,0,0,0,0,0.0,0.0,0.0,0.0,0.0,0.0,0.0,,,,Nott'm Forest,MID,5.5,0,0,0,0
485,Dilane,Bakwa,Bakwa,18,3,55,0.0,107,548,0,0.0,0,0,0,0,0,0,0,0,0,0,0.0,0.0,0.0,0.0,0.0,0.0,0.0,,,,Nott'm Forest,MID,5.5,0,0,0,0
486,James,McAtee,McAtee,18,3,55,0.1,1128,634,5,2.5,163,0,0,1,2,0,0,0,0,34,11.6,42.5,0.0,5.4,2.5,0.5,0.9,1.0,,,Nott'm Forest,MID,5.5,1,0,0,1
487,Nicolás,Domínguez,Dominguez,18,3,50,0.1,271,1209,1,1.0,1,0,0,0,0,0,0,0,0,3,0.0,0.0,0.0,0.0,0.5,0.1,0.2,,,,Nott'm Forest,MID,5.0,0,0,0,0
488,Ibrahim,Sangaré,I.Sangaré,18,3,50,0.8,2912,22820,2,2.0,90,0,0,0,1,0,0,0,0,10,17.8,13.0,3.0,3.4,1.0,0.2,0.4,,,,Nott'm Forest,MID,5.0,0,0,0,0
489,Ryan,Yates,Yates,18,3,45,1.5,4383,39386,0,0.0,0,0,0,0,0,0,0,0,0,0,0.0,0.0,0.0,0.0,0.0,0.0,0.0,,,,Nott'm Forest,MID,4.5,0,0,0,0
490,Chris,Wood,Wood,18,4,60,1.5,5501,35670,1,1.0,28,0,0,0,1,0,0,0,0,3,0.0,2.4,3.0,0.4,0.5,0.1,0.2,,,2.0,Nott'm Forest,FWD,6.0,0,0,0,0
491,Igor Jesus,Maciel da Cruz,Igor Jesus,18,4,60,3.6,13152,68113,3,1.5,180,0,0,0,3,1,0,0,0,12,5.2,6.8,31.0,4.3,1.5,0.2,0.5,,,4.0,Nott'm Forest,FWD,6.0,0,0,0,0
493,Arnaud,Kalimuendo,Kalimuendo,18,4,55,0.1,413,922,1,1.0,1,0,0,0,0,0,0,0,0,3,0.0,0.0,0.0,0.0,0.5,0.1,0.2,,,,Nott'm Forest,FWD,5.5,0,0,0,0
558,Xaver,Schlager,Schlager,18,3,50,0.1,281,1269,5,2.5,106,0,0,0,3,0,0,0,0,18,0.6,1.0,2.0,0.4,2.5,0.5,1.0,3.0,,,Nott'm Forest,MID,5.0,0,0,0,0
581,Ousmane,Diomande,Diomande,18,2,55,0.7,4065,14271,0,0.0,0,0,0,0,0,0,0,0,0,0,0.0,0.0,0.0,0.0,0.0,0.0,0.0,,,,Nott'm Forest,DEF,5.5,0,0,0,0
590,Steven,Benda,Benda,18,1,45,0.1,757,652,0,0.0,0,0,0,0,0,0,0,0,0,0,0.0,0.0,0.0,0.0,0.0,0.0,0.0,,,,Nott'm Forest,GK,4.5,0,0,0,0
112,Jan Paul,van Hecke,Van Hecke,19,2,50,9.3,40460,118060,2,1.0,180,0,0,0,5,0,0,0,0,11,28.2,2.8,2.0,3.3,1.0,0.2,0.4,,,,Spurs,DEF,5.0,0,0,0,0
401,Omar,Marmoush,Marmoush,19,4,70,1.6,62927,23528,2,2.0,90,0,0,0,2,0,0,0,0,13,0.0,0.0,0.0,0.0,1.0,0.1,0.3,,,2.0,Spurs,FWD,7.0,0,0,0,0
403,Sávio,Moreira de Oliveira,Sávio,19,3,65,1.0,64533,10811,0,0.0,0,0,0,0,0,0,0,0,0,0,0.0,0.0,0.0,0.0,0.0,0.0,0.0,,,,Spurs,MID,6.5,0,0,0,0
455,Sandro,Tonali,Tonali,19,3,55,3.7,16236,61741,4,2.0,164,0,0,0,5,0,0,0,0,27,6.2,6.4,8.0,2.1,2.0,0.4,0.7,,5.0,,Spurs,MID,5.5,0,0,0,0
494,Guglielmo,Vicario,Vicario,19,1,45,0.2,0,12642,0,0.0,0,0,0,0,0,0,0,0,0,0,0.0,0.0,0.0,0.0,0.0,0.0,0.0,,,,Spurs,GK,4.5,0,0,0,0
495,Brandon,Austin,Austin,19,1,40,0.9,4126,4213,0,0.0,0,0,0,0,0,0,0,0,0,0,0.0,0.0,0.0,0.0,0.0,0.0,0.0,,,,Spurs,GK,4.0,0,0,0,0
496,Antonín,Kinský,Kinsky,19,1,45,22.3,47587,106588,3,1.5,180,0,0,0,5,0,0,5,0,19,43.6,0.0,0.0,4.4,1.5,0.3,0.7,,,,Spurs,GK,4.5,0,0,0,0
497,Martin,Dubravka,Dubravka,19,1,40,18.4,45404,74094,0,0.0,0,0,0,0,0,0,0,0,0,0,0.0,0.0,0.0,0.0,0.0,0.0,0.0,,,,Spurs,GK,4.0,0,0,0,0
498,Marcos,Senesi Barón,Senesi,19,2,60,7.4,17647,80646,3,3.0,90,0,0,0,3,0,0,0,0,10,36.6,2.2,0.0,3.9,1.5,0.2,0.5,,,,Spurs,DEF,6.0,0,0,0,0
499,Pedro,Porro Sauceda,Pedro Porro,19,2,55,13.4,31110,333624,1,1.0,90,0,0,0,2,0,0,0,0,4,0.0,0.0,0.0,0.0,0.5,0.1,0.2,3.0,1.0,,Spurs,DEF,5.5,0,1,0,1
500,Cristian,Romero,Romero,19,2,50,0.1,0,11694,0,0.0,0,0,0,0,0,0,0,0,0,0,0.0,0.0,0.0,0.0,0.0,0.0,0.0,,,,Spurs,DEF,5.0,0,0,0,0
501,Kevin,Danso,Danso,19,2,50,0.2,1177,2789,0,0.0,0,0,0,0,0,0,0,0,0,0,0.0,0.0,0.0,0.0,0.0,0.0,0.0,,,,Spurs,DEF,5.0,0,0,0,0
502,Andrew,Robertson,Robertson,19,2,45,3.8,24928,28531,5,2.5,157,0,0,0,4,0,0,0,0,20,31.8,19.2,2.0,5.3,2.5,0.6,1.1,1.0,,,Spurs,DEF,4.5,1,0,0,1
503,Micky,van de Ven,Van de Ven,19,2,50,4.3,12076,130693,0,0.0,90,0,0,0,2,1,0,0,0,5,0.0,0.0,0.0,0.0,0.0,0.0,0.0,,,,Spurs,DEF,5.0,0,0,0,0
505,Djed,Spence,Spence,19,2,45,0.4,0,49172,0,0.0,0,0,0,0,0,0,0,0,0,0,0.0,0.0,0.0,0.0,0.0,0.0,0.0,,,,Spurs,DEF,4.5,0,0,0,0
506,Destiny,Udogie,Udogie,19,2,45,0.5,1895,5391,2,1.0,26,0,0,0,1,0,0,0,0,5,0.0,0.7,0.0,0.0,1.0,0.2,0.4,,,,Spurs,DEF,4.5,0,0,0,0
507,Ashley,Phillips,Phillips,19,2,45,0.0,0,714,0,0.0,0,0,0,0,0,0,0,0,0,0,0.0,0.0,0.0,0.0,0.0,0.0,0.0,,,,Spurs,DEF,4.5,0,0,0,0
508,Ben,Davies,Davies,19,2,40,1.0,3379,10115,0,0.0,0,0,0,0,0,0,0,0,0,0,0.0,0.0,0.0,0.0,0.0,0.0,0.0,,,,Spurs,DEF,4.0,0,0,0,0
509,Jun'ai,Byfield,Byfield,19,2,40,0.1,385,638,0,0.0,0,0,0,0,0,0,0,0,0,0,0.0,0.0,0.0,0.0,0.0,0.0,0.0,,,,Spurs,DEF,4.0,0,0,0,0
510,James,Rowswell,Rowswell,19,2,40,0.1,416,803,0,0.0,0,0,0,0,0,0,0,0,0,0,0.0,0.0,0.0,0.0,0.0,0.0,0.0,,,,Spurs,DEF,4.0,0,0,0,0
511,João Victor,de Souza Menezes,Souza,19,2,40,0.3,1488,3060,0,0.0,0,0,0,0,0,0,0,0,0,0,0.0,0.0,0.0,0.0,0.0,0.0,0.0,,,,Spurs,DEF,4.0,0,0,0,0
512,Mohammed,Kudus,Kudus,19,3,65,0.1,477,2708,1,1.0,22,0,0,0,1,0,0,0,0,4,0.0,0.0,0.0,0.0,0.5,0.1,0.2,,3.0,3.0,Spurs,MID,6.5,0,0,0,0
513,Xavi,Simons,Xavi,19,3,60,0.0,95,432,0,0.0,0,0,0,0,0,0,0,0,0,0,0.0,0.0,0.0,0.0,0.0,0.0,0.0,,2.0,4.0,Spurs,MID,6.0,0,0,0,0
514,Mathys,Tel,Tel,19,3,60,0.5,4487,12597,4,2.0,157,0,0,0,4,0,0,0,0,26,10.4,26.0,9.0,4.5,2.0,0.3,0.7,,4.0,,Spurs,MID,6.0,0,0,0,0
515,James,Maddison,Maddison,19,3,64,0.9,2737,43344,1,1.0,22,0,0,0,0,0,0,0,0,6,4.4,8.3,8.0,2.1,0.5,0.1,0.2,,,,Spurs,MID,6.4,0,0,0,0
516,Rodrigo,Bentancur,Bentancur,19,3,55,0.2,757,2313,3,1.5,135,0,0,0,3,0,0,0,0,25,2.0,14.7,0.0,1.7,1.5,0.3,0.5,,,,Spurs,MID,5.5,0,0,0,0
517,Wilson,Odobert,Odobert,19,3,55,0.0,21,26,0,0.0,0,0,0,0,0,0,0,0,0,0,0.0,0.0,0.0,0.0,0.0,0.0,0.0,,,,Spurs,MID,5.5,0,0,0,0
518,Pape Matar,Sarr,P.M.Sarr,19,3,49,0.2,1268,10853,0,0.0,0,0,0,0,0,0,0,0,0,0,0.0,0.0,0.0,0.0,0.0,0.0,0.0,,,,Spurs,MID,4.9,0,0,0,0
519,Conor,Gallagher,Gallagher,19,3,55,0.3,1398,5350,0,0.0,45,0,0,0,2,1,0,0,0,1,0.0,5.5,1.0,0.5,0.0,0.0,0.0,,,,Spurs,MID,5.5,0,0,0,0
520,Lucas,Bergvall,Bergvall,19,3,55,0.2,746,2603,1,1.0,45,0,0,0,2,0,0,0,0,2,0.0,2.0,2.0,0.0,0.5,0.1,0.2,,,,Spurs,MID,5.5,0,0,0,0
521,Dejan,Kulusevski,Kulusevski,19,3,65,0.0,89,269,0,0.0,0,0,0,0,0,0,0,0,0,0,0.0,0.0,0.0,0.0,0.0,0.0,0.0,,,,Spurs,MID,6.5,0,0,0,0
522,Archie,Gray,Gray,19,3,50,0.2,2093,3033,4,2.0,152,0,0,0,4,0,0,0,0,24,6.2,3.3,0.0,1.0,2.0,0.4,0.8,,,,Spurs,MID,5.0,0,0,0,0
523,Mikey,Moore,Moore,19,3,50,0.2,2729,2996,3,1.5,89,0,0,0,4,0,0,0,0,11,14.2,5.9,55.0,7.5,1.5,0.3,0.6,,,,Spurs,MID,5.0,0,0,0,0
524,Callum,Olusesi,Olusesi,19,3,45,0.8,2261,10483,0,0.0,0,0,0,0,0,0,0,0,0,0,0.0,0.0,0.0,0.0,0.0,0.0,0.0,,,,Spurs,MID,4.5,0,0,0,0
525,Mateus,Fernandes,Fernandes,19,3,60,1.6,5319,36263,3,1.5,135,0,0,0,3,0,0,0,0,34,7.2,27.2,2.0,3.6,1.5,0.2,0.5,2.0,,,Spurs,MID,6.0,0,0,0,0
526,Dominic,Solanke-Mitchell,Solanke,19,4,60,1.3,9876,24795,2,1.0,37,0,0,0,0,0,0,0,0,9,0.0,0.0,5.0,0.5,1.0,0.2,0.3,,,1.0,Spurs,FWD,6.0,0,0,1,1
527,Richarlison,de Andrade,Richarlison,19,4,60,2.7,16362,58966,2,2.0,67,0,0,0,3,0,0,0,0,6,0.0,2.2,0.0,0.2,1.0,0.2,0.3,,,5.0,Spurs,FWD,6.0,0,0,0,0
528,Dane,Scarlett,Scarlett,19,4,45,1.8,17111,19888,0,0.0,0,0,0,0,0,0,0,0,0,0,0.0,0.0,0.0,0.0,0.0,0.0,0.0,,,,Spurs,FWD,4.5,0,0,0,0
601,Luca,Williams-Barnett,Williams-Barnett,19,3,45,0.1,3267,832,0,0.0,0,0,0,0,0,0,0,0,0,0,0.0,0.0,0.0,0.0,0.0,0.0,0.0,,,,Spurs,MID,4.5,0,0,0,0
529,Robin,Roefs,Roefs,20,1,50,3.8,5171,37208,1,1.0,90,0,0,0,2,0,0,1,0,7,15.2,0.0,0.0,1.5,0.5,0.1,0.2,,,,Sunderland,GK,5.0,0,0,0,0
530,Anthony,Patterson,Patterson,20,1,40,0.2,0,2589,0,0.0,0,0,0,0,0,0,0,0,0,0,0.0,0.0,0.0,0.0,0.0,0.0,0.0,,,,Sunderland,GK,4.0,0,0,0,0
531,Melker,Ellborg,Ellborg,20,1,45,0.1,244,921,0,0.0,0,0,0,0,0,0,0,0,0,0,0.0,0.0,0.0,0.0,0.0,0.0,0.0,,,,Sunderland,GK,4.5,0,0,0,0
532,Daniel,Ballard,Ballard,20,2,50,4.8,13768,63071,0,0.0,90,0,0,0,2,1,0,0,0,4,18.2,1.2,0.0,1.9,0.0,0.0,0.0,,,,Sunderland,DEF,5.0,0,0,0,0
533,Nordi,Mukiele,Mukiele,20,2,55,2.4,6102,42458,0,0.0,0,0,0,0,0,0,0,0,0,0,0.0,0.0,0.0,0.0,0.0,0.0,0.0,,,,Sunderland,DEF,5.5,0,0,0,0
534,Trai,Hume,Hume,20,2,45,6.2,14614,46774,2,2.0,79,0,0,0,1,0,0,0,0,14,9.4,39.4,13.0,6.2,1.0,0.2,0.4,3.0,,,Sunderland,DEF,4.5,0,0,0,0
535,Omar,Alderete,Alderete,20,2,50,0.4,2861,5828,1,1.0,23,0,0,0,1,0,0,0,0,2,0.0,0.6,0.0,0.0,0.5,0.1,0.2,,,,Sunderland,DEF,5.0,0,0,0,0
536,Reinildo,Mandava,Reinildo,20,2,45,0.4,1054,4029,1,1.0,90,0,0,0,2,0,0,0,0,9,23.0,27.5,4.0,5.5,0.5,0.1,0.2,,,,Sunderland,DEF,4.5,0,0,0,0
537,Jenson,Seelt,Seelt,20,2,45,0.0,61,208,0,0.0,0,0,0,0,0,0,0,0,0,0,0.0,0.0,0.0,0.0,0.0,0.0,0.0,,,,Sunderland,DEF,4.5,0,0,0,0
538,Leo Fuhr,Hjelde,Hjelde,20,2,40,0.1,0,1108,0,0.0,0,0,0,0,0,0,0,0,0,0,0.0,0.0,0.0,0.0,0.0,0.0,0.0,,,,Sunderland,DEF,4.0,0,0,0,0
539,Luke,O'Nien,O'Nien,20,2,40,3.4,5149,19788,1,1.0,66,0,0,0,1,1,0,0,0,1,11.4,1.4,4.0,1.7,0.5,0.1,0.2,,,,Sunderland,DEF,4.0,0,0,0,0
540,Arthur,Masuaku,Masuaku,20,2,40,0.2,0,5455,0,0.0,0,0,0,0,0,0,0,0,0,0,0.0,0.0,0.0,0.0,0.0,0.0,0.0,,,,Sunderland,DEF,4.0,0,0,0,0
541,Thomas,Meunier,Meunier,20,2,45,0.3,1064,1959,1,1.0,90,0,0,0,2,0,0,0,0,5,13.8,5.3,11.0,3.0,0.5,0.1,0.2,,,,Sunderland,DEF,4.5,0,0,0,0
542,Enzo,Le Fée,E.Le Fée,20,3,60,8.3,12417,139482,2,2.0,79,0,0,0,1,0,0,0,0,13,4.6,9.9,0.0,1.5,1.0,0.2,0.3,1.0,2.0,2.0,Sunderland,MID,6.0,1,0,0,1
543,Habib,Diarra,Diarra,20,3,55,0.1,374,1309,1,1.0,10,0,0,0,1,0,0,0,0,3,0.4,0.6,2.0,0.3,0.5,0.1,0.2,,,1.0,Sunderland,MID,5.5,0,0,1,1
544,Granit,Xhaka,Xhaka,20,3,55,4.7,47254,22209,9,9.0,90,0,1,0,2,0,0,0,2,31,18.8,31.4,0.0,5.0,4.5,0.8,1.6,2.0,1.0,,Sunderland,MID,5.5,0,1,0,1
545,Noah,Sadiki,Sadiki,20,3,50,0.3,1344,4000,2,2.0,90,0,0,0,2,0,0,0,0,18,14.6,32.1,25.0,7.2,1.0,0.2,0.4,,,,Sunderland,MID,5.0,0,0,0,0
546,Simon,Adingra,Adingra,20,3,49,0.1,87,3853,0,0.0,0,0,0,0,0,0,0,0,0,0,0.0,0.0,0.0,0.0,0.0,0.0,0.0,,,,Sunderland,MID,4.9,0,0,0,0
547,Romaine,Mundle,Mundle,20,3,50,0.0,49,166,0,0.0,0,0,0,0,0,0,0,0,0,0,0.0,0.0,0.0,0.0,0.0,0.0,0.0,,,,Sunderland,MID,5.0,0,0,0,0
548,Chris,Rigg,Rigg,20,3,50,0.1,117,707,1,1.0,10,0,0,0,1,0,0,0,0,3,0.0,0.3,0.0,0.0,0.5,0.1,0.2,,,,Sunderland,MID,5.0,0,0,0,0
549,Chemsdine,Talbi,Talbi,20,3,55,0.2,323,3191,1,1.0,31,0,0,0,1,0,0,0,0,1,0.0,0.9,0.0,0.0,0.5,0.1,0.2,,,,Sunderland,MID,5.5,0,0,0,0
550,Djiamgone Jocelin Ta,Bi,Jocelin.T,20,3,50,0.0,59,115,0,0.0,0,0,0,0,0,0,0,0,0,0,0.0,0.0,0.0,0.0,0.0,0.0,0.0,,,,Sunderland,MID,5.0,0,0,0,0
551,Nilson,Angulo,Angulo,20,3,50,0.1,5845,1623,5,5.0,58,1,0,0,1,1,0,0,0,23,32.8,3.3,16.0,5.2,2.5,0.5,1.0,,3.0,,Sunderland,MID,5.0,0,0,0,0
552,Brian,Brobbey,Brobbey,20,4,60,12.5,43604,144522,2,2.0,66,0,0,0,1,0,0,0,0,1,0.0,1.5,9.0,1.1,1.0,0.2,0.3,,,,Sunderland,FWD,6.0,0,0,0,0
553,Wilson,Isidor,Isidor,20,4,55,0.9,2885,14368,1,1.0,23,0,0,0,1,0,0,0,0,3,0.0,0.2,0.0,0.0,0.5,0.1,0.2,,,,Sunderland,FWD,5.5,0,0,0,0
612,Dayann,Méthalie,Methalie,20,2,45,0.0,111,38,0,0.0,0,0,0,0,0,0,0,0,0,0,0.0,0.0,0.0,0.0,0.0,0.0,0.0,,,,Sunderland,DEF,4.5,0,0,0,0
613,Jules,Ahoka,Ahoka,20,3,45,0.1,4603,776,0,0.0,0,0,0,0,0,0,0,0,0,0,0.0,0.0,0.0,0.0,0.0,0.0,0.0,,,,Sunderland,MID,4.5,0,0,0,0
