name,position,team,GW,opponent_team,was_home,total_points,minutes,goals_scored,assists,clean_sheets,goals_conceded,own_goals,penalties_saved,penalties_missed,yellow_cards,red_cards,saves,bonus,bps,influence,creativity,threat,ict_index,transfers_in,transfers_out,selected,value,season,season_year,form_last3,form_last5,minutes_reliability_season,cumulative_points_season,avg_points_per_game_season,goals_per_game_season,assists_per_game_season,clean_sheet_rate_season,saves_per_game_season,points_per_million,is_new_to_pl,adjG_per_90,adjA_per_90,league_multiplier,season_reliability,data_source,data_confidence
Dário Luís Essugo,MID,Chelsea,0,,False,0,32.0,0.0,0.0,0.0,0,0,0,0,0.0,0.0,0.0,0,0,0.0,0.0,0.0,0.0,0,0,0,4.5,2023-24,2024,0.0,0.0,0.1,0,0.0,0.0,0.0,0.0,0.0,0.0,1,0.0,0.0,0.78,0.1,stage4a,0.1
Dário Luís Essugo,MID,Chelsea,0,,False,0,1162.0,0.0,0.0,0.0,0,0,0,0,3.0,0.0,0.0,0,0,0.0,0.0,0.0,0.0,0,0,0,4.5,2023-24,2024,0.0,0.0,1.0,0,0.0,0.0,0.0,0.0,0.0,0.0,1,0.0,0.0,0.78,1.0,stage4a,1.0
Mateus Fernandes,MID,Spurs,0,,False,0,256.0,0.0,1.0,0.0,0,0,0,0,1.0,0.0,0.0,0,0,0.0,0.0,0.0,0.0,0,0,0,6.0,2023-24,2024,0.0,0.0,1.0,0,0.0,0.0,0.27299999999999996,0.0,0.0,0.0,1,0.0,0.27299999999999996,0.78,1.0,stage4a,1.0
Mateus Fernandes,MID,Spurs,0,,False,0,2233.0,1.0,2.0,0.0,0,0,0,0,6.0,0.0,0.0,0,0,0.0,0.0,0.0,0.0,0,0,0,6.0,2023-24,2024,0.0,0.0,1.0,0,0.0,0.031200000000000002,0.062400000000000004,0.0,0.0,0.0,1,0.031200000000000002,0.062400000000000004,0.78,1.0,stage4a,1.0
Mateus Fernandes,MID,Spurs,0,,False,0,3.0,0.0,0.0,0.0,0,0,0,0,0.0,0.0,0.0,0,0,0.0,0.0,0.0,0.0,0,0,0,6.0,2023-24,2024,0.0,0.0,0.1,0,0.0,0.0,0.0,0.0,0.0,0.0,1,0.0,0.0,0.78,0.1,stage4a,0.1
Hidemasa Morita,MID,Hull City,0,,False,0,2140.0,2.0,4.0,0.0,0,0,0,0,3.0,0.0,0.0,0,0,0.0,0.0,0.0,0.0,0,0,0,5.0,2023-24,2024,0.0,0.0,1.0,0,0.0,0.062400000000000004,0.13260000000000002,0.0,0.0,0.0,1,0.062400000000000004,0.13260000000000002,0.78,1.0,stage4a,1.0
Dário Luís Essugo,MID,Chelsea,0,,False,0,18.0,0.0,0.0,0.0,0,0,0,0,0.0,0.0,0.0,0,0,0.0,0.0,0.0,0.0,0,0,0,4.5,2024-25,2025,0.0,0.0,0.1,0,0.0,0.0,0.0,0.0,0.0,0.0,1,0.0,0.0,0.78,0.1,stage4a,0.1
Mateus Fernandes,MID,Spurs,0,,False,0,1311.0,0.0,6.0,0.0,0,0,0,0,5.0,0.0,0.0,0,0,0.0,0.0,0.0,0.0,0,0,0,6.0,2024-25,2025,0.0,0.0,0.5,0,0.0,0.0,0.3198,0.0,0.0,0.0,1,0.0,0.3198,0.78,0.5,stage4a,0.5
Mateus Fernandes,MID,Spurs,0,,False,0,26.0,0.0,0.0,0.0,0,0,0,0,0.0,0.0,0.0,0,0,0.0,0.0,0.0,0.0,0,0,0,6.0,2024-25,2025,0.0,0.0,0.1,0,0.0,0.0,0.0,0.0,0.0,0.0,1,0.0,0.0,0.78,0.1,stage4a,0.1
Joao Gomes,MID,Aston Villa,0,,False,0,2344.0,3.0,1.0,0.0,0,0,0,0,3.0,0.0,0.0,0,0,0.0,0.0,0.0,0.0,0,0,0,5.5,2024-25,2025,0.0,0.0,1.0,0,0.0,0.0936,0.031200000000000002,0.0,0.0,0.0,1,0.0936,0.031200000000000002,0.78,1.0,stage4a,1.0
Hidemasa Morita,MID,Hull City,0,,False,0,1294.0,2.0,3.0,0.0,0,0,0,0,1.0,0.0,0.0,0,0,0.0,0.0,0.0,0.0,0,0,0,5.0,2024-25,2025,0.0,0.0,1.0,0,0.0,0.10920000000000002,0.1638,0.0,0.0,0.0,1,0.10920000000000002,0.1638,0.78,1.0,stage4a,1.0
Geovany Quenda,MID,Chelsea,0,,False,0,2253.0,2.0,4.0,0.0,0,0,0,0,2.0,0.0,0.0,0,0,0.0,0.0,0.0,0.0,0,0,0,5.5,2024-25,2025,0.0,0.0,1.0,0,0.0,0.062400000000000004,0.12480000000000001,0.0,0.0,0.0,1,0.062400000000000004,0.12480000000000001,0.78,1.0,stage4a,1.0
Mateus Fernandes,MID,Spurs,0,,False,0,1120.0,1.0,1.0,0.0,0,0,0,0,4.0,1.0,0.0,0,0,0.0,0.0,0.0,0.0,0,0,0,6.0,2025-26,2026,0.0,0.0,1.0,0,0.0,0.062400000000000004,0.062400000000000004,0.0,0.0,0.0,1,0.062400000000000004,0.062400000000000004,0.78,1.0,stage4a,1.0
Joao Gomes,MID,Aston Villa,0,,False,0,2306.0,1.0,5.0,0.0,0,0,0,0,3.0,0.0,0.0,0,0,0.0,0.0,0.0,0.0,0,0,0,5.5,2025-26,2026,0.0,0.0,1.0,0,0.0,0.031200000000000002,0.15600000000000003,0.0,0.0,0.0,1,0.031200000000000002,0.15600000000000003,0.78,1.0,stage4a,1.0
Hidemasa Morita,MID,Hull City,0,,False,0,1825.0,1.0,4.0,0.0,0,0,0,0,3.0,0.0,0.0,0,0,0.0,0.0,0.0,0.0,0,0,0,5.0,2025-26,2026,0.0,0.0,1.0,0,0.0,0.03900000000000001,0.15600000000000003,0.0,0.0,0.0,1,0.03900000000000001,0.15600000000000003,0.78,1.0,stage4a,1.0
Geovany Quenda,MID,Chelsea,0,,False,0,884.0,2.0,5.0,0.0,0,0,0,0,0.0,0.0,0.0,0,0,0.0,0.0,0.0,0.0,0,0,0,5.5,2025-26,2026,0.0,0.0,0.5,0,0.0,0.15600000000000003,0.39780000000000004,0.0,0.0,0.0,1,0.15600000000000003,0.39780000000000004,0.78,0.5,stage4a,0.5
Amine Adli,MID,Leverkusen,0,,False,0,898.0,4.0,6.0,0.0,0,0,0,0,5.0,0.0,0.0,0,0,0.0,0.0,0.0,0.0,0,0,0,5.0,2023-24,2024,0.0,0.0,0.5,0,0.0,0.35600000000000004,0.534,0.0,0.0,0.0,1,0.35600000000000004,0.534,0.89,0.5,stage4a,0.5
Leon Goretzka,MID,Aston Villa,0,,False,0,2241.0,6.0,7.0,0.0,0,0,0,0,3.0,0.0,0.0,0,0,0.0,0.0,0.0,0.0,0,0,0,6.0,2023-24,2024,0.0,0.0,1.0,0,0.0,0.21359999999999998,0.24920000000000003,0.0,0.0,0.0,1,0.21359999999999998,0.24920000000000003,0.89,1.0,stage4a,1.0
Exequiel Palacios,MID,Ipswich Town,0,,False,0,1831.0,4.0,4.0,0.0,0,0,0,0,6.0,0.0,0.0,0,0,0.0,0.0,0.0,0.0,0,0,0,5.0,2023-24,2024,0.0,0.0,1.0,0,0.0,0.17800000000000002,0.17800000000000002,0.0,0.0,0.0,1,0.17800000000000002,0.17800000000000002,0.89,1.0,stage4a,1.0
Xaver Schlager,MID,Nott'm Forest,0,,False,0,2477.0,0.0,5.0,0.0,0,0,0,0,7.0,0.0,0.0,0,0,0.0,0.0,0.0,0.0,0,0,0,5.0,2023-24,2024,0.0,0.0,1.0,0,0.0,0.0,0.1602,0.0,0.0,0.0,1,0.0,0.1602,0.89,1.0,stage4a,1.0
Amine Adli,MID,Leverkusen,0,,False,0,766.0,2.0,0.0,0.0,0,0,0,0,3.0,0.0,0.0,0,0,0.0,0.0,0.0,0.0,0,0,0,5.0,2024-25,2025,0.0,0.0,0.5,0,0.0,0.20470000000000002,0.0,0.0,0.0,0.0,1,0.20470000000000002,0.0,0.89,0.5,stage4a,0.5
Leon Goretzka,MID,Aston Villa,0,,False,0,1325.0,4.0,1.0,0.0,0,0,0,0,2.0,0.0,0.0,0,0,0.0,0.0,0.0,0.0,0,0,0,6.0,2024-25,2025,0.0,0.0,0.5,0,0.0,0.2403,0.06230000000000001,0.0,0.0,0.0,1,0.2403,0.06230000000000001,0.89,0.5,stage4a,0.5
Johan Manzambi,MID,Aston Villa,0,,False,0,335.0,2.0,1.0,0.0,0,0,0,0,2.0,0.0,0.0,0,0,0.0,0.0,0.0,0.0,0,0,0,6.0,2024-25,2025,0.0,0.0,0.5,0,0.0,0.4806,0.2403,0.0,0.0,0.0,1,0.4806,0.2403,0.89,0.5,stage4a,0.5
Exequiel Palacios,MID,Ipswich Town,0,,False,0,1155.0,1.0,6.0,0.0,0,0,0,0,2.0,0.0,0.0,0,0,0.0,0.0,0.0,0.0,0,0,0,5.0,2024-25,2025,0.0,0.0,0.5,0,0.0,0.0712,0.4183,0.0,0.0,0.0,1,0.0712,0.4183,0.89,0.5,stage4a,0.5
Xaver Schlager,MID,Nott'm Forest,0,,False,0,181.0,0.0,0.0,0.0,0,0,0,0,1.0,0.0,0.0,0,0,0.0,0.0,0.0,0.0,0,0,0,5.0,2024-25,2025,0.0,0.0,0.5,0,0.0,0.0,0.0,0.0,0.0,0.0,1,0.0,0.0,0.89,0.5,stage4a,0.5
Bazoumana Touré,MID,Newcastle,0,,False,0,609.0,0.0,3.0,0.0,0,0,0,0,1.0,0.0,0.0,0,0,0.0,0.0,0.0,0.0,0,0,0,6.0,2024-25,2025,0.0,0.0,0.5,0,0.0,0.0,0.3916,0.0,0.0,0.0,1,0.0,0.3916,0.89,0.5,stage4a,0.5
Claudio Echeverri,MID,Man City,0,,False,0,134.0,0.0,0.0,0.0,0,0,0,0,0.0,0.0,0.0,0,0,0.0,0.0,0.0,0.0,0,0,0,5.0,2025-26,2026,0.0,0.0,0.1,0,0.0,0.0,0.0,0.0,0.0,0.0,1,0.0,0.0,0.89,0.1,stage4a,0.1
Leon Goretzka,MID,Aston Villa,0,,False,0,1947.0,5.0,3.0,0.0,0,0,0,0,4.0,0.0,0.0,0,0,0.0,0.0,0.0,0.0,0,0,0,6.0,2025-26,2026,0.0,0.0,1.0,0,0.0,0.20470000000000002,0.12460000000000002,0.0,0.0,0.0,1,0.20470000000000002,0.12460000000000002,0.89,1.0,stage4a,1.0
Johan Manzambi,MID,Aston Villa,0,,False,0,2077.0,5.0,4.0,0.0,0,0,0,0,4.0,2.0,0.0,0,0,0.0,0.0,0.0,0.0,0,0,0,6.0,2025-26,2026,0.0,0.0,1.0,0,0.0,0.1958,0.15130000000000002,0.0,0.0,0.0,1,0.1958,0.15130000000000002,0.89,1.0,stage4a,1.0
Ibrahim Osman,MID,Brighton,0,,False,0,1849.0,3.0,4.0,0.0,0,0,0,0,2.0,0.0,0.0,0,0,0.0,0.0,0.0,0.0,0,0,0,5.0,2025-26,2026,0.0,0.0,1.0,0,0.0,0.1335,0.1691,0.0,0.0,0.0,1,0.1335,0.1691,0.89,1.0,stage4a,1.0
Exequiel Palacios,MID,Ipswich Town,0,,False,0,1099.0,0.0,1.0,0.0,0,0,0,0,3.0,0.0,0.0,0,0,0.0,0.0,0.0,0.0,0,0,0,5.0,2025-26,2026,0.0,0.0,1.0,0,0.0,0.0,0.0712,0.0,0.0,0.0,1,0.0,0.0712,0.89,1.0,stage4a,1.0
Xaver Schlager,MID,Nott'm Forest,0,,False,0,1837.0,3.0,1.0,0.0,0,0,0,0,6.0,0.0,0.0,0,0,0.0,0.0,0.0,0.0,0,0,0,5.0,2025-26,2026,0.0,0.0,1.0,0,0.0,0.1335,0.044500000000000005,0.0,0.0,0.0,1,0.1335,0.044500000000000005,0.89,1.0,stage4a,1.0
Bazoumana Touré,MID,Newcastle,0,,False,0,2308.0,5.0,9.0,0.0,0,0,0,0,2.0,0.0,0.0,0,0,0.0,0.0,0.0,0.0,0,0,0,6.0,2025-26,2026,0.0,0.0,1.0,0,0.0,0.1691,0.3115,0.0,0.0,0.0,1,0.1691,0.3115,0.89,1.0,stage4a,1.0
Mohamed-Ali Cho,MID,Hull City,0,,False,0,249.0,0.0,0.0,0.0,0,0,0,0,0.0,0.0,0.0,0,0,0.0,0.0,0.0,0.0,0,0,0,5.0,2023-24,2024,0.0,0.0,0.1,0,0.0,0.0,0.0,0.0,0.0,0.0,1,0.0,0.0,0.92,0.1,stage4a,0.1
Ibrahim Osman,MID,Brighton,0,,False,0,277.0,0.0,0.0,0.0,0,0,0,0,0.0,0.0,0.0,0,0,0.0,0.0,0.0,0.0,0,0,0,5.0,2023-24,2024,0.0,0.0,0.5,0,0.0,0.0,0.0,0.0,0.0,0.0,1,0.0,0.0,0.92,0.5,stage4a,0.5
Dário Luís Essugo,MID,Chelsea,0,,False,0,1938.0,1.0,0.0,0.0,0,0,0,0,11.0,2.0,0.0,0,0,0.0,0.0,0.0,0.0,0,0,0,4.5,2024-25,2025,0.0,0.0,1.0,0,0.0,0.046000000000000006,0.0,0.0,0.0,0.0,1,0.046000000000000006,0.0,0.92,1.0,stage4a,1.0
Victor Munoz,MID,Liverpool,0,,False,0,36.0,0.0,0.0,0.0,0,0,0,0,0.0,0.0,0.0,0,0,0.0,0.0,0.0,0.0,0,0,0,6.5,2024-25,2025,0.0,0.0,0.1,0,0.0,0.0,0.0,0.0,0.0,0.0,1,0.0,0.0,0.92,0.1,stage4a,0.1
Claudio Echeverri,MID,Man City,0,,False,0,624.0,1.0,1.0,0.0,0,0,0,0,4.0,0.0,0.0,0,0,0.0,0.0,0.0,0.0,0,0,0,5.0,2025-26,2026,0.0,0.0,0.5,0,0.0,0.12880000000000003,0.12880000000000003,0.0,0.0,0.0,1,0.12880000000000003,0.12880000000000003,0.92,0.5,stage4a,0.5
Abu Kamara,MID,Hull City,0,,False,0,256.0,0.0,0.0,0.0,0,0,0,0,1.0,0.0,0.0,0,0,0.0,0.0,0.0,0.0,0,0,0,5.0,2025-26,2026,0.0,0.0,0.1,0,0.0,0.0,0.0,0.0,0.0,0.0,1,0.0,0.0,0.92,0.1,stage4a,0.1
Victor Munoz,MID,Liverpool,0,,False,0,2656.0,6.0,2.0,0.0,0,0,0,0,3.0,0.0,0.0,0,0,0.0,0.0,0.0,0.0,0,0,0,6.5,2025-26,2026,0.0,0.0,1.0,0,0.0,0.18400000000000002,0.06440000000000001,0.0,0.0,0.0,1,0.18400000000000002,0.06440000000000001,0.92,1.0,stage4a,1.0
César Palacios,MID,Fulham,0,,False,0,86.0,0.0,0.0,0.0,0,0,0,0,0.0,0.0,0.0,0,0,0.0,0.0,0.0,0.0,0,0,0,5.5,2025-26,2026,0.0,0.0,0.1,0,0.0,0.0,0.0,0.0,0.0,0.0,1,0.0,0.0,0.92,0.1,stage4a,0.1
Samuel Iling-Junior,MID,Aston Villa,0,,False,0,810.0,1.0,2.0,0.0,0,0,0,0,1.0,0.0,0.0,0,0,0.0,0.0,0.0,0.0,0,0,0,5.0,2023-24,2024,0.0,0.0,0.5,0,0.0,0.0968,0.1936,0.0,0.0,0.0,1,0.0968,0.1936,0.88,0.5,stage4a,0.5
Ibrahim Osman,MID,Brighton,0,,False,0,1339.0,2.0,0.0,0.0,0,0,0,0,4.0,0.0,0.0,0,0,0.0,0.0,0.0,0.0,0,0,0,5.0,2023-24,2024,0.0,0.0,1.0,0,0.0,0.1144,0.0,0.0,0.0,0.0,1,0.1144,0.0,0.88,1.0,stage4a,1.0
Lucas Gourna-Douath,MID,Hull City,0,,False,0,229.0,0.0,0.0,0.0,0,0,0,0,2.0,0.0,0.0,0,0,0.0,0.0,0.0,0.0,0,0,0,5.0,2024-25,2025,0.0,0.0,0.5,0,0.0,0.0,0.0,0.0,0.0,0.0,1,0.0,0.0,0.89,0.5,stage4a,0.5
Samuel Iling-Junior,MID,Aston Villa,0,,False,0,118.0,1.0,0.0,0.0,0,0,0,0,0.0,0.0,0.0,0,0,0.0,0.0,0.0,0.0,0,0,0,5.0,2024-25,2025,0.0,0.0,0.1,0,0.0,0.6688000000000001,0.0,0.0,0.0,0.0,1,0.6688000000000001,0.0,0.88,0.1,stage4a,0.1
Ibrahim Osman,MID,Brighton,0,,False,0,283.0,2.0,0.0,0.0,0,0,0,0,1.0,0.0,0.0,0,0,0.0,0.0,0.0,0.0,0,0,0,5.0,2024-25,2025,0.0,0.0,0.5,0,0.0,0.5632,0.0,0.0,0.0,0.0,1,0.5632,0.0,0.88,0.5,stage4a,0.5
Samuel Iling-Junior,MID,Aston Villa,0,,False,0,110.0,0.0,0.0,0.0,0,0,0,0,0.0,0.0,0.0,0,0,0.0,0.0,0.0,0.0,0,0,0,5.0,2025-26,2026,0.0,0.0,0.1,0,0.0,0.0,0.0,0.0,0.0,0.0,1,0.0,0.0,0.88,0.1,stage4a,0.1
Ibrahim Osman,MID,Brighton,0,,False,0,860.0,1.0,0.0,0.0,0,0,0,0,2.0,0.0,0.0,0,0,0.0,0.0,0.0,0.0,0,0,0,5.0,2025-26,2026,0.0,0.0,0.5,0,0.0,0.08800000000000001,0.0,0.0,0.0,0.0,1,0.08800000000000001,0.0,0.88,0.5,stage4a,0.5
Ibrahim Osman,MID,Brighton,0,,False,0,45.0,0.0,0.0,0.0,0,0,0,0,1.0,0.0,0.0,0,0,0.0,0.0,0.0,0.0,0,0,0,5.0,2025-26,2026,0.0,0.0,0.1,0,0.0,0.0,0.0,0.0,0.0,0.0,1,0.0,0.0,0.88,0.1,stage4a,0.1
Eliot Matazo,MID,Hull City,0,,False,0,341.0,1.0,0.0,0.0,0,0,0,0,1.0,0.0,0.0,0,0,0.0,0.0,0.0,0.0,0,0,0,4.5,2023-24,2024,0.0,0.0,0.5,0,0.0,0.19240000000000002,0.0,0.0,0.0,0.0,1,0.19240000000000002,0.0,0.74,0.5,stage4a,0.5
César Palacios,MID,Fulham,0,,False,0,1.0,0.0,0.0,0.0,0,0,0,0,0.0,0.0,0.0,0,0,0.0,0.0,0.0,0.0,0,0,0,5.5,2024-25,2025,0.0,0.0,0.1,0,0.0,0.0,0.0,0.0,0.0,0.0,1,0.0,0.0,0.92,0.1,stage4a,0.1
Jules Ahoka,MID,Sunderland,0,,False,0,99.0,0.0,0.0,0.0,0,0,0,0,0.0,0.0,0.0,0,0,0.0,0.0,0.0,0.0,0,0,0,4.5,2025-26,2026,0.0,0.0,0.5,0,0.0,0.0,0.0,0.0,0.0,0.0,1,0.0,0.0,1.0,0.5,stage4a,0.5
César Palacios,MID,Fulham,0,,False,0,222.0,0.0,1.0,0.0,0,0,0,0,0.0,0.0,0.0,0,0,0.0,0.0,0.0,0.0,0,0,0,5.5,2025-26,2026,0.0,0.0,0.1,0,0.0,0.0,0.3772,0.0,0.0,0.0,1,0.0,0.3772,0.92,0.1,stage4a,0.1
Mohamed-Ali Cho,MID,Hull City,0,,False,0,861.0,1.0,2.0,0.0,0,0,0,0,2.0,0.0,0.0,0,0,0.0,0.0,0.0,0.0,0,0,0,5.0,2023-24,2024,0.0,0.0,0.5,0,0.0,0.082,0.1722,0.0,0.0,0.0,1,0.082,0.1722,0.82,0.5,stage4a,0.5
Ayyoub Bouaddi,MID,Man City,0,,False,0,131.0,0.0,0.0,0.0,0,0,0,0,3.0,1.0,0.0,0,0,0.0,0.0,0.0,0.0,0,0,0,5.5,2023-24,2024,0.0,0.0,0.1,0,0.0,0.0,0.0,0.0,0.0,0.0,1,0.0,0.0,0.82,0.1,stage4a,0.1
Ibrahim Osman,MID,Brighton,0,,False,0,32.0,0.0,0.0,0.0,0,0,0,0,0.0,0.0,0.0,0,0,0.0,0.0,0.0,0.0,0,0,0,5.0,2023-24,2024,0.0,0.0,0.5,0,0.0,0.0,0.0,0.0,0.0,0.0,1,0.0,0.0,0.82,0.5,stage4a,0.5
Eliot Matazo,MID,Hull City,0,,False,0,102.0,0.0,1.0,0.0,0,0,0,0,2.0,0.0,0.0,0,0,0.0,0.0,0.0,0.0,0,0,0,4.5,2023-24,2024,0.0,0.0,0.1,0,0.0,0.0,0.7215999999999999,0.0,0.0,0.0,1,0.0,0.7215999999999999,0.82,0.1,stage4a,0.1
Azor Matusiwa,MID,Ipswich Town,0,,False,0,1385.0,1.0,0.0,0.0,0,0,0,0,3.0,0.0,0.0,0,0,0.0,0.0,0.0,0.0,0,0,0,5.0,2023-24,2024,0.0,0.0,1.0,0,0.0,0.049199999999999994,0.0,0.0,0.0,0.0,1,0.049199999999999994,0.0,0.82,1.0,stage4a,1.0
Azor Matusiwa,MID,Ipswich Town,0,,False,0,794.0,0.0,1.0,0.0,0,0,0,0,2.0,0.0,0.0,0,0,0.0,0.0,0.0,0.0,0,0,0,5.0,2023-24,2024,0.0,0.0,1.0,0,0.0,0.0,0.09019999999999999,0.0,0.0,0.0,1,0.0,0.09019999999999999,0.82,1.0,stage4a,1.0
Mohamed-Ali Cho,MID,Hull City,0,,False,0,1621.0,3.0,4.0,0.0,0,0,0,0,2.0,0.0,0.0,0,0,0.0,0.0,0.0,0.0,0,0,0,5.0,2024-25,2025,0.0,0.0,1.0,0,0.0,0.1394,0.18039999999999998,0.0,0.0,0.0,1,0.1394,0.18039999999999998,0.82,1.0,stage4a,1.0
Ayyoub Bouaddi,MID,Man City,0,,False,0,1151.0,0.0,1.0,0.0,0,0,0,0,2.0,0.0,0.0,0,0,0.0,0.0,0.0,0.0,0,0,0,5.5,2024-25,2025,0.0,0.0,0.5,0,0.0,0.0,0.06559999999999999,0.0,0.0,0.0,1,0.0,0.06559999999999999,0.82,0.5,stage4a,0.5
Eliot Matazo,MID,Hull City,0,,False,0,68.0,0.0,0.0,0.0,0,0,0,0,0.0,0.0,0.0,0,0,0.0,0.0,0.0,0.0,0,0,0,4.5,2024-25,2025,0.0,0.0,0.1,0,0.0,0.0,0.0,0.0,0.0,0.0,1,0.0,0.0,0.82,0.1,stage4a,0.1
Azor Matusiwa,MID,Ipswich Town,0,,False,0,2078.0,1.0,3.0,0.0,0,0,0,0,3.0,0.0,0.0,0,0,0.0,0.0,0.0,0.0,0,0,0,5.0,2024-25,2025,0.0,0.0,1.0,0,0.0,0.032799999999999996,0.1066,0.0,0.0,0.0,1,0.032799999999999996,0.1066,0.82,1.0,stage4a,1.0
Victor Torp,MID,Coventry City,0,,False,0,36.0,0.0,0.0,0.0,0,0,0,0,0.0,0.0,0.0,0,0,0.0,0.0,0.0,0.0,0,0,0,5.5,2024-25,2025,0.0,0.0,0.1,0,0.0,0.0,0.0,0.0,0.0,0.0,1,0.0,0.0,0.82,0.1,stage4a,0.1
Mohamed-Ali Cho,MID,Hull City,0,,False,0,1667.0,4.0,3.0,0.0,0,0,0,0,1.0,0.0,0.0,0,0,0.0,0.0,0.0,0.0,0,0,0,5.0,2025-26,2026,0.0,0.0,1.0,0,0.0,0.18039999999999998,0.13119999999999998,0.0,0.0,0.0,1,0.18039999999999998,0.13119999999999998,0.82,1.0,stage4a,1.0
Aladji Bamba,MID,Newcastle,0,,False,0,816.0,0.0,2.0,0.0,0,0,0,0,2.0,0.0,0.0,0,0,0.0,0.0,0.0,0.0,0,0,0,5.0,2025-26,2026,0.0,0.0,0.5,0,0.0,0.0,0.18039999999999998,0.0,0.0,0.0,1,0.0,0.18039999999999998,0.82,0.5,stage4a,0.5
Ayyoub Bouaddi,MID,Man City,0,,False,0,2321.0,0.0,1.0,0.0,0,0,0,0,7.0,1.0,0.0,0,0,0.0,0.0,0.0,0.0,0,0,0,5.5,2025-26,2026,0.0,0.0,1.0,0,0.0,0.0,0.032799999999999996,0.0,0.0,0.0,1,0.0,0.032799999999999996,0.82,1.0,stage4a,1.0
Lucas Gourna-Douath,MID,Hull City,0,,False,0,1272.0,0.0,0.0,0.0,0,0,0,0,5.0,0.0,0.0,0,0,0.0,0.0,0.0,0.0,0,0,0,5.0,2025-26,2026,0.0,0.0,1.0,0,0.0,0.0,0.0,0.0,0.0,0.0,1,0.0,0.0,0.89,1.0,stage4a,1.0
Ibrahim Osman,MID,Brighton,0,,False,0,9.0,0.0,0.0,0.0,0,0,0,0,0.0,0.0,0.0,0,0,0.0,0.0,0.0,0.0,0,0,0,5.0,2025-26,2026,0.0,0.0,0.1,0,0.0,0.0,0.0,0.0,0.0,0.0,1,0.0,0.0,0.82,0.1,stage4a,0.1
Ibrahim Osman,MID,Brighton,0,,False,0,625.0,0.0,2.0,0.0,0,0,0,0,0.0,0.0,0.0,0,0,0.0,0.0,0.0,0.0,0,0,0,5.0,2025-26,2026,0.0,0.0,0.5,0,0.0,0.0,0.23779999999999996,0.0,0.0,0.0,1,0.0,0.23779999999999996,0.82,0.5,stage4a,0.5
Ibrahim Osman,MID,Brighton,0,,False,0,180.0,0.0,1.0,0.0,0,0,0,0,0.0,0.0,0.0,0,0,0.0,0.0,0.0,0.0,0,0,0,5.0,2023-24,2024,0.0,0.0,1.0,0,0.0,0.0,0.375,0.0,0.0,0.0,1,0.0,0.375,0.75,1.0,stage4a,1.0
Ibrahim Osman,MID,Brighton,0,,False,0,790.0,3.0,3.0,0.0,0,0,0,0,2.0,0.0,0.0,0,0,0.0,0.0,0.0,0.0,0,0,0,5.0,2024-25,2025,0.0,0.0,0.5,0,0.0,0.255,0.255,0.0,0.0,0.0,1,0.255,0.255,0.75,0.5,stage4a,0.5
Sean Steur,MID,Newcastle,0,,False,0,8.0,0.0,0.0,0.0,0,0,0,0,0.0,0.0,0.0,0,0,0.0,0.0,0.0,0.0,0,0,0,5.0,2024-25,2025,0.0,0.0,0.1,0,0.0,0.0,0.0,0.0,0.0,0.0,1,0.0,0.0,0.75,0.1,stage4a,0.1
James McConnell,MID,Liverpool,0,,False,0,104.0,0.0,0.0,0.0,0,0,0,0,0.0,0.0,0.0,0,0,0.0,0.0,0.0,0.0,0,0,0,4.5,2025-26,2026,0.0,0.0,0.1,0,0.0,0.0,0.0,0.0,0.0,0.0,1,0.0,0.0,0.75,0.1,stage4a,0.1
Sean Steur,MID,Newcastle,0,,False,0,1129.0,1.0,1.0,0.0,0,0,0,0,2.0,0.0,0.0,0,0,0.0,0.0,0.0,0.0,0,0,0,5.0,2025-26,2026,0.0,0.0,1.0,0,0.0,0.06,0.06,0.0,0.0,0.0,1,0.06,0.06,0.75,1.0,stage4a,1.0
Zadok Yohanna,MID,Brighton,0,,False,0,0.0,0.0,0.0,0.0,0,0,0,0,0.0,0.0,0.0,0,0,0.0,0.0,0.0,0.0,0,0,0,5.0,N/A,0,0.0,0.0,0.1,0,0.0,0.0,0.0,0.0,0.0,0.0,1,0.0,0.0,1.0,0.1,stage4a,0.1
Caleb Yirenkyi,MID,Coventry City,0,,False,0,0.0,0.0,0.0,0.0,0,0,0,0,0.0,0.0,0.0,0,0,0.0,0.0,0.0,0.0,0,0,0,5.0,N/A,0,0.0,0.0,0.1,0,0.0,0.0,0.0,0.0,0.0,0.0,1,0.0,0.0,1.0,0.1,stage4a,0.1
Zavier Gozo,MID,Crystal Palace,0,,False,0,0.0,0.0,0.0,0.0,0,0,0,0,0.0,0.0,0.0,0,0,0.0,0.0,0.0,0.0,0,0,0,5.0,N/A,0,0.0,0.0,0.1,0,0.0,0.0,0.0,0.0,0.0,0.0,1,0.0,0.0,1.0,0.1,stage4a,0.1
Jens Hjertø-Dahl,MID,Hull City,0,,False,0,0.0,0.0,0.0,0.0,0,0,0,0,0.0,0.0,0.0,0,0,0.0,0.0,0.0,0.0,0,0,0,5.0,N/A,0,0.0,0.0,0.1,0,0.0,0.0,0.0,0.0,0.0,0.0,1,0.0,0.0,1.0,0.1,stage4a,0.1
Elliot Stroud,MID,Hull City,0,,False,0,0.0,0.0,0.0,0.0,0,0,0,0,0.0,0.0,0.0,0,0,0.0,0.0,0.0,0.0,0,0,0,5.0,N/A,0,0.0,0.0,0.1,0,0.0,0.0,0.0,0.0,0.0,0.0,1,0.0,0.0,1.0,0.1,stage4a,0.1
Daizen Maeda,MID,Ipswich Town,0,,False,0,0.0,0.0,0.0,0.0,0,0,0,0,0.0,0.0,0.0,0,0,0.0,0.0,0.0,0.0,0,0,0,5.5,N/A,0,0.0,0.0,0.1,0,0.0,0.0,0.0,0.0,0.0,0.0,1,0.0,0.0,1.0,0.1,stage4a,0.1
Divine Mukasa,MID,Man City,0,,False,0,0.0,0.0,0.0,0.0,0,0,0,0,0.0,0.0,0.0,0,0,0.0,0.0,0.0,0.0,0,0,0,4.5,N/A,0,0.0,0.0,0.1,0,0.0,0.0,0.0,0.0,0.0,0.0,1,0.0,0.0,1.0,0.1,stage4a,0.1
